Removing conda version miniforge3-24.7.1
No conda package cache directories found outside your home directory. To
prevent conda from filling up your home directory, you can create a new
directory at `/work/pi_<your_pi_name>/$USER/.conda/pkgs` and reload the module. 
No conda environment directories found outside your home directory. To prevent
conda from filling up your home directory, you can create a new directory at
`/work/pi_<your_pi_name>/$USER/.conda/envs` and reload the module. 
Loading conda version miniforge3-24.7.1
Welcome to eht-imaging! v 1.2.9 

KerrLow
Loading hdf5 image:  /project/u2grc/Nikola/newSimulations/KerrLow/ipole/n_-1_res_160/image_torus.out0.03000.h5
   assuming source M87: ra 12.514 hr: dec 12.391 deg
Loading hdf5 image:  /project/u2grc/Nikola/newSimulations/KerrLow/ipole/n_-1_res_160/image_torus.out0.03001.h5
   assuming source M87: ra 12.514 hr: dec 12.391 deg
Loading hdf5 image:  /project/u2grc/Nikola/newSimulations/KerrLow/ipole/n_-1_res_160/image_torus.out0.03002.h5
   assuming source M87: ra 12.514 hr: dec 12.391 deg
Loading hdf5 image:  /project/u2grc/Nikola/newSimulations/KerrLow/ipole/n_-1_res_160/image_torus.out0.03003.h5
   assuming source M87: ra 12.514 hr: dec 12.391 deg
Loading hdf5 image:  /project/u2grc/Nikola/newSimulations/KerrLow/ipole/n_-1_res_160/image_torus.out0.03004.h5
   assuming source M87: ra 12.514 hr: dec 12.391 deg
Loading hdf5 image:  /project/u2grc/Nikola/newSimulations/KerrLow/ipole/n_-1_res_160/image_torus.out0.03005.h5
   assuming source M87: ra 12.514 hr: dec 12.391 deg
Loading hdf5 image:  /project/u2grc/Nikola/newSimulations/KerrLow/ipole/n_-1_res_160/image_torus.out0.03006.h5
   assuming source M87: ra 12.514 hr: dec 12.391 deg
Loading hdf5 image:  /project/u2grc/Nikola/newSimulations/KerrLow/ipole/n_-1_res_160/image_torus.out0.03007.h5
   assuming source M87: ra 12.514 hr: dec 12.391 deg
Loading hdf5 image:  /project/u2grc/Nikola/newSimulations/KerrLow/ipole/n_-1_res_160/image_torus.out0.03008.h5
   assuming source M87: ra 12.514 hr: dec 12.391 deg
Loading hdf5 image:  /project/u2grc/Nikola/newSimulations/KerrLow/ipole/n_-1_res_160/image_torus.out0.03009.h5
   assuming source M87: ra 12.514 hr: dec 12.391 deg
Loading hdf5 image:  /project/u2grc/Nikola/newSimulations/KerrLow/ipole/n_-1_res_160/image_torus.out0.03010.h5
   assuming source M87: ra 12.514 hr: dec 12.391 deg
Loading hdf5 image:  /project/u2grc/Nikola/newSimulations/KerrLow/ipole/n_-1_res_160/image_torus.out0.03011.h5
   assuming source M87: ra 12.514 hr: dec 12.391 deg
Loading hdf5 image:  /project/u2grc/Nikola/newSimulations/KerrLow/ipole/n_-1_res_160/image_torus.out0.03012.h5
   assuming source M87: ra 12.514 hr: dec 12.391 deg
Loading hdf5 image:  /project/u2grc/Nikola/newSimulations/KerrLow/ipole/n_-1_res_160/image_torus.out0.03013.h5
   assuming source M87: ra 12.514 hr: dec 12.391 deg
Loading hdf5 image:  /project/u2grc/Nikola/newSimulations/KerrLow/ipole/n_-1_res_160/image_torus.out0.03014.h5
   assuming source M87: ra 12.514 hr: dec 12.391 deg
Loading hdf5 image:  /project/u2grc/Nikola/newSimulations/KerrLow/ipole/n_-1_res_160/image_torus.out0.03015.h5
   assuming source M87: ra 12.514 hr: dec 12.391 deg
Loading hdf5 image:  /project/u2grc/Nikola/newSimulations/KerrLow/ipole/n_-1_res_160/image_torus.out0.03016.h5
   assuming source M87: ra 12.514 hr: dec 12.391 deg
Loading hdf5 image:  /project/u2grc/Nikola/newSimulations/KerrLow/ipole/n_-1_res_160/image_torus.out0.03017.h5
   assuming source M87: ra 12.514 hr: dec 12.391 deg
Loading hdf5 image:  /project/u2grc/Nikola/newSimulations/KerrLow/ipole/n_-1_res_160/image_torus.out0.03018.h5
   assuming source M87: ra 12.514 hr: dec 12.391 deg
Loading hdf5 image:  /project/u2grc/Nikola/newSimulations/KerrLow/ipole/n_-1_res_160/image_torus.out0.03019.h5
   assuming source M87: ra 12.514 hr: dec 12.391 deg
Loading hdf5 image:  /project/u2grc/Nikola/newSimulations/KerrLow/ipole/n_-1_res_160/image_torus.out0.03020.h5
   assuming source M87: ra 12.514 hr: dec 12.391 deg
Loading hdf5 image:  /project/u2grc/Nikola/newSimulations/KerrLow/ipole/n_-1_res_160/image_torus.out0.03021.h5
   assuming source M87: ra 12.514 hr: dec 12.391 deg
Loading hdf5 image:  /project/u2grc/Nikola/newSimulations/KerrLow/ipole/n_-1_res_160/image_torus.out0.03022.h5
   assuming source M87: ra 12.514 hr: dec 12.391 deg
Loading hdf5 image:  /project/u2grc/Nikola/newSimulations/KerrLow/ipole/n_-1_res_160/image_torus.out0.03023.h5
   assuming source M87: ra 12.514 hr: dec 12.391 deg
Loading hdf5 image:  /project/u2grc/Nikola/newSimulations/KerrLow/ipole/n_-1_res_160/image_torus.out0.03024.h5
   assuming source M87: ra 12.514 hr: dec 12.391 deg
Loading hdf5 image:  /project/u2grc/Nikola/newSimulations/KerrLow/ipole/n_-1_res_160/image_torus.out0.03025.h5
   assuming source M87: ra 12.514 hr: dec 12.391 deg
Loading hdf5 image:  /project/u2grc/Nikola/newSimulations/KerrLow/ipole/n_-1_res_160/image_torus.out0.03026.h5
   assuming source M87: ra 12.514 hr: dec 12.391 deg
Loading hdf5 image:  /project/u2grc/Nikola/newSimulations/KerrLow/ipole/n_-1_res_160/image_torus.out0.03027.h5
   assuming source M87: ra 12.514 hr: dec 12.391 deg
Loading hdf5 image:  /project/u2grc/Nikola/newSimulations/KerrLow/ipole/n_-1_res_160/image_torus.out0.03028.h5
   assuming source M87: ra 12.514 hr: dec 12.391 deg
Loading hdf5 image:  /project/u2grc/Nikola/newSimulations/KerrLow/ipole/n_-1_res_160/image_torus.out0.03029.h5
   assuming source M87: ra 12.514 hr: dec 12.391 deg
Loading hdf5 image:  /project/u2grc/Nikola/newSimulations/KerrLow/ipole/n_-1_res_160/image_torus.out0.03030.h5
   assuming source M87: ra 12.514 hr: dec 12.391 deg
Loading hdf5 image:  /project/u2grc/Nikola/newSimulations/KerrLow/ipole/n_-1_res_160/image_torus.out0.03031.h5
   assuming source M87: ra 12.514 hr: dec 12.391 deg
Loading hdf5 image:  /project/u2grc/Nikola/newSimulations/KerrLow/ipole/n_-1_res_160/image_torus.out0.03032.h5
   assuming source M87: ra 12.514 hr: dec 12.391 deg
Loading hdf5 image:  /project/u2grc/Nikola/newSimulations/KerrLow/ipole/n_-1_res_160/image_torus.out0.03033.h5
   assuming source M87: ra 12.514 hr: dec 12.391 deg
Loading hdf5 image:  /project/u2grc/Nikola/newSimulations/KerrLow/ipole/n_-1_res_160/image_torus.out0.03034.h5
   assuming source M87: ra 12.514 hr: dec 12.391 deg
Loading hdf5 image:  /project/u2grc/Nikola/newSimulations/KerrLow/ipole/n_-1_res_160/image_torus.out0.03035.h5
   assuming source M87: ra 12.514 hr: dec 12.391 deg
Loading hdf5 image:  /project/u2grc/Nikola/newSimulations/KerrLow/ipole/n_-1_res_160/image_torus.out0.03036.h5
   assuming source M87: ra 12.514 hr: dec 12.391 deg
Loading hdf5 image:  /project/u2grc/Nikola/newSimulations/KerrLow/ipole/n_-1_res_160/image_torus.out0.03037.h5
   assuming source M87: ra 12.514 hr: dec 12.391 deg
Loading hdf5 image:  /project/u2grc/Nikola/newSimulations/KerrLow/ipole/n_-1_res_160/image_torus.out0.03038.h5
   assuming source M87: ra 12.514 hr: dec 12.391 deg
Loading hdf5 image:  /project/u2grc/Nikola/newSimulations/KerrLow/ipole/n_-1_res_160/image_torus.out0.03039.h5
   assuming source M87: ra 12.514 hr: dec 12.391 deg
Loading hdf5 image:  /project/u2grc/Nikola/newSimulations/KerrLow/ipole/n_-1_res_160/image_torus.out0.03040.h5
   assuming source M87: ra 12.514 hr: dec 12.391 deg
Loading hdf5 image:  /project/u2grc/Nikola/newSimulations/KerrLow/ipole/n_-1_res_160/image_torus.out0.03041.h5
   assuming source M87: ra 12.514 hr: dec 12.391 deg
Loading hdf5 image:  /project/u2grc/Nikola/newSimulations/KerrLow/ipole/n_-1_res_160/image_torus.out0.03042.h5
   assuming source M87: ra 12.514 hr: dec 12.391 deg
Loading hdf5 image:  /project/u2grc/Nikola/newSimulations/KerrLow/ipole/n_-1_res_160/image_torus.out0.03043.h5
   assuming source M87: ra 12.514 hr: dec 12.391 deg
Loading hdf5 image:  /project/u2grc/Nikola/newSimulations/KerrLow/ipole/n_-1_res_160/image_torus.out0.03044.h5
   assuming source M87: ra 12.514 hr: dec 12.391 deg
Loading hdf5 image:  /project/u2grc/Nikola/newSimulations/KerrLow/ipole/n_-1_res_160/image_torus.out0.03045.h5
   assuming source M87: ra 12.514 hr: dec 12.391 deg
Loading hdf5 image:  /project/u2grc/Nikola/newSimulations/KerrLow/ipole/n_-1_res_160/image_torus.out0.03046.h5
   assuming source M87: ra 12.514 hr: dec 12.391 deg
Loading hdf5 image:  /project/u2grc/Nikola/newSimulations/KerrLow/ipole/n_-1_res_160/image_torus.out0.03047.h5
   assuming source M87: ra 12.514 hr: dec 12.391 deg
Loading hdf5 image:  /project/u2grc/Nikola/newSimulations/KerrLow/ipole/n_-1_res_160/image_torus.out0.03048.h5
   assuming source M87: ra 12.514 hr: dec 12.391 deg
Loading hdf5 image:  /project/u2grc/Nikola/newSimulations/KerrLow/ipole/n_-1_res_160/image_torus.out0.03049.h5
   assuming source M87: ra 12.514 hr: dec 12.391 deg
Loading hdf5 image:  /project/u2grc/Nikola/newSimulations/KerrLow/ipole/n_-1_res_160/image_torus.out0.03050.h5
   assuming source M87: ra 12.514 hr: dec 12.391 deg
Loading hdf5 image:  /project/u2grc/Nikola/newSimulations/KerrLow/ipole/n_-1_res_160/image_torus.out0.03051.h5
   assuming source M87: ra 12.514 hr: dec 12.391 deg
Loading hdf5 image:  /project/u2grc/Nikola/newSimulations/KerrLow/ipole/n_-1_res_160/image_torus.out0.03052.h5
   assuming source M87: ra 12.514 hr: dec 12.391 deg
Loading hdf5 image:  /project/u2grc/Nikola/newSimulations/KerrLow/ipole/n_-1_res_160/image_torus.out0.03053.h5
   assuming source M87: ra 12.514 hr: dec 12.391 deg
Loading hdf5 image:  /project/u2grc/Nikola/newSimulations/KerrLow/ipole/n_-1_res_160/image_torus.out0.03054.h5
   assuming source M87: ra 12.514 hr: dec 12.391 deg
Loading hdf5 image:  /project/u2grc/Nikola/newSimulations/KerrLow/ipole/n_-1_res_160/image_torus.out0.03055.h5
   assuming source M87: ra 12.514 hr: dec 12.391 deg
Loading hdf5 image:  /project/u2grc/Nikola/newSimulations/KerrLow/ipole/n_-1_res_160/image_torus.out0.03056.h5
   assuming source M87: ra 12.514 hr: dec 12.391 deg
Loading hdf5 image:  /project/u2grc/Nikola/newSimulations/KerrLow/ipole/n_-1_res_160/image_torus.out0.03057.h5
   assuming source M87: ra 12.514 hr: dec 12.391 deg
Loading hdf5 image:  /project/u2grc/Nikola/newSimulations/KerrLow/ipole/n_-1_res_160/image_torus.out0.03058.h5
   assuming source M87: ra 12.514 hr: dec 12.391 deg
Loading hdf5 image:  /project/u2grc/Nikola/newSimulations/KerrLow/ipole/n_-1_res_160/image_torus.out0.03059.h5
   assuming source M87: ra 12.514 hr: dec 12.391 deg
Loading hdf5 image:  /project/u2grc/Nikola/newSimulations/KerrLow/ipole/n_-1_res_160/image_torus.out0.03060.h5
   assuming source M87: ra 12.514 hr: dec 12.391 deg
Loading hdf5 image:  /project/u2grc/Nikola/newSimulations/KerrLow/ipole/n_-1_res_160/image_torus.out0.03061.h5
   assuming source M87: ra 12.514 hr: dec 12.391 deg
Loading hdf5 image:  /project/u2grc/Nikola/newSimulations/KerrLow/ipole/n_-1_res_160/image_torus.out0.03062.h5
   assuming source M87: ra 12.514 hr: dec 12.391 deg
Loading hdf5 image:  /project/u2grc/Nikola/newSimulations/KerrLow/ipole/n_-1_res_160/image_torus.out0.03063.h5
   assuming source M87: ra 12.514 hr: dec 12.391 deg
Loading hdf5 image:  /project/u2grc/Nikola/newSimulations/KerrLow/ipole/n_-1_res_160/image_torus.out0.03064.h5
   assuming source M87: ra 12.514 hr: dec 12.391 deg
Loading hdf5 image:  /project/u2grc/Nikola/newSimulations/KerrLow/ipole/n_-1_res_160/image_torus.out0.03065.h5
   assuming source M87: ra 12.514 hr: dec 12.391 deg
Loading hdf5 image:  /project/u2grc/Nikola/newSimulations/KerrLow/ipole/n_-1_res_160/image_torus.out0.03066.h5
   assuming source M87: ra 12.514 hr: dec 12.391 deg
Loading hdf5 image:  /project/u2grc/Nikola/newSimulations/KerrLow/ipole/n_-1_res_160/image_torus.out0.03067.h5
   assuming source M87: ra 12.514 hr: dec 12.391 deg
Loading hdf5 image:  /project/u2grc/Nikola/newSimulations/KerrLow/ipole/n_-1_res_160/image_torus.out0.03068.h5
   assuming source M87: ra 12.514 hr: dec 12.391 deg
Loading hdf5 image:  /project/u2grc/Nikola/newSimulations/KerrLow/ipole/n_-1_res_160/image_torus.out0.03069.h5
   assuming source M87: ra 12.514 hr: dec 12.391 deg
Loading hdf5 image:  /project/u2grc/Nikola/newSimulations/KerrLow/ipole/n_-1_res_160/image_torus.out0.03070.h5
   assuming source M87: ra 12.514 hr: dec 12.391 deg
Loading hdf5 image:  /project/u2grc/Nikola/newSimulations/KerrLow/ipole/n_-1_res_160/image_torus.out0.03071.h5
   assuming source M87: ra 12.514 hr: dec 12.391 deg
Loading hdf5 image:  /project/u2grc/Nikola/newSimulations/KerrLow/ipole/n_-1_res_160/image_torus.out0.03072.h5
   assuming source M87: ra 12.514 hr: dec 12.391 deg
Loading hdf5 image:  /project/u2grc/Nikola/newSimulations/KerrLow/ipole/n_-1_res_160/image_torus.out0.03073.h5
   assuming source M87: ra 12.514 hr: dec 12.391 deg
Loading hdf5 image:  /project/u2grc/Nikola/newSimulations/KerrLow/ipole/n_-1_res_160/image_torus.out0.03074.h5
   assuming source M87: ra 12.514 hr: dec 12.391 deg
Loading hdf5 image:  /project/u2grc/Nikola/newSimulations/KerrLow/ipole/n_-1_res_160/image_torus.out0.03075.h5
   assuming source M87: ra 12.514 hr: dec 12.391 deg
Loading hdf5 image:  /project/u2grc/Nikola/newSimulations/KerrLow/ipole/n_-1_res_160/image_torus.out0.03076.h5
   assuming source M87: ra 12.514 hr: dec 12.391 deg
Loading hdf5 image:  /project/u2grc/Nikola/newSimulations/KerrLow/ipole/n_-1_res_160/image_torus.out0.03077.h5
   assuming source M87: ra 12.514 hr: dec 12.391 deg
Loading hdf5 image:  /project/u2grc/Nikola/newSimulations/KerrLow/ipole/n_-1_res_160/image_torus.out0.03078.h5
   assuming source M87: ra 12.514 hr: dec 12.391 deg
Loading hdf5 image:  /project/u2grc/Nikola/newSimulations/KerrLow/ipole/n_-1_res_160/image_torus.out0.03079.h5
   assuming source M87: ra 12.514 hr: dec 12.391 deg
Loading hdf5 image:  /project/u2grc/Nikola/newSimulations/KerrLow/ipole/n_-1_res_160/image_torus.out0.03080.h5
   assuming source M87: ra 12.514 hr: dec 12.391 deg
Loading hdf5 image:  /project/u2grc/Nikola/newSimulations/KerrLow/ipole/n_-1_res_160/image_torus.out0.03081.h5
   assuming source M87: ra 12.514 hr: dec 12.391 deg
Loading hdf5 image:  /project/u2grc/Nikola/newSimulations/KerrLow/ipole/n_-1_res_160/image_torus.out0.03082.h5
   assuming source M87: ra 12.514 hr: dec 12.391 deg
Loading hdf5 image:  /project/u2grc/Nikola/newSimulations/KerrLow/ipole/n_-1_res_160/image_torus.out0.03083.h5
   assuming source M87: ra 12.514 hr: dec 12.391 deg
Loading hdf5 image:  /project/u2grc/Nikola/newSimulations/KerrLow/ipole/n_-1_res_160/image_torus.out0.03084.h5
   assuming source M87: ra 12.514 hr: dec 12.391 deg
Loading hdf5 image:  /project/u2grc/Nikola/newSimulations/KerrLow/ipole/n_-1_res_160/image_torus.out0.03085.h5
   assuming source M87: ra 12.514 hr: dec 12.391 deg
Loading hdf5 image:  /project/u2grc/Nikola/newSimulations/KerrLow/ipole/n_-1_res_160/image_torus.out0.03086.h5
   assuming source M87: ra 12.514 hr: dec 12.391 deg
Loading hdf5 image:  /project/u2grc/Nikola/newSimulations/KerrLow/ipole/n_-1_res_160/image_torus.out0.03087.h5
   assuming source M87: ra 12.514 hr: dec 12.391 deg
Loading hdf5 image:  /project/u2grc/Nikola/newSimulations/KerrLow/ipole/n_-1_res_160/image_torus.out0.03088.h5
   assuming source M87: ra 12.514 hr: dec 12.391 deg
Loading hdf5 image:  /project/u2grc/Nikola/newSimulations/KerrLow/ipole/n_-1_res_160/image_torus.out0.03089.h5
   assuming source M87: ra 12.514 hr: dec 12.391 deg
Loading hdf5 image:  /project/u2grc/Nikola/newSimulations/KerrLow/ipole/n_-1_res_160/image_torus.out0.03090.h5
   assuming source M87: ra 12.514 hr: dec 12.391 deg
Loading hdf5 image:  /project/u2grc/Nikola/newSimulations/KerrLow/ipole/n_-1_res_160/image_torus.out0.03091.h5
   assuming source M87: ra 12.514 hr: dec 12.391 deg
Loading hdf5 image:  /project/u2grc/Nikola/newSimulations/KerrLow/ipole/n_-1_res_160/image_torus.out0.03092.h5
   assuming source M87: ra 12.514 hr: dec 12.391 deg
Loading hdf5 image:  /project/u2grc/Nikola/newSimulations/KerrLow/ipole/n_-1_res_160/image_torus.out0.03093.h5
   assuming source M87: ra 12.514 hr: dec 12.391 deg
Loading hdf5 image:  /project/u2grc/Nikola/newSimulations/KerrLow/ipole/n_-1_res_160/image_torus.out0.03094.h5
   assuming source M87: ra 12.514 hr: dec 12.391 deg
Loading hdf5 image:  /project/u2grc/Nikola/newSimulations/KerrLow/ipole/n_-1_res_160/image_torus.out0.03095.h5
   assuming source M87: ra 12.514 hr: dec 12.391 deg
Loading hdf5 image:  /project/u2grc/Nikola/newSimulations/KerrLow/ipole/n_-1_res_160/image_torus.out0.03096.h5
   assuming source M87: ra 12.514 hr: dec 12.391 deg
Loading hdf5 image:  /project/u2grc/Nikola/newSimulations/KerrLow/ipole/n_-1_res_160/image_torus.out0.03097.h5
   assuming source M87: ra 12.514 hr: dec 12.391 deg
Loading hdf5 image:  /project/u2grc/Nikola/newSimulations/KerrLow/ipole/n_-1_res_160/image_torus.out0.03098.h5
   assuming source M87: ra 12.514 hr: dec 12.391 deg
Loading hdf5 image:  /project/u2grc/Nikola/newSimulations/KerrLow/ipole/n_-1_res_160/image_torus.out0.03099.h5
   assuming source M87: ra 12.514 hr: dec 12.391 deg
Loading hdf5 image:  /project/u2grc/Nikola/newSimulations/KerrLow/ipole/n_-1_res_160/image_torus.out0.03100.h5
   assuming source M87: ra 12.514 hr: dec 12.391 deg
Loading hdf5 image:  /project/u2grc/Nikola/newSimulations/KerrLow/ipole/n_-1_res_160/image_torus.out0.03101.h5
   assuming source M87: ra 12.514 hr: dec 12.391 deg
Loading hdf5 image:  /project/u2grc/Nikola/newSimulations/KerrLow/ipole/n_-1_res_160/image_torus.out0.03102.h5
   assuming source M87: ra 12.514 hr: dec 12.391 deg
Loading hdf5 image:  /project/u2grc/Nikola/newSimulations/KerrLow/ipole/n_-1_res_160/image_torus.out0.03103.h5
   assuming source M87: ra 12.514 hr: dec 12.391 deg
Loading hdf5 image:  /project/u2grc/Nikola/newSimulations/KerrLow/ipole/n_-1_res_160/image_torus.out0.03104.h5
   assuming source M87: ra 12.514 hr: dec 12.391 deg
Loading hdf5 image:  /project/u2grc/Nikola/newSimulations/KerrLow/ipole/n_-1_res_160/image_torus.out0.03105.h5
   assuming source M87: ra 12.514 hr: dec 12.391 deg
Loading hdf5 image:  /project/u2grc/Nikola/newSimulations/KerrLow/ipole/n_-1_res_160/image_torus.out0.03106.h5
   assuming source M87: ra 12.514 hr: dec 12.391 deg
Loading hdf5 image:  /project/u2grc/Nikola/newSimulations/KerrLow/ipole/n_-1_res_160/image_torus.out0.03107.h5
   assuming source M87: ra 12.514 hr: dec 12.391 deg
Loading hdf5 image:  /project/u2grc/Nikola/newSimulations/KerrLow/ipole/n_-1_res_160/image_torus.out0.03108.h5
   assuming source M87: ra 12.514 hr: dec 12.391 deg
Loading hdf5 image:  /project/u2grc/Nikola/newSimulations/KerrLow/ipole/n_-1_res_160/image_torus.out0.03109.h5
   assuming source M87: ra 12.514 hr: dec 12.391 deg
Loading hdf5 image:  /project/u2grc/Nikola/newSimulations/KerrLow/ipole/n_-1_res_160/image_torus.out0.03110.h5
   assuming source M87: ra 12.514 hr: dec 12.391 deg
Loading hdf5 image:  /project/u2grc/Nikola/newSimulations/KerrLow/ipole/n_-1_res_160/image_torus.out0.03111.h5
   assuming source M87: ra 12.514 hr: dec 12.391 deg
Loading hdf5 image:  /project/u2grc/Nikola/newSimulations/KerrLow/ipole/n_-1_res_160/image_torus.out0.03112.h5
   assuming source M87: ra 12.514 hr: dec 12.391 deg
Loading hdf5 image:  /project/u2grc/Nikola/newSimulations/KerrLow/ipole/n_-1_res_160/image_torus.out0.03113.h5
   assuming source M87: ra 12.514 hr: dec 12.391 deg
Loading hdf5 image:  /project/u2grc/Nikola/newSimulations/KerrLow/ipole/n_-1_res_160/image_torus.out0.03114.h5
   assuming source M87: ra 12.514 hr: dec 12.391 deg
Loading hdf5 image:  /project/u2grc/Nikola/newSimulations/KerrLow/ipole/n_-1_res_160/image_torus.out0.03115.h5
   assuming source M87: ra 12.514 hr: dec 12.391 deg
Loading hdf5 image:  /project/u2grc/Nikola/newSimulations/KerrLow/ipole/n_-1_res_160/image_torus.out0.03116.h5
   assuming source M87: ra 12.514 hr: dec 12.391 deg
Loading hdf5 image:  /project/u2grc/Nikola/newSimulations/KerrLow/ipole/n_-1_res_160/image_torus.out0.03117.h5
   assuming source M87: ra 12.514 hr: dec 12.391 deg
Loading hdf5 image:  /project/u2grc/Nikola/newSimulations/KerrLow/ipole/n_-1_res_160/image_torus.out0.03118.h5
   assuming source M87: ra 12.514 hr: dec 12.391 deg
Loading hdf5 image:  /project/u2grc/Nikola/newSimulations/KerrLow/ipole/n_-1_res_160/image_torus.out0.03119.h5
   assuming source M87: ra 12.514 hr: dec 12.391 deg
Loading hdf5 image:  /project/u2grc/Nikola/newSimulations/KerrLow/ipole/n_-1_res_160/image_torus.out0.03120.h5
   assuming source M87: ra 12.514 hr: dec 12.391 deg
Loading hdf5 image:  /project/u2grc/Nikola/newSimulations/KerrLow/ipole/n_-1_res_160/image_torus.out0.03121.h5
   assuming source M87: ra 12.514 hr: dec 12.391 deg
Loading hdf5 image:  /project/u2grc/Nikola/newSimulations/KerrLow/ipole/n_-1_res_160/image_torus.out0.03122.h5
   assuming source M87: ra 12.514 hr: dec 12.391 deg
Loading hdf5 image:  /project/u2grc/Nikola/newSimulations/KerrLow/ipole/n_-1_res_160/image_torus.out0.03123.h5
   assuming source M87: ra 12.514 hr: dec 12.391 deg
Loading hdf5 image:  /project/u2grc/Nikola/newSimulations/KerrLow/ipole/n_-1_res_160/image_torus.out0.03124.h5
   assuming source M87: ra 12.514 hr: dec 12.391 deg
Loading hdf5 image:  /project/u2grc/Nikola/newSimulations/KerrLow/ipole/n_-1_res_160/image_torus.out0.03125.h5
   assuming source M87: ra 12.514 hr: dec 12.391 deg
Loading hdf5 image:  /project/u2grc/Nikola/newSimulations/KerrLow/ipole/n_-1_res_160/image_torus.out0.03126.h5
   assuming source M87: ra 12.514 hr: dec 12.391 deg
Loading hdf5 image:  /project/u2grc/Nikola/newSimulations/KerrLow/ipole/n_-1_res_160/image_torus.out0.03127.h5
   assuming source M87: ra 12.514 hr: dec 12.391 deg
Loading hdf5 image:  /project/u2grc/Nikola/newSimulations/KerrLow/ipole/n_-1_res_160/image_torus.out0.03128.h5
   assuming source M87: ra 12.514 hr: dec 12.391 deg
Loading hdf5 image:  /project/u2grc/Nikola/newSimulations/KerrLow/ipole/n_-1_res_160/image_torus.out0.03129.h5
   assuming source M87: ra 12.514 hr: dec 12.391 deg
Loading hdf5 image:  /project/u2grc/Nikola/newSimulations/KerrLow/ipole/n_-1_res_160/image_torus.out0.03130.h5
   assuming source M87: ra 12.514 hr: dec 12.391 deg
Loading hdf5 image:  /project/u2grc/Nikola/newSimulations/KerrLow/ipole/n_-1_res_160/image_torus.out0.03131.h5
   assuming source M87: ra 12.514 hr: dec 12.391 deg
Loading hdf5 image:  /project/u2grc/Nikola/newSimulations/KerrLow/ipole/n_-1_res_160/image_torus.out0.03132.h5
   assuming source M87: ra 12.514 hr: dec 12.391 deg
Loading hdf5 image:  /project/u2grc/Nikola/newSimulations/KerrLow/ipole/n_-1_res_160/image_torus.out0.03133.h5
   assuming source M87: ra 12.514 hr: dec 12.391 deg
Loading hdf5 image:  /project/u2grc/Nikola/newSimulations/KerrLow/ipole/n_-1_res_160/image_torus.out0.03134.h5
   assuming source M87: ra 12.514 hr: dec 12.391 deg
Loading hdf5 image:  /project/u2grc/Nikola/newSimulations/KerrLow/ipole/n_-1_res_160/image_torus.out0.03135.h5
   assuming source M87: ra 12.514 hr: dec 12.391 deg
Loading hdf5 image:  /project/u2grc/Nikola/newSimulations/KerrLow/ipole/n_-1_res_160/image_torus.out0.03136.h5
   assuming source M87: ra 12.514 hr: dec 12.391 deg
Loading hdf5 image:  /project/u2grc/Nikola/newSimulations/KerrLow/ipole/n_-1_res_160/image_torus.out0.03137.h5
   assuming source M87: ra 12.514 hr: dec 12.391 deg
Loading hdf5 image:  /project/u2grc/Nikola/newSimulations/KerrLow/ipole/n_-1_res_160/image_torus.out0.03138.h5
   assuming source M87: ra 12.514 hr: dec 12.391 deg
Loading hdf5 image:  /project/u2grc/Nikola/newSimulations/KerrLow/ipole/n_-1_res_160/image_torus.out0.03139.h5
   assuming source M87: ra 12.514 hr: dec 12.391 deg
Loading hdf5 image:  /project/u2grc/Nikola/newSimulations/KerrLow/ipole/n_-1_res_160/image_torus.out0.03140.h5
   assuming source M87: ra 12.514 hr: dec 12.391 deg
Loading hdf5 image:  /project/u2grc/Nikola/newSimulations/KerrLow/ipole/n_-1_res_160/image_torus.out0.03141.h5
   assuming source M87: ra 12.514 hr: dec 12.391 deg
Loading hdf5 image:  /project/u2grc/Nikola/newSimulations/KerrLow/ipole/n_-1_res_160/image_torus.out0.03142.h5
   assuming source M87: ra 12.514 hr: dec 12.391 deg
Loading hdf5 image:  /project/u2grc/Nikola/newSimulations/KerrLow/ipole/n_-1_res_160/image_torus.out0.03143.h5
   assuming source M87: ra 12.514 hr: dec 12.391 deg
Loading hdf5 image:  /project/u2grc/Nikola/newSimulations/KerrLow/ipole/n_-1_res_160/image_torus.out0.03144.h5
   assuming source M87: ra 12.514 hr: dec 12.391 deg
Loading hdf5 image:  /project/u2grc/Nikola/newSimulations/KerrLow/ipole/n_-1_res_160/image_torus.out0.03145.h5
   assuming source M87: ra 12.514 hr: dec 12.391 deg
Loading hdf5 image:  /project/u2grc/Nikola/newSimulations/KerrLow/ipole/n_-1_res_160/image_torus.out0.03146.h5
   assuming source M87: ra 12.514 hr: dec 12.391 deg
Loading hdf5 image:  /project/u2grc/Nikola/newSimulations/KerrLow/ipole/n_-1_res_160/image_torus.out0.03147.h5
   assuming source M87: ra 12.514 hr: dec 12.391 deg
Loading hdf5 image:  /project/u2grc/Nikola/newSimulations/KerrLow/ipole/n_-1_res_160/image_torus.out0.03148.h5
   assuming source M87: ra 12.514 hr: dec 12.391 deg
Loading hdf5 image:  /project/u2grc/Nikola/newSimulations/KerrLow/ipole/n_-1_res_160/image_torus.out0.03149.h5
   assuming source M87: ra 12.514 hr: dec 12.391 deg
Loading hdf5 image:  /project/u2grc/Nikola/newSimulations/KerrLow/ipole/n_-1_res_160/image_torus.out0.03150.h5
   assuming source M87: ra 12.514 hr: dec 12.391 deg
Loading hdf5 image:  /project/u2grc/Nikola/newSimulations/KerrLow/ipole/n_-1_res_160/image_torus.out0.03151.h5
   assuming source M87: ra 12.514 hr: dec 12.391 deg
Loading hdf5 image:  /project/u2grc/Nikola/newSimulations/KerrLow/ipole/n_-1_res_160/image_torus.out0.03152.h5
   assuming source M87: ra 12.514 hr: dec 12.391 deg
Loading hdf5 image:  /project/u2grc/Nikola/newSimulations/KerrLow/ipole/n_-1_res_160/image_torus.out0.03153.h5
   assuming source M87: ra 12.514 hr: dec 12.391 deg
Loading hdf5 image:  /project/u2grc/Nikola/newSimulations/KerrLow/ipole/n_-1_res_160/image_torus.out0.03154.h5
   assuming source M87: ra 12.514 hr: dec 12.391 deg
Loading hdf5 image:  /project/u2grc/Nikola/newSimulations/KerrLow/ipole/n_-1_res_160/image_torus.out0.03155.h5
   assuming source M87: ra 12.514 hr: dec 12.391 deg
Loading hdf5 image:  /project/u2grc/Nikola/newSimulations/KerrLow/ipole/n_-1_res_160/image_torus.out0.03156.h5
   assuming source M87: ra 12.514 hr: dec 12.391 deg
Loading hdf5 image:  /project/u2grc/Nikola/newSimulations/KerrLow/ipole/n_-1_res_160/image_torus.out0.03157.h5
   assuming source M87: ra 12.514 hr: dec 12.391 deg
Loading hdf5 image:  /project/u2grc/Nikola/newSimulations/KerrLow/ipole/n_-1_res_160/image_torus.out0.03158.h5
   assuming source M87: ra 12.514 hr: dec 12.391 deg
Loading hdf5 image:  /project/u2grc/Nikola/newSimulations/KerrLow/ipole/n_-1_res_160/image_torus.out0.03159.h5
   assuming source M87: ra 12.514 hr: dec 12.391 deg
Loading hdf5 image:  /project/u2grc/Nikola/newSimulations/KerrLow/ipole/n_-1_res_160/image_torus.out0.03160.h5
   assuming source M87: ra 12.514 hr: dec 12.391 deg
Loading hdf5 image:  /project/u2grc/Nikola/newSimulations/KerrLow/ipole/n_-1_res_160/image_torus.out0.03161.h5
   assuming source M87: ra 12.514 hr: dec 12.391 deg
Loading hdf5 image:  /project/u2grc/Nikola/newSimulations/KerrLow/ipole/n_-1_res_160/image_torus.out0.03162.h5
   assuming source M87: ra 12.514 hr: dec 12.391 deg
Loading hdf5 image:  /project/u2grc/Nikola/newSimulations/KerrLow/ipole/n_-1_res_160/image_torus.out0.03163.h5
   assuming source M87: ra 12.514 hr: dec 12.391 deg
Loading hdf5 image:  /project/u2grc/Nikola/newSimulations/KerrLow/ipole/n_-1_res_160/image_torus.out0.03164.h5
   assuming source M87: ra 12.514 hr: dec 12.391 deg
Loading hdf5 image:  /project/u2grc/Nikola/newSimulations/KerrLow/ipole/n_-1_res_160/image_torus.out0.03165.h5
   assuming source M87: ra 12.514 hr: dec 12.391 deg
Loading hdf5 image:  /project/u2grc/Nikola/newSimulations/KerrLow/ipole/n_-1_res_160/image_torus.out0.03166.h5
   assuming source M87: ra 12.514 hr: dec 12.391 deg
Loading hdf5 image:  /project/u2grc/Nikola/newSimulations/KerrLow/ipole/n_-1_res_160/image_torus.out0.03167.h5
   assuming source M87: ra 12.514 hr: dec 12.391 deg
Loading hdf5 image:  /project/u2grc/Nikola/newSimulations/KerrLow/ipole/n_-1_res_160/image_torus.out0.03168.h5
   assuming source M87: ra 12.514 hr: dec 12.391 deg
Loading hdf5 image:  /project/u2grc/Nikola/newSimulations/KerrLow/ipole/n_-1_res_160/image_torus.out0.03169.h5
   assuming source M87: ra 12.514 hr: dec 12.391 deg
Loading hdf5 image:  /project/u2grc/Nikola/newSimulations/KerrLow/ipole/n_-1_res_160/image_torus.out0.03170.h5
   assuming source M87: ra 12.514 hr: dec 12.391 deg
Loading hdf5 image:  /project/u2grc/Nikola/newSimulations/KerrLow/ipole/n_-1_res_160/image_torus.out0.03171.h5
   assuming source M87: ra 12.514 hr: dec 12.391 deg
Loading hdf5 image:  /project/u2grc/Nikola/newSimulations/KerrLow/ipole/n_-1_res_160/image_torus.out0.03172.h5
   assuming source M87: ra 12.514 hr: dec 12.391 deg
Loading hdf5 image:  /project/u2grc/Nikola/newSimulations/KerrLow/ipole/n_-1_res_160/image_torus.out0.03173.h5
   assuming source M87: ra 12.514 hr: dec 12.391 deg
Loading hdf5 image:  /project/u2grc/Nikola/newSimulations/KerrLow/ipole/n_-1_res_160/image_torus.out0.03174.h5
   assuming source M87: ra 12.514 hr: dec 12.391 deg
Loading hdf5 image:  /project/u2grc/Nikola/newSimulations/KerrLow/ipole/n_-1_res_160/image_torus.out0.03175.h5
   assuming source M87: ra 12.514 hr: dec 12.391 deg
Loading hdf5 image:  /project/u2grc/Nikola/newSimulations/KerrLow/ipole/n_-1_res_160/image_torus.out0.03176.h5
   assuming source M87: ra 12.514 hr: dec 12.391 deg
Loading hdf5 image:  /project/u2grc/Nikola/newSimulations/KerrLow/ipole/n_-1_res_160/image_torus.out0.03177.h5
   assuming source M87: ra 12.514 hr: dec 12.391 deg
Loading hdf5 image:  /project/u2grc/Nikola/newSimulations/KerrLow/ipole/n_-1_res_160/image_torus.out0.03178.h5
   assuming source M87: ra 12.514 hr: dec 12.391 deg
Loading hdf5 image:  /project/u2grc/Nikola/newSimulations/KerrLow/ipole/n_-1_res_160/image_torus.out0.03179.h5
   assuming source M87: ra 12.514 hr: dec 12.391 deg
Loading hdf5 image:  /project/u2grc/Nikola/newSimulations/KerrLow/ipole/n_-1_res_160/image_torus.out0.03180.h5
   assuming source M87: ra 12.514 hr: dec 12.391 deg
Loading hdf5 image:  /project/u2grc/Nikola/newSimulations/KerrLow/ipole/n_-1_res_160/image_torus.out0.03181.h5
   assuming source M87: ra 12.514 hr: dec 12.391 deg
Loading hdf5 image:  /project/u2grc/Nikola/newSimulations/KerrLow/ipole/n_-1_res_160/image_torus.out0.03182.h5
   assuming source M87: ra 12.514 hr: dec 12.391 deg
Loading hdf5 image:  /project/u2grc/Nikola/newSimulations/KerrLow/ipole/n_-1_res_160/image_torus.out0.03183.h5
   assuming source M87: ra 12.514 hr: dec 12.391 deg
Loading hdf5 image:  /project/u2grc/Nikola/newSimulations/KerrLow/ipole/n_-1_res_160/image_torus.out0.03184.h5
   assuming source M87: ra 12.514 hr: dec 12.391 deg
Loading hdf5 image:  /project/u2grc/Nikola/newSimulations/KerrLow/ipole/n_-1_res_160/image_torus.out0.03185.h5
   assuming source M87: ra 12.514 hr: dec 12.391 deg
Loading hdf5 image:  /project/u2grc/Nikola/newSimulations/KerrLow/ipole/n_-1_res_160/image_torus.out0.03186.h5
   assuming source M87: ra 12.514 hr: dec 12.391 deg
Loading hdf5 image:  /project/u2grc/Nikola/newSimulations/KerrLow/ipole/n_-1_res_160/image_torus.out0.03187.h5
   assuming source M87: ra 12.514 hr: dec 12.391 deg
Loading hdf5 image:  /project/u2grc/Nikola/newSimulations/KerrLow/ipole/n_-1_res_160/image_torus.out0.03188.h5
   assuming source M87: ra 12.514 hr: dec 12.391 deg
Loading hdf5 image:  /project/u2grc/Nikola/newSimulations/KerrLow/ipole/n_-1_res_160/image_torus.out0.03189.h5
   assuming source M87: ra 12.514 hr: dec 12.391 deg
Loading hdf5 image:  /project/u2grc/Nikola/newSimulations/KerrLow/ipole/n_-1_res_160/image_torus.out0.03190.h5
   assuming source M87: ra 12.514 hr: dec 12.391 deg
Loading hdf5 image:  /project/u2grc/Nikola/newSimulations/KerrLow/ipole/n_-1_res_160/image_torus.out0.03191.h5
   assuming source M87: ra 12.514 hr: dec 12.391 deg
Loading hdf5 image:  /project/u2grc/Nikola/newSimulations/KerrLow/ipole/n_-1_res_160/image_torus.out0.03192.h5
   assuming source M87: ra 12.514 hr: dec 12.391 deg
Loading hdf5 image:  /project/u2grc/Nikola/newSimulations/KerrLow/ipole/n_-1_res_160/image_torus.out0.03193.h5
   assuming source M87: ra 12.514 hr: dec 12.391 deg
Loading hdf5 image:  /project/u2grc/Nikola/newSimulations/KerrLow/ipole/n_-1_res_160/image_torus.out0.03194.h5
   assuming source M87: ra 12.514 hr: dec 12.391 deg
Loading hdf5 image:  /project/u2grc/Nikola/newSimulations/KerrLow/ipole/n_-1_res_160/image_torus.out0.03195.h5
   assuming source M87: ra 12.514 hr: dec 12.391 deg
Loading hdf5 image:  /project/u2grc/Nikola/newSimulations/KerrLow/ipole/n_-1_res_160/image_torus.out0.03196.h5
   assuming source M87: ra 12.514 hr: dec 12.391 deg
Loading hdf5 image:  /project/u2grc/Nikola/newSimulations/KerrLow/ipole/n_-1_res_160/image_torus.out0.03197.h5
   assuming source M87: ra 12.514 hr: dec 12.391 deg
Loading hdf5 image:  /project/u2grc/Nikola/newSimulations/KerrLow/ipole/n_-1_res_160/image_torus.out0.03198.h5
   assuming source M87: ra 12.514 hr: dec 12.391 deg
Loading hdf5 image:  /project/u2grc/Nikola/newSimulations/KerrLow/ipole/n_-1_res_160/image_torus.out0.03199.h5
   assuming source M87: ra 12.514 hr: dec 12.391 deg
Loading hdf5 image:  /project/u2grc/Nikola/newSimulations/KerrLow/ipole/n_-1_res_160/image_torus.out0.03200.h5
   assuming source M87: ra 12.514 hr: dec 12.391 deg
Loading hdf5 image:  /project/u2grc/Nikola/newSimulations/KerrLow/ipole/n_-1_res_160/image_torus.out0.03201.h5
   assuming source M87: ra 12.514 hr: dec 12.391 deg
Loading hdf5 image:  /project/u2grc/Nikola/newSimulations/KerrLow/ipole/n_-1_res_160/image_torus.out0.03202.h5
   assuming source M87: ra 12.514 hr: dec 12.391 deg
Loading hdf5 image:  /project/u2grc/Nikola/newSimulations/KerrLow/ipole/n_-1_res_160/image_torus.out0.03203.h5
   assuming source M87: ra 12.514 hr: dec 12.391 deg
Loading hdf5 image:  /project/u2grc/Nikola/newSimulations/KerrLow/ipole/n_-1_res_160/image_torus.out0.03204.h5
   assuming source M87: ra 12.514 hr: dec 12.391 deg
Loading hdf5 image:  /project/u2grc/Nikola/newSimulations/KerrLow/ipole/n_-1_res_160/image_torus.out0.03205.h5
   assuming source M87: ra 12.514 hr: dec 12.391 deg
Loading hdf5 image:  /project/u2grc/Nikola/newSimulations/KerrLow/ipole/n_-1_res_160/image_torus.out0.03206.h5
   assuming source M87: ra 12.514 hr: dec 12.391 deg
Loading hdf5 image:  /project/u2grc/Nikola/newSimulations/KerrLow/ipole/n_-1_res_160/image_torus.out0.03207.h5
   assuming source M87: ra 12.514 hr: dec 12.391 deg
Loading hdf5 image:  /project/u2grc/Nikola/newSimulations/KerrLow/ipole/n_-1_res_160/image_torus.out0.03208.h5
   assuming source M87: ra 12.514 hr: dec 12.391 deg
Loading hdf5 image:  /project/u2grc/Nikola/newSimulations/KerrLow/ipole/n_-1_res_160/image_torus.out0.03209.h5
   assuming source M87: ra 12.514 hr: dec 12.391 deg
Loading hdf5 image:  /project/u2grc/Nikola/newSimulations/KerrLow/ipole/n_-1_res_160/image_torus.out0.03210.h5
   assuming source M87: ra 12.514 hr: dec 12.391 deg
Loading hdf5 image:  /project/u2grc/Nikola/newSimulations/KerrLow/ipole/n_-1_res_160/image_torus.out0.03211.h5
   assuming source M87: ra 12.514 hr: dec 12.391 deg
Loading hdf5 image:  /project/u2grc/Nikola/newSimulations/KerrLow/ipole/n_-1_res_160/image_torus.out0.03212.h5
   assuming source M87: ra 12.514 hr: dec 12.391 deg
Loading hdf5 image:  /project/u2grc/Nikola/newSimulations/KerrLow/ipole/n_-1_res_160/image_torus.out0.03213.h5
   assuming source M87: ra 12.514 hr: dec 12.391 deg
Loading hdf5 image:  /project/u2grc/Nikola/newSimulations/KerrLow/ipole/n_-1_res_160/image_torus.out0.03214.h5
   assuming source M87: ra 12.514 hr: dec 12.391 deg
Loading hdf5 image:  /project/u2grc/Nikola/newSimulations/KerrLow/ipole/n_-1_res_160/image_torus.out0.03215.h5
   assuming source M87: ra 12.514 hr: dec 12.391 deg
Loading hdf5 image:  /project/u2grc/Nikola/newSimulations/KerrLow/ipole/n_-1_res_160/image_torus.out0.03216.h5
   assuming source M87: ra 12.514 hr: dec 12.391 deg
Loading hdf5 image:  /project/u2grc/Nikola/newSimulations/KerrLow/ipole/n_-1_res_160/image_torus.out0.03217.h5
   assuming source M87: ra 12.514 hr: dec 12.391 deg
Loading hdf5 image:  /project/u2grc/Nikola/newSimulations/KerrLow/ipole/n_-1_res_160/image_torus.out0.03218.h5
   assuming source M87: ra 12.514 hr: dec 12.391 deg
Loading hdf5 image:  /project/u2grc/Nikola/newSimulations/KerrLow/ipole/n_-1_res_160/image_torus.out0.03219.h5
   assuming source M87: ra 12.514 hr: dec 12.391 deg
Loading hdf5 image:  /project/u2grc/Nikola/newSimulations/KerrLow/ipole/n_-1_res_160/image_torus.out0.03220.h5
   assuming source M87: ra 12.514 hr: dec 12.391 deg
Loading hdf5 image:  /project/u2grc/Nikola/newSimulations/KerrLow/ipole/n_-1_res_160/image_torus.out0.03221.h5
   assuming source M87: ra 12.514 hr: dec 12.391 deg
Loading hdf5 image:  /project/u2grc/Nikola/newSimulations/KerrLow/ipole/n_-1_res_160/image_torus.out0.03222.h5
   assuming source M87: ra 12.514 hr: dec 12.391 deg
Loading hdf5 image:  /project/u2grc/Nikola/newSimulations/KerrLow/ipole/n_-1_res_160/image_torus.out0.03223.h5
   assuming source M87: ra 12.514 hr: dec 12.391 deg
Loading hdf5 image:  /project/u2grc/Nikola/newSimulations/KerrLow/ipole/n_-1_res_160/image_torus.out0.03224.h5
   assuming source M87: ra 12.514 hr: dec 12.391 deg
Loading hdf5 image:  /project/u2grc/Nikola/newSimulations/KerrLow/ipole/n_-1_res_160/image_torus.out0.03225.h5
   assuming source M87: ra 12.514 hr: dec 12.391 deg
Loading hdf5 image:  /project/u2grc/Nikola/newSimulations/KerrLow/ipole/n_-1_res_160/image_torus.out0.03226.h5
   assuming source M87: ra 12.514 hr: dec 12.391 deg
Loading hdf5 image:  /project/u2grc/Nikola/newSimulations/KerrLow/ipole/n_-1_res_160/image_torus.out0.03227.h5
   assuming source M87: ra 12.514 hr: dec 12.391 deg
Loading hdf5 image:  /project/u2grc/Nikola/newSimulations/KerrLow/ipole/n_-1_res_160/image_torus.out0.03228.h5
   assuming source M87: ra 12.514 hr: dec 12.391 deg
Loading hdf5 image:  /project/u2grc/Nikola/newSimulations/KerrLow/ipole/n_-1_res_160/image_torus.out0.03229.h5
   assuming source M87: ra 12.514 hr: dec 12.391 deg
Loading hdf5 image:  /project/u2grc/Nikola/newSimulations/KerrLow/ipole/n_-1_res_160/image_torus.out0.03230.h5
   assuming source M87: ra 12.514 hr: dec 12.391 deg
Loading hdf5 image:  /project/u2grc/Nikola/newSimulations/KerrLow/ipole/n_-1_res_160/image_torus.out0.03231.h5
   assuming source M87: ra 12.514 hr: dec 12.391 deg
Loading hdf5 image:  /project/u2grc/Nikola/newSimulations/KerrLow/ipole/n_-1_res_160/image_torus.out0.03232.h5
   assuming source M87: ra 12.514 hr: dec 12.391 deg
Loading hdf5 image:  /project/u2grc/Nikola/newSimulations/KerrLow/ipole/n_-1_res_160/image_torus.out0.03233.h5
   assuming source M87: ra 12.514 hr: dec 12.391 deg
Loading hdf5 image:  /project/u2grc/Nikola/newSimulations/KerrLow/ipole/n_-1_res_160/image_torus.out0.03234.h5
   assuming source M87: ra 12.514 hr: dec 12.391 deg
Loading hdf5 image:  /project/u2grc/Nikola/newSimulations/KerrLow/ipole/n_-1_res_160/image_torus.out0.03235.h5
   assuming source M87: ra 12.514 hr: dec 12.391 deg
Loading hdf5 image:  /project/u2grc/Nikola/newSimulations/KerrLow/ipole/n_-1_res_160/image_torus.out0.03236.h5
   assuming source M87: ra 12.514 hr: dec 12.391 deg
Loading hdf5 image:  /project/u2grc/Nikola/newSimulations/KerrLow/ipole/n_-1_res_160/image_torus.out0.03237.h5
   assuming source M87: ra 12.514 hr: dec 12.391 deg
Loading hdf5 image:  /project/u2grc/Nikola/newSimulations/KerrLow/ipole/n_-1_res_160/image_torus.out0.03238.h5
   assuming source M87: ra 12.514 hr: dec 12.391 deg
Loading hdf5 image:  /project/u2grc/Nikola/newSimulations/KerrLow/ipole/n_-1_res_160/image_torus.out0.03239.h5
   assuming source M87: ra 12.514 hr: dec 12.391 deg
Loading hdf5 image:  /project/u2grc/Nikola/newSimulations/KerrLow/ipole/n_-1_res_160/image_torus.out0.03240.h5
   assuming source M87: ra 12.514 hr: dec 12.391 deg
Loading hdf5 image:  /project/u2grc/Nikola/newSimulations/KerrLow/ipole/n_-1_res_160/image_torus.out0.03241.h5
   assuming source M87: ra 12.514 hr: dec 12.391 deg
Loading hdf5 image:  /project/u2grc/Nikola/newSimulations/KerrLow/ipole/n_-1_res_160/image_torus.out0.03242.h5
   assuming source M87: ra 12.514 hr: dec 12.391 deg
Loading hdf5 image:  /project/u2grc/Nikola/newSimulations/KerrLow/ipole/n_-1_res_160/image_torus.out0.03243.h5
   assuming source M87: ra 12.514 hr: dec 12.391 deg
Loading hdf5 image:  /project/u2grc/Nikola/newSimulations/KerrLow/ipole/n_-1_res_160/image_torus.out0.03244.h5
   assuming source M87: ra 12.514 hr: dec 12.391 deg
Loading hdf5 image:  /project/u2grc/Nikola/newSimulations/KerrLow/ipole/n_-1_res_160/image_torus.out0.03245.h5
   assuming source M87: ra 12.514 hr: dec 12.391 deg
Loading hdf5 image:  /project/u2grc/Nikola/newSimulations/KerrLow/ipole/n_-1_res_160/image_torus.out0.03246.h5
   assuming source M87: ra 12.514 hr: dec 12.391 deg
Loading hdf5 image:  /project/u2grc/Nikola/newSimulations/KerrLow/ipole/n_-1_res_160/image_torus.out0.03247.h5
   assuming source M87: ra 12.514 hr: dec 12.391 deg
Loading hdf5 image:  /project/u2grc/Nikola/newSimulations/KerrLow/ipole/n_-1_res_160/image_torus.out0.03248.h5
   assuming source M87: ra 12.514 hr: dec 12.391 deg
Loading hdf5 image:  /project/u2grc/Nikola/newSimulations/KerrLow/ipole/n_-1_res_160/image_torus.out0.03249.h5
   assuming source M87: ra 12.514 hr: dec 12.391 deg
Loading hdf5 image:  /project/u2grc/Nikola/newSimulations/KerrLow/ipole/n_-1_res_160/image_torus.out0.03250.h5
   assuming source M87: ra 12.514 hr: dec 12.391 deg
Loading hdf5 image:  /project/u2grc/Nikola/newSimulations/KerrLow/ipole/n_-1_res_160/image_torus.out0.03251.h5
   assuming source M87: ra 12.514 hr: dec 12.391 deg
Loading hdf5 image:  /project/u2grc/Nikola/newSimulations/KerrLow/ipole/n_-1_res_160/image_torus.out0.03252.h5
   assuming source M87: ra 12.514 hr: dec 12.391 deg
Loading hdf5 image:  /project/u2grc/Nikola/newSimulations/KerrLow/ipole/n_-1_res_160/image_torus.out0.03253.h5
   assuming source M87: ra 12.514 hr: dec 12.391 deg
Loading hdf5 image:  /project/u2grc/Nikola/newSimulations/KerrLow/ipole/n_-1_res_160/image_torus.out0.03254.h5
   assuming source M87: ra 12.514 hr: dec 12.391 deg
Loading hdf5 image:  /project/u2grc/Nikola/newSimulations/KerrLow/ipole/n_-1_res_160/image_torus.out0.03255.h5
   assuming source M87: ra 12.514 hr: dec 12.391 deg
Loading hdf5 image:  /project/u2grc/Nikola/newSimulations/KerrLow/ipole/n_-1_res_160/image_torus.out0.03256.h5
   assuming source M87: ra 12.514 hr: dec 12.391 deg
Loading hdf5 image:  /project/u2grc/Nikola/newSimulations/KerrLow/ipole/n_-1_res_160/image_torus.out0.03257.h5
   assuming source M87: ra 12.514 hr: dec 12.391 deg
Loading hdf5 image:  /project/u2grc/Nikola/newSimulations/KerrLow/ipole/n_-1_res_160/image_torus.out0.03258.h5
   assuming source M87: ra 12.514 hr: dec 12.391 deg
Loading hdf5 image:  /project/u2grc/Nikola/newSimulations/KerrLow/ipole/n_-1_res_160/image_torus.out0.03259.h5
   assuming source M87: ra 12.514 hr: dec 12.391 deg
Loading hdf5 image:  /project/u2grc/Nikola/newSimulations/KerrLow/ipole/n_-1_res_160/image_torus.out0.03260.h5
   assuming source M87: ra 12.514 hr: dec 12.391 deg
Loading hdf5 image:  /project/u2grc/Nikola/newSimulations/KerrLow/ipole/n_-1_res_160/image_torus.out0.03261.h5
   assuming source M87: ra 12.514 hr: dec 12.391 deg
Loading hdf5 image:  /project/u2grc/Nikola/newSimulations/KerrLow/ipole/n_-1_res_160/image_torus.out0.03262.h5
   assuming source M87: ra 12.514 hr: dec 12.391 deg
Loading hdf5 image:  /project/u2grc/Nikola/newSimulations/KerrLow/ipole/n_-1_res_160/image_torus.out0.03263.h5
   assuming source M87: ra 12.514 hr: dec 12.391 deg
Loading hdf5 image:  /project/u2grc/Nikola/newSimulations/KerrLow/ipole/n_-1_res_160/image_torus.out0.03264.h5
   assuming source M87: ra 12.514 hr: dec 12.391 deg
Loading hdf5 image:  /project/u2grc/Nikola/newSimulations/KerrLow/ipole/n_-1_res_160/image_torus.out0.03265.h5
   assuming source M87: ra 12.514 hr: dec 12.391 deg
Loading hdf5 image:  /project/u2grc/Nikola/newSimulations/KerrLow/ipole/n_-1_res_160/image_torus.out0.03266.h5
   assuming source M87: ra 12.514 hr: dec 12.391 deg
Loading hdf5 image:  /project/u2grc/Nikola/newSimulations/KerrLow/ipole/n_-1_res_160/image_torus.out0.03267.h5
   assuming source M87: ra 12.514 hr: dec 12.391 deg
Loading hdf5 image:  /project/u2grc/Nikola/newSimulations/KerrLow/ipole/n_-1_res_160/image_torus.out0.03268.h5
   assuming source M87: ra 12.514 hr: dec 12.391 deg
Loading hdf5 image:  /project/u2grc/Nikola/newSimulations/KerrLow/ipole/n_-1_res_160/image_torus.out0.03269.h5
   assuming source M87: ra 12.514 hr: dec 12.391 deg
Loading hdf5 image:  /project/u2grc/Nikola/newSimulations/KerrLow/ipole/n_-1_res_160/image_torus.out0.03270.h5
   assuming source M87: ra 12.514 hr: dec 12.391 deg
Loading hdf5 image:  /project/u2grc/Nikola/newSimulations/KerrLow/ipole/n_-1_res_160/image_torus.out0.03271.h5
   assuming source M87: ra 12.514 hr: dec 12.391 deg
Loading hdf5 image:  /project/u2grc/Nikola/newSimulations/KerrLow/ipole/n_-1_res_160/image_torus.out0.03272.h5
   assuming source M87: ra 12.514 hr: dec 12.391 deg
Loading hdf5 image:  /project/u2grc/Nikola/newSimulations/KerrLow/ipole/n_-1_res_160/image_torus.out0.03273.h5
   assuming source M87: ra 12.514 hr: dec 12.391 deg
Loading hdf5 image:  /project/u2grc/Nikola/newSimulations/KerrLow/ipole/n_-1_res_160/image_torus.out0.03274.h5
   assuming source M87: ra 12.514 hr: dec 12.391 deg
Loading hdf5 image:  /project/u2grc/Nikola/newSimulations/KerrLow/ipole/n_-1_res_160/image_torus.out0.03275.h5
   assuming source M87: ra 12.514 hr: dec 12.391 deg
Loading hdf5 image:  /project/u2grc/Nikola/newSimulations/KerrLow/ipole/n_-1_res_160/image_torus.out0.03276.h5
   assuming source M87: ra 12.514 hr: dec 12.391 deg
Loading hdf5 image:  /project/u2grc/Nikola/newSimulations/KerrLow/ipole/n_-1_res_160/image_torus.out0.03277.h5
   assuming source M87: ra 12.514 hr: dec 12.391 deg
Loading hdf5 image:  /project/u2grc/Nikola/newSimulations/KerrLow/ipole/n_-1_res_160/image_torus.out0.03278.h5
   assuming source M87: ra 12.514 hr: dec 12.391 deg
Loading hdf5 image:  /project/u2grc/Nikola/newSimulations/KerrLow/ipole/n_-1_res_160/image_torus.out0.03279.h5
   assuming source M87: ra 12.514 hr: dec 12.391 deg
Loading hdf5 image:  /project/u2grc/Nikola/newSimulations/KerrLow/ipole/n_-1_res_160/image_torus.out0.03280.h5
   assuming source M87: ra 12.514 hr: dec 12.391 deg
Loading hdf5 image:  /project/u2grc/Nikola/newSimulations/KerrLow/ipole/n_-1_res_160/image_torus.out0.03281.h5
   assuming source M87: ra 12.514 hr: dec 12.391 deg
Loading hdf5 image:  /project/u2grc/Nikola/newSimulations/KerrLow/ipole/n_-1_res_160/image_torus.out0.03282.h5
   assuming source M87: ra 12.514 hr: dec 12.391 deg
Loading hdf5 image:  /project/u2grc/Nikola/newSimulations/KerrLow/ipole/n_-1_res_160/image_torus.out0.03283.h5
   assuming source M87: ra 12.514 hr: dec 12.391 deg
Loading hdf5 image:  /project/u2grc/Nikola/newSimulations/KerrLow/ipole/n_-1_res_160/image_torus.out0.03284.h5
   assuming source M87: ra 12.514 hr: dec 12.391 deg
Loading hdf5 image:  /project/u2grc/Nikola/newSimulations/KerrLow/ipole/n_-1_res_160/image_torus.out0.03285.h5
   assuming source M87: ra 12.514 hr: dec 12.391 deg
Loading hdf5 image:  /project/u2grc/Nikola/newSimulations/KerrLow/ipole/n_-1_res_160/image_torus.out0.03286.h5
   assuming source M87: ra 12.514 hr: dec 12.391 deg
Loading hdf5 image:  /project/u2grc/Nikola/newSimulations/KerrLow/ipole/n_-1_res_160/image_torus.out0.03287.h5
   assuming source M87: ra 12.514 hr: dec 12.391 deg
Loading hdf5 image:  /project/u2grc/Nikola/newSimulations/KerrLow/ipole/n_-1_res_160/image_torus.out0.03288.h5
   assuming source M87: ra 12.514 hr: dec 12.391 deg
Loading hdf5 image:  /project/u2grc/Nikola/newSimulations/KerrLow/ipole/n_-1_res_160/image_torus.out0.03289.h5
   assuming source M87: ra 12.514 hr: dec 12.391 deg
Loading hdf5 image:  /project/u2grc/Nikola/newSimulations/KerrLow/ipole/n_-1_res_160/image_torus.out0.03290.h5
   assuming source M87: ra 12.514 hr: dec 12.391 deg
Loading hdf5 image:  /project/u2grc/Nikola/newSimulations/KerrLow/ipole/n_-1_res_160/image_torus.out0.03291.h5
   assuming source M87: ra 12.514 hr: dec 12.391 deg
Loading hdf5 image:  /project/u2grc/Nikola/newSimulations/KerrLow/ipole/n_-1_res_160/image_torus.out0.03292.h5
   assuming source M87: ra 12.514 hr: dec 12.391 deg
Loading hdf5 image:  /project/u2grc/Nikola/newSimulations/KerrLow/ipole/n_-1_res_160/image_torus.out0.03293.h5
   assuming source M87: ra 12.514 hr: dec 12.391 deg
Loading hdf5 image:  /project/u2grc/Nikola/newSimulations/KerrLow/ipole/n_-1_res_160/image_torus.out0.03294.h5
   assuming source M87: ra 12.514 hr: dec 12.391 deg
Loading hdf5 image:  /project/u2grc/Nikola/newSimulations/KerrLow/ipole/n_-1_res_160/image_torus.out0.03295.h5
   assuming source M87: ra 12.514 hr: dec 12.391 deg
Loading hdf5 image:  /project/u2grc/Nikola/newSimulations/KerrLow/ipole/n_-1_res_160/image_torus.out0.03296.h5
   assuming source M87: ra 12.514 hr: dec 12.391 deg
Loading hdf5 image:  /project/u2grc/Nikola/newSimulations/KerrLow/ipole/n_-1_res_160/image_torus.out0.03297.h5
   assuming source M87: ra 12.514 hr: dec 12.391 deg
Loading hdf5 image:  /project/u2grc/Nikola/newSimulations/KerrLow/ipole/n_-1_res_160/image_torus.out0.03298.h5
   assuming source M87: ra 12.514 hr: dec 12.391 deg
Loading hdf5 image:  /project/u2grc/Nikola/newSimulations/KerrLow/ipole/n_-1_res_160/image_torus.out0.03299.h5
   assuming source M87: ra 12.514 hr: dec 12.391 deg
Loading hdf5 image:  /project/u2grc/Nikola/newSimulations/KerrLow/ipole/n_-1_res_160/image_torus.out0.03300.h5
   assuming source M87: ra 12.514 hr: dec 12.391 deg
Loading hdf5 image:  /project/u2grc/Nikola/newSimulations/KerrLow/ipole/n_-1_res_160/image_torus.out0.03301.h5
   assuming source M87: ra 12.514 hr: dec 12.391 deg
Loading hdf5 image:  /project/u2grc/Nikola/newSimulations/KerrLow/ipole/n_-1_res_160/image_torus.out0.03302.h5
   assuming source M87: ra 12.514 hr: dec 12.391 deg
Loading hdf5 image:  /project/u2grc/Nikola/newSimulations/KerrLow/ipole/n_-1_res_160/image_torus.out0.03303.h5
   assuming source M87: ra 12.514 hr: dec 12.391 deg
Loading hdf5 image:  /project/u2grc/Nikola/newSimulations/KerrLow/ipole/n_-1_res_160/image_torus.out0.03304.h5
   assuming source M87: ra 12.514 hr: dec 12.391 deg
Loading hdf5 image:  /project/u2grc/Nikola/newSimulations/KerrLow/ipole/n_-1_res_160/image_torus.out0.03305.h5
   assuming source M87: ra 12.514 hr: dec 12.391 deg
Loading hdf5 image:  /project/u2grc/Nikola/newSimulations/KerrLow/ipole/n_-1_res_160/image_torus.out0.03306.h5
   assuming source M87: ra 12.514 hr: dec 12.391 deg
Loading hdf5 image:  /project/u2grc/Nikola/newSimulations/KerrLow/ipole/n_-1_res_160/image_torus.out0.03307.h5
   assuming source M87: ra 12.514 hr: dec 12.391 deg
Loading hdf5 image:  /project/u2grc/Nikola/newSimulations/KerrLow/ipole/n_-1_res_160/image_torus.out0.03308.h5
   assuming source M87: ra 12.514 hr: dec 12.391 deg
Loading hdf5 image:  /project/u2grc/Nikola/newSimulations/KerrLow/ipole/n_-1_res_160/image_torus.out0.03309.h5
   assuming source M87: ra 12.514 hr: dec 12.391 deg
Loading hdf5 image:  /project/u2grc/Nikola/newSimulations/KerrLow/ipole/n_-1_res_160/image_torus.out0.03310.h5
   assuming source M87: ra 12.514 hr: dec 12.391 deg
Loading hdf5 image:  /project/u2grc/Nikola/newSimulations/KerrLow/ipole/n_-1_res_160/image_torus.out0.03311.h5
   assuming source M87: ra 12.514 hr: dec 12.391 deg
Loading hdf5 image:  /project/u2grc/Nikola/newSimulations/KerrLow/ipole/n_-1_res_160/image_torus.out0.03312.h5
   assuming source M87: ra 12.514 hr: dec 12.391 deg
Loading hdf5 image:  /project/u2grc/Nikola/newSimulations/KerrLow/ipole/n_-1_res_160/image_torus.out0.03313.h5
   assuming source M87: ra 12.514 hr: dec 12.391 deg
Loading hdf5 image:  /project/u2grc/Nikola/newSimulations/KerrLow/ipole/n_-1_res_160/image_torus.out0.03314.h5
   assuming source M87: ra 12.514 hr: dec 12.391 deg
Loading hdf5 image:  /project/u2grc/Nikola/newSimulations/KerrLow/ipole/n_-1_res_160/image_torus.out0.03315.h5
   assuming source M87: ra 12.514 hr: dec 12.391 deg
Loading hdf5 image:  /project/u2grc/Nikola/newSimulations/KerrLow/ipole/n_-1_res_160/image_torus.out0.03316.h5
   assuming source M87: ra 12.514 hr: dec 12.391 deg
Loading hdf5 image:  /project/u2grc/Nikola/newSimulations/KerrLow/ipole/n_-1_res_160/image_torus.out0.03317.h5
   assuming source M87: ra 12.514 hr: dec 12.391 deg
Loading hdf5 image:  /project/u2grc/Nikola/newSimulations/KerrLow/ipole/n_-1_res_160/image_torus.out0.03318.h5
   assuming source M87: ra 12.514 hr: dec 12.391 deg
Loading hdf5 image:  /project/u2grc/Nikola/newSimulations/KerrLow/ipole/n_-1_res_160/image_torus.out0.03319.h5
   assuming source M87: ra 12.514 hr: dec 12.391 deg
Loading hdf5 image:  /project/u2grc/Nikola/newSimulations/KerrLow/ipole/n_-1_res_160/image_torus.out0.03320.h5
   assuming source M87: ra 12.514 hr: dec 12.391 deg
Loading hdf5 image:  /project/u2grc/Nikola/newSimulations/KerrLow/ipole/n_-1_res_160/image_torus.out0.03321.h5
   assuming source M87: ra 12.514 hr: dec 12.391 deg
Loading hdf5 image:  /project/u2grc/Nikola/newSimulations/KerrLow/ipole/n_-1_res_160/image_torus.out0.03322.h5
   assuming source M87: ra 12.514 hr: dec 12.391 deg
Loading hdf5 image:  /project/u2grc/Nikola/newSimulations/KerrLow/ipole/n_-1_res_160/image_torus.out0.03323.h5
   assuming source M87: ra 12.514 hr: dec 12.391 deg
Loading hdf5 image:  /project/u2grc/Nikola/newSimulations/KerrLow/ipole/n_-1_res_160/image_torus.out0.03324.h5
   assuming source M87: ra 12.514 hr: dec 12.391 deg
Loading hdf5 image:  /project/u2grc/Nikola/newSimulations/KerrLow/ipole/n_-1_res_160/image_torus.out0.03325.h5
   assuming source M87: ra 12.514 hr: dec 12.391 deg
Loading hdf5 image:  /project/u2grc/Nikola/newSimulations/KerrLow/ipole/n_-1_res_160/image_torus.out0.03326.h5
   assuming source M87: ra 12.514 hr: dec 12.391 deg
Loading hdf5 image:  /project/u2grc/Nikola/newSimulations/KerrLow/ipole/n_-1_res_160/image_torus.out0.03327.h5
   assuming source M87: ra 12.514 hr: dec 12.391 deg
Loading hdf5 image:  /project/u2grc/Nikola/newSimulations/KerrLow/ipole/n_-1_res_160/image_torus.out0.03328.h5
   assuming source M87: ra 12.514 hr: dec 12.391 deg
Loading hdf5 image:  /project/u2grc/Nikola/newSimulations/KerrLow/ipole/n_-1_res_160/image_torus.out0.03329.h5
   assuming source M87: ra 12.514 hr: dec 12.391 deg
Loading hdf5 image:  /project/u2grc/Nikola/newSimulations/KerrLow/ipole/n_-1_res_160/image_torus.out0.03330.h5
   assuming source M87: ra 12.514 hr: dec 12.391 deg
Loading hdf5 image:  /project/u2grc/Nikola/newSimulations/KerrLow/ipole/n_-1_res_160/image_torus.out0.03331.h5
   assuming source M87: ra 12.514 hr: dec 12.391 deg
Loading hdf5 image:  /project/u2grc/Nikola/newSimulations/KerrLow/ipole/n_-1_res_160/image_torus.out0.03332.h5
   assuming source M87: ra 12.514 hr: dec 12.391 deg
Loading hdf5 image:  /project/u2grc/Nikola/newSimulations/KerrLow/ipole/n_-1_res_160/image_torus.out0.03333.h5
   assuming source M87: ra 12.514 hr: dec 12.391 deg
Loading hdf5 image:  /project/u2grc/Nikola/newSimulations/KerrLow/ipole/n_-1_res_160/image_torus.out0.03334.h5
   assuming source M87: ra 12.514 hr: dec 12.391 deg
Loading hdf5 image:  /project/u2grc/Nikola/newSimulations/KerrLow/ipole/n_-1_res_160/image_torus.out0.03335.h5
   assuming source M87: ra 12.514 hr: dec 12.391 deg
Loading hdf5 image:  /project/u2grc/Nikola/newSimulations/KerrLow/ipole/n_-1_res_160/image_torus.out0.03336.h5
   assuming source M87: ra 12.514 hr: dec 12.391 deg
Loading hdf5 image:  /project/u2grc/Nikola/newSimulations/KerrLow/ipole/n_-1_res_160/image_torus.out0.03337.h5
   assuming source M87: ra 12.514 hr: dec 12.391 deg
Loading hdf5 image:  /project/u2grc/Nikola/newSimulations/KerrLow/ipole/n_-1_res_160/image_torus.out0.03338.h5
   assuming source M87: ra 12.514 hr: dec 12.391 deg
Loading hdf5 image:  /project/u2grc/Nikola/newSimulations/KerrLow/ipole/n_-1_res_160/image_torus.out0.03339.h5
   assuming source M87: ra 12.514 hr: dec 12.391 deg
Loading hdf5 image:  /project/u2grc/Nikola/newSimulations/KerrLow/ipole/n_-1_res_160/image_torus.out0.03340.h5
   assuming source M87: ra 12.514 hr: dec 12.391 deg
Loading hdf5 image:  /project/u2grc/Nikola/newSimulations/KerrLow/ipole/n_-1_res_160/image_torus.out0.03341.h5
   assuming source M87: ra 12.514 hr: dec 12.391 deg
Loading hdf5 image:  /project/u2grc/Nikola/newSimulations/KerrLow/ipole/n_-1_res_160/image_torus.out0.03342.h5
   assuming source M87: ra 12.514 hr: dec 12.391 deg
Loading hdf5 image:  /project/u2grc/Nikola/newSimulations/KerrLow/ipole/n_-1_res_160/image_torus.out0.03343.h5
   assuming source M87: ra 12.514 hr: dec 12.391 deg
Loading hdf5 image:  /project/u2grc/Nikola/newSimulations/KerrLow/ipole/n_-1_res_160/image_torus.out0.03344.h5
   assuming source M87: ra 12.514 hr: dec 12.391 deg
Loading hdf5 image:  /project/u2grc/Nikola/newSimulations/KerrLow/ipole/n_-1_res_160/image_torus.out0.03345.h5
   assuming source M87: ra 12.514 hr: dec 12.391 deg
Loading hdf5 image:  /project/u2grc/Nikola/newSimulations/KerrLow/ipole/n_-1_res_160/image_torus.out0.03346.h5
   assuming source M87: ra 12.514 hr: dec 12.391 deg
Loading hdf5 image:  /project/u2grc/Nikola/newSimulations/KerrLow/ipole/n_-1_res_160/image_torus.out0.03347.h5
   assuming source M87: ra 12.514 hr: dec 12.391 deg
Loading hdf5 image:  /project/u2grc/Nikola/newSimulations/KerrLow/ipole/n_-1_res_160/image_torus.out0.03348.h5
   assuming source M87: ra 12.514 hr: dec 12.391 deg
Loading hdf5 image:  /project/u2grc/Nikola/newSimulations/KerrLow/ipole/n_-1_res_160/image_torus.out0.03349.h5
   assuming source M87: ra 12.514 hr: dec 12.391 deg
Loading hdf5 image:  /project/u2grc/Nikola/newSimulations/KerrLow/ipole/n_-1_res_160/image_torus.out0.03350.h5
   assuming source M87: ra 12.514 hr: dec 12.391 deg
Loading hdf5 image:  /project/u2grc/Nikola/newSimulations/KerrLow/ipole/n_-1_res_160/image_torus.out0.03351.h5
   assuming source M87: ra 12.514 hr: dec 12.391 deg
Loading hdf5 image:  /project/u2grc/Nikola/newSimulations/KerrLow/ipole/n_-1_res_160/image_torus.out0.03352.h5
   assuming source M87: ra 12.514 hr: dec 12.391 deg
Loading hdf5 image:  /project/u2grc/Nikola/newSimulations/KerrLow/ipole/n_-1_res_160/image_torus.out0.03353.h5
   assuming source M87: ra 12.514 hr: dec 12.391 deg
Loading hdf5 image:  /project/u2grc/Nikola/newSimulations/KerrLow/ipole/n_-1_res_160/image_torus.out0.03354.h5
   assuming source M87: ra 12.514 hr: dec 12.391 deg
Loading hdf5 image:  /project/u2grc/Nikola/newSimulations/KerrLow/ipole/n_-1_res_160/image_torus.out0.03355.h5
   assuming source M87: ra 12.514 hr: dec 12.391 deg
Loading hdf5 image:  /project/u2grc/Nikola/newSimulations/KerrLow/ipole/n_-1_res_160/image_torus.out0.03356.h5
   assuming source M87: ra 12.514 hr: dec 12.391 deg
Loading hdf5 image:  /project/u2grc/Nikola/newSimulations/KerrLow/ipole/n_-1_res_160/image_torus.out0.03357.h5
   assuming source M87: ra 12.514 hr: dec 12.391 deg
Loading hdf5 image:  /project/u2grc/Nikola/newSimulations/KerrLow/ipole/n_-1_res_160/image_torus.out0.03358.h5
   assuming source M87: ra 12.514 hr: dec 12.391 deg
Loading hdf5 image:  /project/u2grc/Nikola/newSimulations/KerrLow/ipole/n_-1_res_160/image_torus.out0.03359.h5
   assuming source M87: ra 12.514 hr: dec 12.391 deg
Loading hdf5 image:  /project/u2grc/Nikola/newSimulations/KerrLow/ipole/n_-1_res_160/image_torus.out0.03360.h5
   assuming source M87: ra 12.514 hr: dec 12.391 deg
Loading hdf5 image:  /project/u2grc/Nikola/newSimulations/KerrLow/ipole/n_-1_res_160/image_torus.out0.03361.h5
   assuming source M87: ra 12.514 hr: dec 12.391 deg
Loading hdf5 image:  /project/u2grc/Nikola/newSimulations/KerrLow/ipole/n_-1_res_160/image_torus.out0.03362.h5
   assuming source M87: ra 12.514 hr: dec 12.391 deg
Loading hdf5 image:  /project/u2grc/Nikola/newSimulations/KerrLow/ipole/n_-1_res_160/image_torus.out0.03363.h5
   assuming source M87: ra 12.514 hr: dec 12.391 deg
Loading hdf5 image:  /project/u2grc/Nikola/newSimulations/KerrLow/ipole/n_-1_res_160/image_torus.out0.03364.h5
   assuming source M87: ra 12.514 hr: dec 12.391 deg
Loading hdf5 image:  /project/u2grc/Nikola/newSimulations/KerrLow/ipole/n_-1_res_160/image_torus.out0.03365.h5
   assuming source M87: ra 12.514 hr: dec 12.391 deg
Loading hdf5 image:  /project/u2grc/Nikola/newSimulations/KerrLow/ipole/n_-1_res_160/image_torus.out0.03366.h5
   assuming source M87: ra 12.514 hr: dec 12.391 deg
Loading hdf5 image:  /project/u2grc/Nikola/newSimulations/KerrLow/ipole/n_-1_res_160/image_torus.out0.03367.h5
   assuming source M87: ra 12.514 hr: dec 12.391 deg
Loading hdf5 image:  /project/u2grc/Nikola/newSimulations/KerrLow/ipole/n_-1_res_160/image_torus.out0.03368.h5
   assuming source M87: ra 12.514 hr: dec 12.391 deg
Loading hdf5 image:  /project/u2grc/Nikola/newSimulations/KerrLow/ipole/n_-1_res_160/image_torus.out0.03369.h5
   assuming source M87: ra 12.514 hr: dec 12.391 deg
Loading hdf5 image:  /project/u2grc/Nikola/newSimulations/KerrLow/ipole/n_-1_res_160/image_torus.out0.03370.h5
   assuming source M87: ra 12.514 hr: dec 12.391 deg
Loading hdf5 image:  /project/u2grc/Nikola/newSimulations/KerrLow/ipole/n_-1_res_160/image_torus.out0.03371.h5
   assuming source M87: ra 12.514 hr: dec 12.391 deg
Loading hdf5 image:  /project/u2grc/Nikola/newSimulations/KerrLow/ipole/n_-1_res_160/image_torus.out0.03372.h5
   assuming source M87: ra 12.514 hr: dec 12.391 deg
Loading hdf5 image:  /project/u2grc/Nikola/newSimulations/KerrLow/ipole/n_-1_res_160/image_torus.out0.03373.h5
   assuming source M87: ra 12.514 hr: dec 12.391 deg
Loading hdf5 image:  /project/u2grc/Nikola/newSimulations/KerrLow/ipole/n_-1_res_160/image_torus.out0.03374.h5
   assuming source M87: ra 12.514 hr: dec 12.391 deg
Loading hdf5 image:  /project/u2grc/Nikola/newSimulations/KerrLow/ipole/n_-1_res_160/image_torus.out0.03375.h5
   assuming source M87: ra 12.514 hr: dec 12.391 deg
Loading hdf5 image:  /project/u2grc/Nikola/newSimulations/KerrLow/ipole/n_-1_res_160/image_torus.out0.03376.h5
   assuming source M87: ra 12.514 hr: dec 12.391 deg
Loading hdf5 image:  /project/u2grc/Nikola/newSimulations/KerrLow/ipole/n_-1_res_160/image_torus.out0.03377.h5
   assuming source M87: ra 12.514 hr: dec 12.391 deg
Loading hdf5 image:  /project/u2grc/Nikola/newSimulations/KerrLow/ipole/n_-1_res_160/image_torus.out0.03378.h5
   assuming source M87: ra 12.514 hr: dec 12.391 deg
Loading hdf5 image:  /project/u2grc/Nikola/newSimulations/KerrLow/ipole/n_-1_res_160/image_torus.out0.03379.h5
   assuming source M87: ra 12.514 hr: dec 12.391 deg
Loading hdf5 image:  /project/u2grc/Nikola/newSimulations/KerrLow/ipole/n_-1_res_160/image_torus.out0.03380.h5
   assuming source M87: ra 12.514 hr: dec 12.391 deg
Loading hdf5 image:  /project/u2grc/Nikola/newSimulations/KerrLow/ipole/n_-1_res_160/image_torus.out0.03381.h5
   assuming source M87: ra 12.514 hr: dec 12.391 deg
Loading hdf5 image:  /project/u2grc/Nikola/newSimulations/KerrLow/ipole/n_-1_res_160/image_torus.out0.03382.h5
   assuming source M87: ra 12.514 hr: dec 12.391 deg
Loading hdf5 image:  /project/u2grc/Nikola/newSimulations/KerrLow/ipole/n_-1_res_160/image_torus.out0.03383.h5
   assuming source M87: ra 12.514 hr: dec 12.391 deg
Loading hdf5 image:  /project/u2grc/Nikola/newSimulations/KerrLow/ipole/n_-1_res_160/image_torus.out0.03384.h5
   assuming source M87: ra 12.514 hr: dec 12.391 deg
Loading hdf5 image:  /project/u2grc/Nikola/newSimulations/KerrLow/ipole/n_-1_res_160/image_torus.out0.03385.h5
   assuming source M87: ra 12.514 hr: dec 12.391 deg
Loading hdf5 image:  /project/u2grc/Nikola/newSimulations/KerrLow/ipole/n_-1_res_160/image_torus.out0.03386.h5
   assuming source M87: ra 12.514 hr: dec 12.391 deg
Loading hdf5 image:  /project/u2grc/Nikola/newSimulations/KerrLow/ipole/n_-1_res_160/image_torus.out0.03387.h5
   assuming source M87: ra 12.514 hr: dec 12.391 deg
Loading hdf5 image:  /project/u2grc/Nikola/newSimulations/KerrLow/ipole/n_-1_res_160/image_torus.out0.03388.h5
   assuming source M87: ra 12.514 hr: dec 12.391 deg
Loading hdf5 image:  /project/u2grc/Nikola/newSimulations/KerrLow/ipole/n_-1_res_160/image_torus.out0.03389.h5
   assuming source M87: ra 12.514 hr: dec 12.391 deg
Loading hdf5 image:  /project/u2grc/Nikola/newSimulations/KerrLow/ipole/n_-1_res_160/image_torus.out0.03390.h5
   assuming source M87: ra 12.514 hr: dec 12.391 deg
Loading hdf5 image:  /project/u2grc/Nikola/newSimulations/KerrLow/ipole/n_-1_res_160/image_torus.out0.03391.h5
   assuming source M87: ra 12.514 hr: dec 12.391 deg
Loading hdf5 image:  /project/u2grc/Nikola/newSimulations/KerrLow/ipole/n_-1_res_160/image_torus.out0.03392.h5
   assuming source M87: ra 12.514 hr: dec 12.391 deg
Loading hdf5 image:  /project/u2grc/Nikola/newSimulations/KerrLow/ipole/n_-1_res_160/image_torus.out0.03393.h5
   assuming source M87: ra 12.514 hr: dec 12.391 deg
Loading hdf5 image:  /project/u2grc/Nikola/newSimulations/KerrLow/ipole/n_-1_res_160/image_torus.out0.03394.h5
   assuming source M87: ra 12.514 hr: dec 12.391 deg
Loading hdf5 image:  /project/u2grc/Nikola/newSimulations/KerrLow/ipole/n_-1_res_160/image_torus.out0.03395.h5
   assuming source M87: ra 12.514 hr: dec 12.391 deg
Loading hdf5 image:  /project/u2grc/Nikola/newSimulations/KerrLow/ipole/n_-1_res_160/image_torus.out0.03396.h5
   assuming source M87: ra 12.514 hr: dec 12.391 deg
Loading hdf5 image:  /project/u2grc/Nikola/newSimulations/KerrLow/ipole/n_-1_res_160/image_torus.out0.03397.h5
   assuming source M87: ra 12.514 hr: dec 12.391 deg
Loading hdf5 image:  /project/u2grc/Nikola/newSimulations/KerrLow/ipole/n_-1_res_160/image_torus.out0.03398.h5
   assuming source M87: ra 12.514 hr: dec 12.391 deg
Loading hdf5 image:  /project/u2grc/Nikola/newSimulations/KerrLow/ipole/n_-1_res_160/image_torus.out0.03399.h5
   assuming source M87: ra 12.514 hr: dec 12.391 deg
Loading hdf5 image:  /project/u2grc/Nikola/newSimulations/KerrLow/ipole/n_-1_res_160/image_torus.out0.03400.h5
   assuming source M87: ra 12.514 hr: dec 12.391 deg
Loading hdf5 image:  /project/u2grc/Nikola/newSimulations/KerrLow/ipole/n_-1_res_160/image_torus.out0.03401.h5
   assuming source M87: ra 12.514 hr: dec 12.391 deg
Loading hdf5 image:  /project/u2grc/Nikola/newSimulations/KerrLow/ipole/n_-1_res_160/image_torus.out0.03402.h5
   assuming source M87: ra 12.514 hr: dec 12.391 deg
Loading hdf5 image:  /project/u2grc/Nikola/newSimulations/KerrLow/ipole/n_-1_res_160/image_torus.out0.03403.h5
   assuming source M87: ra 12.514 hr: dec 12.391 deg
Loading hdf5 image:  /project/u2grc/Nikola/newSimulations/KerrLow/ipole/n_-1_res_160/image_torus.out0.03404.h5
   assuming source M87: ra 12.514 hr: dec 12.391 deg
Loading hdf5 image:  /project/u2grc/Nikola/newSimulations/KerrLow/ipole/n_-1_res_160/image_torus.out0.03405.h5
   assuming source M87: ra 12.514 hr: dec 12.391 deg
Loading hdf5 image:  /project/u2grc/Nikola/newSimulations/KerrLow/ipole/n_-1_res_160/image_torus.out0.03406.h5
   assuming source M87: ra 12.514 hr: dec 12.391 deg
Loading hdf5 image:  /project/u2grc/Nikola/newSimulations/KerrLow/ipole/n_-1_res_160/image_torus.out0.03407.h5
   assuming source M87: ra 12.514 hr: dec 12.391 deg
Loading hdf5 image:  /project/u2grc/Nikola/newSimulations/KerrLow/ipole/n_-1_res_160/image_torus.out0.03408.h5
   assuming source M87: ra 12.514 hr: dec 12.391 deg
Loading hdf5 image:  /project/u2grc/Nikola/newSimulations/KerrLow/ipole/n_-1_res_160/image_torus.out0.03409.h5
   assuming source M87: ra 12.514 hr: dec 12.391 deg
Loading hdf5 image:  /project/u2grc/Nikola/newSimulations/KerrLow/ipole/n_-1_res_160/image_torus.out0.03410.h5
   assuming source M87: ra 12.514 hr: dec 12.391 deg
Loading hdf5 image:  /project/u2grc/Nikola/newSimulations/KerrLow/ipole/n_-1_res_160/image_torus.out0.03411.h5
   assuming source M87: ra 12.514 hr: dec 12.391 deg
Loading hdf5 image:  /project/u2grc/Nikola/newSimulations/KerrLow/ipole/n_-1_res_160/image_torus.out0.03412.h5
   assuming source M87: ra 12.514 hr: dec 12.391 deg
Loading hdf5 image:  /project/u2grc/Nikola/newSimulations/KerrLow/ipole/n_-1_res_160/image_torus.out0.03413.h5
   assuming source M87: ra 12.514 hr: dec 12.391 deg
Loading hdf5 image:  /project/u2grc/Nikola/newSimulations/KerrLow/ipole/n_-1_res_160/image_torus.out0.03414.h5
   assuming source M87: ra 12.514 hr: dec 12.391 deg
Loading hdf5 image:  /project/u2grc/Nikola/newSimulations/KerrLow/ipole/n_-1_res_160/image_torus.out0.03415.h5
   assuming source M87: ra 12.514 hr: dec 12.391 deg
Loading hdf5 image:  /project/u2grc/Nikola/newSimulations/KerrLow/ipole/n_-1_res_160/image_torus.out0.03416.h5
   assuming source M87: ra 12.514 hr: dec 12.391 deg
Loading hdf5 image:  /project/u2grc/Nikola/newSimulations/KerrLow/ipole/n_-1_res_160/image_torus.out0.03417.h5
   assuming source M87: ra 12.514 hr: dec 12.391 deg
Loading hdf5 image:  /project/u2grc/Nikola/newSimulations/KerrLow/ipole/n_-1_res_160/image_torus.out0.03418.h5
   assuming source M87: ra 12.514 hr: dec 12.391 deg
Loading hdf5 image:  /project/u2grc/Nikola/newSimulations/KerrLow/ipole/n_-1_res_160/image_torus.out0.03419.h5
   assuming source M87: ra 12.514 hr: dec 12.391 deg
Loading hdf5 image:  /project/u2grc/Nikola/newSimulations/KerrLow/ipole/n_-1_res_160/image_torus.out0.03420.h5
   assuming source M87: ra 12.514 hr: dec 12.391 deg
Loading hdf5 image:  /project/u2grc/Nikola/newSimulations/KerrLow/ipole/n_-1_res_160/image_torus.out0.03421.h5
   assuming source M87: ra 12.514 hr: dec 12.391 deg
Loading hdf5 image:  /project/u2grc/Nikola/newSimulations/KerrLow/ipole/n_-1_res_160/image_torus.out0.03422.h5
   assuming source M87: ra 12.514 hr: dec 12.391 deg
Loading hdf5 image:  /project/u2grc/Nikola/newSimulations/KerrLow/ipole/n_-1_res_160/image_torus.out0.03423.h5
   assuming source M87: ra 12.514 hr: dec 12.391 deg
Loading hdf5 image:  /project/u2grc/Nikola/newSimulations/KerrLow/ipole/n_-1_res_160/image_torus.out0.03424.h5
   assuming source M87: ra 12.514 hr: dec 12.391 deg
Loading hdf5 image:  /project/u2grc/Nikola/newSimulations/KerrLow/ipole/n_-1_res_160/image_torus.out0.03425.h5
   assuming source M87: ra 12.514 hr: dec 12.391 deg
Loading hdf5 image:  /project/u2grc/Nikola/newSimulations/KerrLow/ipole/n_-1_res_160/image_torus.out0.03426.h5
   assuming source M87: ra 12.514 hr: dec 12.391 deg
Loading hdf5 image:  /project/u2grc/Nikola/newSimulations/KerrLow/ipole/n_-1_res_160/image_torus.out0.03427.h5
   assuming source M87: ra 12.514 hr: dec 12.391 deg
Loading hdf5 image:  /project/u2grc/Nikola/newSimulations/KerrLow/ipole/n_-1_res_160/image_torus.out0.03428.h5
   assuming source M87: ra 12.514 hr: dec 12.391 deg
Loading hdf5 image:  /project/u2grc/Nikola/newSimulations/KerrLow/ipole/n_-1_res_160/image_torus.out0.03429.h5
   assuming source M87: ra 12.514 hr: dec 12.391 deg
Loading hdf5 image:  /project/u2grc/Nikola/newSimulations/KerrLow/ipole/n_-1_res_160/image_torus.out0.03430.h5
   assuming source M87: ra 12.514 hr: dec 12.391 deg
Loading hdf5 image:  /project/u2grc/Nikola/newSimulations/KerrLow/ipole/n_-1_res_160/image_torus.out0.03431.h5
   assuming source M87: ra 12.514 hr: dec 12.391 deg
Loading hdf5 image:  /project/u2grc/Nikola/newSimulations/KerrLow/ipole/n_-1_res_160/image_torus.out0.03432.h5
   assuming source M87: ra 12.514 hr: dec 12.391 deg
Loading hdf5 image:  /project/u2grc/Nikola/newSimulations/KerrLow/ipole/n_-1_res_160/image_torus.out0.03433.h5
   assuming source M87: ra 12.514 hr: dec 12.391 deg
Loading hdf5 image:  /project/u2grc/Nikola/newSimulations/KerrLow/ipole/n_-1_res_160/image_torus.out0.03434.h5
   assuming source M87: ra 12.514 hr: dec 12.391 deg
Loading hdf5 image:  /project/u2grc/Nikola/newSimulations/KerrLow/ipole/n_-1_res_160/image_torus.out0.03435.h5
   assuming source M87: ra 12.514 hr: dec 12.391 deg
Loading hdf5 image:  /project/u2grc/Nikola/newSimulations/KerrLow/ipole/n_-1_res_160/image_torus.out0.03436.h5
   assuming source M87: ra 12.514 hr: dec 12.391 deg
Loading hdf5 image:  /project/u2grc/Nikola/newSimulations/KerrLow/ipole/n_-1_res_160/image_torus.out0.03437.h5
   assuming source M87: ra 12.514 hr: dec 12.391 deg
Loading hdf5 image:  /project/u2grc/Nikola/newSimulations/KerrLow/ipole/n_-1_res_160/image_torus.out0.03438.h5
   assuming source M87: ra 12.514 hr: dec 12.391 deg
Loading hdf5 image:  /project/u2grc/Nikola/newSimulations/KerrLow/ipole/n_-1_res_160/image_torus.out0.03439.h5
   assuming source M87: ra 12.514 hr: dec 12.391 deg
Loading hdf5 image:  /project/u2grc/Nikola/newSimulations/KerrLow/ipole/n_-1_res_160/image_torus.out0.03440.h5
   assuming source M87: ra 12.514 hr: dec 12.391 deg
Loading hdf5 image:  /project/u2grc/Nikola/newSimulations/KerrLow/ipole/n_-1_res_160/image_torus.out0.03441.h5
   assuming source M87: ra 12.514 hr: dec 12.391 deg
Loading hdf5 image:  /project/u2grc/Nikola/newSimulations/KerrLow/ipole/n_-1_res_160/image_torus.out0.03442.h5
   assuming source M87: ra 12.514 hr: dec 12.391 deg
Loading hdf5 image:  /project/u2grc/Nikola/newSimulations/KerrLow/ipole/n_-1_res_160/image_torus.out0.03443.h5
   assuming source M87: ra 12.514 hr: dec 12.391 deg
Loading hdf5 image:  /project/u2grc/Nikola/newSimulations/KerrLow/ipole/n_-1_res_160/image_torus.out0.03444.h5
   assuming source M87: ra 12.514 hr: dec 12.391 deg
Loading hdf5 image:  /project/u2grc/Nikola/newSimulations/KerrLow/ipole/n_-1_res_160/image_torus.out0.03445.h5
   assuming source M87: ra 12.514 hr: dec 12.391 deg
Loading hdf5 image:  /project/u2grc/Nikola/newSimulations/KerrLow/ipole/n_-1_res_160/image_torus.out0.03446.h5
   assuming source M87: ra 12.514 hr: dec 12.391 deg
Loading hdf5 image:  /project/u2grc/Nikola/newSimulations/KerrLow/ipole/n_-1_res_160/image_torus.out0.03447.h5
   assuming source M87: ra 12.514 hr: dec 12.391 deg
Loading hdf5 image:  /project/u2grc/Nikola/newSimulations/KerrLow/ipole/n_-1_res_160/image_torus.out0.03448.h5
   assuming source M87: ra 12.514 hr: dec 12.391 deg
Loading hdf5 image:  /project/u2grc/Nikola/newSimulations/KerrLow/ipole/n_-1_res_160/image_torus.out0.03449.h5
   assuming source M87: ra 12.514 hr: dec 12.391 deg
Loading hdf5 image:  /project/u2grc/Nikola/newSimulations/KerrLow/ipole/n_-1_res_160/image_torus.out0.03450.h5
   assuming source M87: ra 12.514 hr: dec 12.391 deg
Loading hdf5 image:  /project/u2grc/Nikola/newSimulations/KerrLow/ipole/n_-1_res_160/image_torus.out0.03451.h5
   assuming source M87: ra 12.514 hr: dec 12.391 deg
Loading hdf5 image:  /project/u2grc/Nikola/newSimulations/KerrLow/ipole/n_-1_res_160/image_torus.out0.03452.h5
   assuming source M87: ra 12.514 hr: dec 12.391 deg
Loading hdf5 image:  /project/u2grc/Nikola/newSimulations/KerrLow/ipole/n_-1_res_160/image_torus.out0.03453.h5
   assuming source M87: ra 12.514 hr: dec 12.391 deg
Loading hdf5 image:  /project/u2grc/Nikola/newSimulations/KerrLow/ipole/n_-1_res_160/image_torus.out0.03454.h5
   assuming source M87: ra 12.514 hr: dec 12.391 deg
Loading hdf5 image:  /project/u2grc/Nikola/newSimulations/KerrLow/ipole/n_-1_res_160/image_torus.out0.03455.h5
   assuming source M87: ra 12.514 hr: dec 12.391 deg
Loading hdf5 image:  /project/u2grc/Nikola/newSimulations/KerrLow/ipole/n_-1_res_160/image_torus.out0.03456.h5
   assuming source M87: ra 12.514 hr: dec 12.391 deg
Loading hdf5 image:  /project/u2grc/Nikola/newSimulations/KerrLow/ipole/n_-1_res_160/image_torus.out0.03457.h5
   assuming source M87: ra 12.514 hr: dec 12.391 deg
Loading hdf5 image:  /project/u2grc/Nikola/newSimulations/KerrLow/ipole/n_-1_res_160/image_torus.out0.03458.h5
   assuming source M87: ra 12.514 hr: dec 12.391 deg
Loading hdf5 image:  /project/u2grc/Nikola/newSimulations/KerrLow/ipole/n_-1_res_160/image_torus.out0.03459.h5
   assuming source M87: ra 12.514 hr: dec 12.391 deg
Loading hdf5 image:  /project/u2grc/Nikola/newSimulations/KerrLow/ipole/n_-1_res_160/image_torus.out0.03460.h5
   assuming source M87: ra 12.514 hr: dec 12.391 deg
Loading hdf5 image:  /project/u2grc/Nikola/newSimulations/KerrLow/ipole/n_-1_res_160/image_torus.out0.03461.h5
   assuming source M87: ra 12.514 hr: dec 12.391 deg
Loading hdf5 image:  /project/u2grc/Nikola/newSimulations/KerrLow/ipole/n_-1_res_160/image_torus.out0.03462.h5
   assuming source M87: ra 12.514 hr: dec 12.391 deg
Loading hdf5 image:  /project/u2grc/Nikola/newSimulations/KerrLow/ipole/n_-1_res_160/image_torus.out0.03463.h5
   assuming source M87: ra 12.514 hr: dec 12.391 deg
Loading hdf5 image:  /project/u2grc/Nikola/newSimulations/KerrLow/ipole/n_-1_res_160/image_torus.out0.03464.h5
   assuming source M87: ra 12.514 hr: dec 12.391 deg
Loading hdf5 image:  /project/u2grc/Nikola/newSimulations/KerrLow/ipole/n_-1_res_160/image_torus.out0.03465.h5
   assuming source M87: ra 12.514 hr: dec 12.391 deg
Loading hdf5 image:  /project/u2grc/Nikola/newSimulations/KerrLow/ipole/n_-1_res_160/image_torus.out0.03466.h5
   assuming source M87: ra 12.514 hr: dec 12.391 deg
Loading hdf5 image:  /project/u2grc/Nikola/newSimulations/KerrLow/ipole/n_-1_res_160/image_torus.out0.03467.h5
   assuming source M87: ra 12.514 hr: dec 12.391 deg
Loading hdf5 image:  /project/u2grc/Nikola/newSimulations/KerrLow/ipole/n_-1_res_160/image_torus.out0.03468.h5
   assuming source M87: ra 12.514 hr: dec 12.391 deg
Loading hdf5 image:  /project/u2grc/Nikola/newSimulations/KerrLow/ipole/n_-1_res_160/image_torus.out0.03469.h5
   assuming source M87: ra 12.514 hr: dec 12.391 deg
Loading hdf5 image:  /project/u2grc/Nikola/newSimulations/KerrLow/ipole/n_-1_res_160/image_torus.out0.03470.h5
   assuming source M87: ra 12.514 hr: dec 12.391 deg
Loading hdf5 image:  /project/u2grc/Nikola/newSimulations/KerrLow/ipole/n_-1_res_160/image_torus.out0.03471.h5
   assuming source M87: ra 12.514 hr: dec 12.391 deg
Loading hdf5 image:  /project/u2grc/Nikola/newSimulations/KerrLow/ipole/n_-1_res_160/image_torus.out0.03472.h5
   assuming source M87: ra 12.514 hr: dec 12.391 deg
Loading hdf5 image:  /project/u2grc/Nikola/newSimulations/KerrLow/ipole/n_-1_res_160/image_torus.out0.03473.h5
   assuming source M87: ra 12.514 hr: dec 12.391 deg
Loading hdf5 image:  /project/u2grc/Nikola/newSimulations/KerrLow/ipole/n_-1_res_160/image_torus.out0.03474.h5
   assuming source M87: ra 12.514 hr: dec 12.391 deg
Loading hdf5 image:  /project/u2grc/Nikola/newSimulations/KerrLow/ipole/n_-1_res_160/image_torus.out0.03475.h5
   assuming source M87: ra 12.514 hr: dec 12.391 deg
Loading hdf5 image:  /project/u2grc/Nikola/newSimulations/KerrLow/ipole/n_-1_res_160/image_torus.out0.03476.h5
   assuming source M87: ra 12.514 hr: dec 12.391 deg
Loading hdf5 image:  /project/u2grc/Nikola/newSimulations/KerrLow/ipole/n_-1_res_160/image_torus.out0.03477.h5
   assuming source M87: ra 12.514 hr: dec 12.391 deg
Loading hdf5 image:  /project/u2grc/Nikola/newSimulations/KerrLow/ipole/n_-1_res_160/image_torus.out0.03478.h5
   assuming source M87: ra 12.514 hr: dec 12.391 deg
Loading hdf5 image:  /project/u2grc/Nikola/newSimulations/KerrLow/ipole/n_-1_res_160/image_torus.out0.03479.h5
   assuming source M87: ra 12.514 hr: dec 12.391 deg
Loading hdf5 image:  /project/u2grc/Nikola/newSimulations/KerrLow/ipole/n_-1_res_160/image_torus.out0.03480.h5
   assuming source M87: ra 12.514 hr: dec 12.391 deg
Loading hdf5 image:  /project/u2grc/Nikola/newSimulations/KerrLow/ipole/n_-1_res_160/image_torus.out0.03481.h5
   assuming source M87: ra 12.514 hr: dec 12.391 deg
Loading hdf5 image:  /project/u2grc/Nikola/newSimulations/KerrLow/ipole/n_-1_res_160/image_torus.out0.03482.h5
   assuming source M87: ra 12.514 hr: dec 12.391 deg
Loading hdf5 image:  /project/u2grc/Nikola/newSimulations/KerrLow/ipole/n_-1_res_160/image_torus.out0.03483.h5
   assuming source M87: ra 12.514 hr: dec 12.391 deg
Loading hdf5 image:  /project/u2grc/Nikola/newSimulations/KerrLow/ipole/n_-1_res_160/image_torus.out0.03484.h5
   assuming source M87: ra 12.514 hr: dec 12.391 deg
Loading hdf5 image:  /project/u2grc/Nikola/newSimulations/KerrLow/ipole/n_-1_res_160/image_torus.out0.03485.h5
   assuming source M87: ra 12.514 hr: dec 12.391 deg
Loading hdf5 image:  /project/u2grc/Nikola/newSimulations/KerrLow/ipole/n_-1_res_160/image_torus.out0.03486.h5
   assuming source M87: ra 12.514 hr: dec 12.391 deg
Loading hdf5 image:  /project/u2grc/Nikola/newSimulations/KerrLow/ipole/n_-1_res_160/image_torus.out0.03487.h5
   assuming source M87: ra 12.514 hr: dec 12.391 deg
Loading hdf5 image:  /project/u2grc/Nikola/newSimulations/KerrLow/ipole/n_-1_res_160/image_torus.out0.03488.h5
   assuming source M87: ra 12.514 hr: dec 12.391 deg
Loading hdf5 image:  /project/u2grc/Nikola/newSimulations/KerrLow/ipole/n_-1_res_160/image_torus.out0.03489.h5
   assuming source M87: ra 12.514 hr: dec 12.391 deg
Loading hdf5 image:  /project/u2grc/Nikola/newSimulations/KerrLow/ipole/n_-1_res_160/image_torus.out0.03490.h5
   assuming source M87: ra 12.514 hr: dec 12.391 deg
Loading hdf5 image:  /project/u2grc/Nikola/newSimulations/KerrLow/ipole/n_-1_res_160/image_torus.out0.03491.h5
   assuming source M87: ra 12.514 hr: dec 12.391 deg
Loading hdf5 image:  /project/u2grc/Nikola/newSimulations/KerrLow/ipole/n_-1_res_160/image_torus.out0.03492.h5
   assuming source M87: ra 12.514 hr: dec 12.391 deg
Loading hdf5 image:  /project/u2grc/Nikola/newSimulations/KerrLow/ipole/n_-1_res_160/image_torus.out0.03493.h5
   assuming source M87: ra 12.514 hr: dec 12.391 deg
Loading hdf5 image:  /project/u2grc/Nikola/newSimulations/KerrLow/ipole/n_-1_res_160/image_torus.out0.03494.h5
   assuming source M87: ra 12.514 hr: dec 12.391 deg
Loading hdf5 image:  /project/u2grc/Nikola/newSimulations/KerrLow/ipole/n_-1_res_160/image_torus.out0.03495.h5
   assuming source M87: ra 12.514 hr: dec 12.391 deg
Loading hdf5 image:  /project/u2grc/Nikola/newSimulations/KerrLow/ipole/n_-1_res_160/image_torus.out0.03496.h5
   assuming source M87: ra 12.514 hr: dec 12.391 deg
Loading hdf5 image:  /project/u2grc/Nikola/newSimulations/KerrLow/ipole/n_-1_res_160/image_torus.out0.03497.h5
   assuming source M87: ra 12.514 hr: dec 12.391 deg
Loading hdf5 image:  /project/u2grc/Nikola/newSimulations/KerrLow/ipole/n_-1_res_160/image_torus.out0.03498.h5
   assuming source M87: ra 12.514 hr: dec 12.391 deg
Loading hdf5 image:  /project/u2grc/Nikola/newSimulations/KerrLow/ipole/n_-1_res_160/image_torus.out0.03499.h5
   assuming source M87: ra 12.514 hr: dec 12.391 deg
Loading hdf5 image:  /project/u2grc/Nikola/newSimulations/KerrLow/ipole/n_-1_res_160/image_torus.out0.03500.h5
   assuming source M87: ra 12.514 hr: dec 12.391 deg
Loading hdf5 image:  /project/u2grc/Nikola/newSimulations/KerrLow/ipole/n_-1_res_160/image_torus.out0.03501.h5
   assuming source M87: ra 12.514 hr: dec 12.391 deg
Loading hdf5 image:  /project/u2grc/Nikola/newSimulations/KerrLow/ipole/n_-1_res_160/image_torus.out0.03502.h5
   assuming source M87: ra 12.514 hr: dec 12.391 deg
Loading hdf5 image:  /project/u2grc/Nikola/newSimulations/KerrLow/ipole/n_-1_res_160/image_torus.out0.03503.h5
   assuming source M87: ra 12.514 hr: dec 12.391 deg
Loading hdf5 image:  /project/u2grc/Nikola/newSimulations/KerrLow/ipole/n_-1_res_160/image_torus.out0.03504.h5
   assuming source M87: ra 12.514 hr: dec 12.391 deg
Loading hdf5 image:  /project/u2grc/Nikola/newSimulations/KerrLow/ipole/n_-1_res_160/image_torus.out0.03505.h5
   assuming source M87: ra 12.514 hr: dec 12.391 deg
Loading hdf5 image:  /project/u2grc/Nikola/newSimulations/KerrLow/ipole/n_-1_res_160/image_torus.out0.03506.h5
   assuming source M87: ra 12.514 hr: dec 12.391 deg
Loading hdf5 image:  /project/u2grc/Nikola/newSimulations/KerrLow/ipole/n_-1_res_160/image_torus.out0.03507.h5
   assuming source M87: ra 12.514 hr: dec 12.391 deg
Loading hdf5 image:  /project/u2grc/Nikola/newSimulations/KerrLow/ipole/n_-1_res_160/image_torus.out0.03508.h5
   assuming source M87: ra 12.514 hr: dec 12.391 deg
Loading hdf5 image:  /project/u2grc/Nikola/newSimulations/KerrLow/ipole/n_-1_res_160/image_torus.out0.03509.h5
   assuming source M87: ra 12.514 hr: dec 12.391 deg
Loading hdf5 image:  /project/u2grc/Nikola/newSimulations/KerrLow/ipole/n_-1_res_160/image_torus.out0.03510.h5
   assuming source M87: ra 12.514 hr: dec 12.391 deg
Loading hdf5 image:  /project/u2grc/Nikola/newSimulations/KerrLow/ipole/n_-1_res_160/image_torus.out0.03511.h5
   assuming source M87: ra 12.514 hr: dec 12.391 deg
Loading hdf5 image:  /project/u2grc/Nikola/newSimulations/KerrLow/ipole/n_-1_res_160/image_torus.out0.03512.h5
   assuming source M87: ra 12.514 hr: dec 12.391 deg
Loading hdf5 image:  /project/u2grc/Nikola/newSimulations/KerrLow/ipole/n_-1_res_160/image_torus.out0.03513.h5
   assuming source M87: ra 12.514 hr: dec 12.391 deg
Loading hdf5 image:  /project/u2grc/Nikola/newSimulations/KerrLow/ipole/n_-1_res_160/image_torus.out0.03514.h5
   assuming source M87: ra 12.514 hr: dec 12.391 deg
Loading hdf5 image:  /project/u2grc/Nikola/newSimulations/KerrLow/ipole/n_-1_res_160/image_torus.out0.03515.h5
   assuming source M87: ra 12.514 hr: dec 12.391 deg
Loading hdf5 image:  /project/u2grc/Nikola/newSimulations/KerrLow/ipole/n_-1_res_160/image_torus.out0.03516.h5
   assuming source M87: ra 12.514 hr: dec 12.391 deg
Loading hdf5 image:  /project/u2grc/Nikola/newSimulations/KerrLow/ipole/n_-1_res_160/image_torus.out0.03517.h5
   assuming source M87: ra 12.514 hr: dec 12.391 deg
Loading hdf5 image:  /project/u2grc/Nikola/newSimulations/KerrLow/ipole/n_-1_res_160/image_torus.out0.03518.h5
   assuming source M87: ra 12.514 hr: dec 12.391 deg
Loading hdf5 image:  /project/u2grc/Nikola/newSimulations/KerrLow/ipole/n_-1_res_160/image_torus.out0.03519.h5
   assuming source M87: ra 12.514 hr: dec 12.391 deg
Loading hdf5 image:  /project/u2grc/Nikola/newSimulations/KerrLow/ipole/n_-1_res_160/image_torus.out0.03520.h5
   assuming source M87: ra 12.514 hr: dec 12.391 deg
Loading hdf5 image:  /project/u2grc/Nikola/newSimulations/KerrLow/ipole/n_-1_res_160/image_torus.out0.03521.h5
   assuming source M87: ra 12.514 hr: dec 12.391 deg
Loading hdf5 image:  /project/u2grc/Nikola/newSimulations/KerrLow/ipole/n_-1_res_160/image_torus.out0.03522.h5
   assuming source M87: ra 12.514 hr: dec 12.391 deg
Loading hdf5 image:  /project/u2grc/Nikola/newSimulations/KerrLow/ipole/n_-1_res_160/image_torus.out0.03523.h5
   assuming source M87: ra 12.514 hr: dec 12.391 deg
Loading hdf5 image:  /project/u2grc/Nikola/newSimulations/KerrLow/ipole/n_-1_res_160/image_torus.out0.03524.h5
   assuming source M87: ra 12.514 hr: dec 12.391 deg
Loading hdf5 image:  /project/u2grc/Nikola/newSimulations/KerrLow/ipole/n_-1_res_160/image_torus.out0.03525.h5
   assuming source M87: ra 12.514 hr: dec 12.391 deg
Loading hdf5 image:  /project/u2grc/Nikola/newSimulations/KerrLow/ipole/n_-1_res_160/image_torus.out0.03526.h5
   assuming source M87: ra 12.514 hr: dec 12.391 deg
Loading hdf5 image:  /project/u2grc/Nikola/newSimulations/KerrLow/ipole/n_-1_res_160/image_torus.out0.03527.h5
   assuming source M87: ra 12.514 hr: dec 12.391 deg
Loading hdf5 image:  /project/u2grc/Nikola/newSimulations/KerrLow/ipole/n_-1_res_160/image_torus.out0.03528.h5
   assuming source M87: ra 12.514 hr: dec 12.391 deg
Loading hdf5 image:  /project/u2grc/Nikola/newSimulations/KerrLow/ipole/n_-1_res_160/image_torus.out0.03529.h5
   assuming source M87: ra 12.514 hr: dec 12.391 deg
Loading hdf5 image:  /project/u2grc/Nikola/newSimulations/KerrLow/ipole/n_-1_res_160/image_torus.out0.03530.h5
   assuming source M87: ra 12.514 hr: dec 12.391 deg
Loading hdf5 image:  /project/u2grc/Nikola/newSimulations/KerrLow/ipole/n_-1_res_160/image_torus.out0.03531.h5
   assuming source M87: ra 12.514 hr: dec 12.391 deg
Loading hdf5 image:  /project/u2grc/Nikola/newSimulations/KerrLow/ipole/n_-1_res_160/image_torus.out0.03532.h5
   assuming source M87: ra 12.514 hr: dec 12.391 deg
Loading hdf5 image:  /project/u2grc/Nikola/newSimulations/KerrLow/ipole/n_-1_res_160/image_torus.out0.03533.h5
   assuming source M87: ra 12.514 hr: dec 12.391 deg
Loading hdf5 image:  /project/u2grc/Nikola/newSimulations/KerrLow/ipole/n_-1_res_160/image_torus.out0.03534.h5
   assuming source M87: ra 12.514 hr: dec 12.391 deg
Loading hdf5 image:  /project/u2grc/Nikola/newSimulations/KerrLow/ipole/n_-1_res_160/image_torus.out0.03535.h5
   assuming source M87: ra 12.514 hr: dec 12.391 deg
Loading hdf5 image:  /project/u2grc/Nikola/newSimulations/KerrLow/ipole/n_-1_res_160/image_torus.out0.03536.h5
   assuming source M87: ra 12.514 hr: dec 12.391 deg
Loading hdf5 image:  /project/u2grc/Nikola/newSimulations/KerrLow/ipole/n_-1_res_160/image_torus.out0.03537.h5
   assuming source M87: ra 12.514 hr: dec 12.391 deg
Loading hdf5 image:  /project/u2grc/Nikola/newSimulations/KerrLow/ipole/n_-1_res_160/image_torus.out0.03538.h5
   assuming source M87: ra 12.514 hr: dec 12.391 deg
Loading hdf5 image:  /project/u2grc/Nikola/newSimulations/KerrLow/ipole/n_-1_res_160/image_torus.out0.03539.h5
   assuming source M87: ra 12.514 hr: dec 12.391 deg
Loading hdf5 image:  /project/u2grc/Nikola/newSimulations/KerrLow/ipole/n_-1_res_160/image_torus.out0.03540.h5
   assuming source M87: ra 12.514 hr: dec 12.391 deg
Loading hdf5 image:  /project/u2grc/Nikola/newSimulations/KerrLow/ipole/n_-1_res_160/image_torus.out0.03541.h5
   assuming source M87: ra 12.514 hr: dec 12.391 deg
Loading hdf5 image:  /project/u2grc/Nikola/newSimulations/KerrLow/ipole/n_-1_res_160/image_torus.out0.03542.h5
   assuming source M87: ra 12.514 hr: dec 12.391 deg
Loading hdf5 image:  /project/u2grc/Nikola/newSimulations/KerrLow/ipole/n_-1_res_160/image_torus.out0.03543.h5
   assuming source M87: ra 12.514 hr: dec 12.391 deg
Loading hdf5 image:  /project/u2grc/Nikola/newSimulations/KerrLow/ipole/n_-1_res_160/image_torus.out0.03544.h5
   assuming source M87: ra 12.514 hr: dec 12.391 deg
Loading hdf5 image:  /project/u2grc/Nikola/newSimulations/KerrLow/ipole/n_-1_res_160/image_torus.out0.03545.h5
   assuming source M87: ra 12.514 hr: dec 12.391 deg
Loading hdf5 image:  /project/u2grc/Nikola/newSimulations/KerrLow/ipole/n_-1_res_160/image_torus.out0.03546.h5
   assuming source M87: ra 12.514 hr: dec 12.391 deg
Loading hdf5 image:  /project/u2grc/Nikola/newSimulations/KerrLow/ipole/n_-1_res_160/image_torus.out0.03547.h5
   assuming source M87: ra 12.514 hr: dec 12.391 deg
Loading hdf5 image:  /project/u2grc/Nikola/newSimulations/KerrLow/ipole/n_-1_res_160/image_torus.out0.03548.h5
   assuming source M87: ra 12.514 hr: dec 12.391 deg
Loading hdf5 image:  /project/u2grc/Nikola/newSimulations/KerrLow/ipole/n_-1_res_160/image_torus.out0.03549.h5
   assuming source M87: ra 12.514 hr: dec 12.391 deg
Loading hdf5 image:  /project/u2grc/Nikola/newSimulations/KerrLow/ipole/n_-1_res_160/image_torus.out0.03550.h5
   assuming source M87: ra 12.514 hr: dec 12.391 deg
Loading hdf5 image:  /project/u2grc/Nikola/newSimulations/KerrLow/ipole/n_-1_res_160/image_torus.out0.03551.h5
   assuming source M87: ra 12.514 hr: dec 12.391 deg
Loading hdf5 image:  /project/u2grc/Nikola/newSimulations/KerrLow/ipole/n_-1_res_160/image_torus.out0.03552.h5
   assuming source M87: ra 12.514 hr: dec 12.391 deg
Loading hdf5 image:  /project/u2grc/Nikola/newSimulations/KerrLow/ipole/n_-1_res_160/image_torus.out0.03553.h5
   assuming source M87: ra 12.514 hr: dec 12.391 deg
Loading hdf5 image:  /project/u2grc/Nikola/newSimulations/KerrLow/ipole/n_-1_res_160/image_torus.out0.03554.h5
   assuming source M87: ra 12.514 hr: dec 12.391 deg
Loading hdf5 image:  /project/u2grc/Nikola/newSimulations/KerrLow/ipole/n_-1_res_160/image_torus.out0.03555.h5
   assuming source M87: ra 12.514 hr: dec 12.391 deg
Loading hdf5 image:  /project/u2grc/Nikola/newSimulations/KerrLow/ipole/n_-1_res_160/image_torus.out0.03556.h5
   assuming source M87: ra 12.514 hr: dec 12.391 deg
Loading hdf5 image:  /project/u2grc/Nikola/newSimulations/KerrLow/ipole/n_-1_res_160/image_torus.out0.03557.h5
   assuming source M87: ra 12.514 hr: dec 12.391 deg
Loading hdf5 image:  /project/u2grc/Nikola/newSimulations/KerrLow/ipole/n_-1_res_160/image_torus.out0.03558.h5
   assuming source M87: ra 12.514 hr: dec 12.391 deg
Loading hdf5 image:  /project/u2grc/Nikola/newSimulations/KerrLow/ipole/n_-1_res_160/image_torus.out0.03559.h5
   assuming source M87: ra 12.514 hr: dec 12.391 deg
Loading hdf5 image:  /project/u2grc/Nikola/newSimulations/KerrLow/ipole/n_-1_res_160/image_torus.out0.03560.h5
   assuming source M87: ra 12.514 hr: dec 12.391 deg
Loading hdf5 image:  /project/u2grc/Nikola/newSimulations/KerrLow/ipole/n_-1_res_160/image_torus.out0.03561.h5
   assuming source M87: ra 12.514 hr: dec 12.391 deg
Loading hdf5 image:  /project/u2grc/Nikola/newSimulations/KerrLow/ipole/n_-1_res_160/image_torus.out0.03562.h5
   assuming source M87: ra 12.514 hr: dec 12.391 deg
Loading hdf5 image:  /project/u2grc/Nikola/newSimulations/KerrLow/ipole/n_-1_res_160/image_torus.out0.03563.h5
   assuming source M87: ra 12.514 hr: dec 12.391 deg
Loading hdf5 image:  /project/u2grc/Nikola/newSimulations/KerrLow/ipole/n_-1_res_160/image_torus.out0.03564.h5
   assuming source M87: ra 12.514 hr: dec 12.391 deg
Loading hdf5 image:  /project/u2grc/Nikola/newSimulations/KerrLow/ipole/n_-1_res_160/image_torus.out0.03565.h5
   assuming source M87: ra 12.514 hr: dec 12.391 deg
Loading hdf5 image:  /project/u2grc/Nikola/newSimulations/KerrLow/ipole/n_-1_res_160/image_torus.out0.03566.h5
   assuming source M87: ra 12.514 hr: dec 12.391 deg
Loading hdf5 image:  /project/u2grc/Nikola/newSimulations/KerrLow/ipole/n_-1_res_160/image_torus.out0.03567.h5
   assuming source M87: ra 12.514 hr: dec 12.391 deg
Loading hdf5 image:  /project/u2grc/Nikola/newSimulations/KerrLow/ipole/n_-1_res_160/image_torus.out0.03568.h5
   assuming source M87: ra 12.514 hr: dec 12.391 deg
Loading hdf5 image:  /project/u2grc/Nikola/newSimulations/KerrLow/ipole/n_-1_res_160/image_torus.out0.03569.h5
   assuming source M87: ra 12.514 hr: dec 12.391 deg
Loading hdf5 image:  /project/u2grc/Nikola/newSimulations/KerrLow/ipole/n_-1_res_160/image_torus.out0.03570.h5
   assuming source M87: ra 12.514 hr: dec 12.391 deg
Loading hdf5 image:  /project/u2grc/Nikola/newSimulations/KerrLow/ipole/n_-1_res_160/image_torus.out0.03571.h5
   assuming source M87: ra 12.514 hr: dec 12.391 deg
Loading hdf5 image:  /project/u2grc/Nikola/newSimulations/KerrLow/ipole/n_-1_res_160/image_torus.out0.03572.h5
   assuming source M87: ra 12.514 hr: dec 12.391 deg
Loading hdf5 image:  /project/u2grc/Nikola/newSimulations/KerrLow/ipole/n_-1_res_160/image_torus.out0.03573.h5
   assuming source M87: ra 12.514 hr: dec 12.391 deg
Loading hdf5 image:  /project/u2grc/Nikola/newSimulations/KerrLow/ipole/n_-1_res_160/image_torus.out0.03574.h5
   assuming source M87: ra 12.514 hr: dec 12.391 deg
Loading hdf5 image:  /project/u2grc/Nikola/newSimulations/KerrLow/ipole/n_-1_res_160/image_torus.out0.03575.h5
   assuming source M87: ra 12.514 hr: dec 12.391 deg
Loading hdf5 image:  /project/u2grc/Nikola/newSimulations/KerrLow/ipole/n_-1_res_160/image_torus.out0.03576.h5
   assuming source M87: ra 12.514 hr: dec 12.391 deg
Loading hdf5 image:  /project/u2grc/Nikola/newSimulations/KerrLow/ipole/n_-1_res_160/image_torus.out0.03577.h5
   assuming source M87: ra 12.514 hr: dec 12.391 deg
Loading hdf5 image:  /project/u2grc/Nikola/newSimulations/KerrLow/ipole/n_-1_res_160/image_torus.out0.03578.h5
   assuming source M87: ra 12.514 hr: dec 12.391 deg
Loading hdf5 image:  /project/u2grc/Nikola/newSimulations/KerrLow/ipole/n_-1_res_160/image_torus.out0.03579.h5
   assuming source M87: ra 12.514 hr: dec 12.391 deg
Loading hdf5 image:  /project/u2grc/Nikola/newSimulations/KerrLow/ipole/n_-1_res_160/image_torus.out0.03580.h5
   assuming source M87: ra 12.514 hr: dec 12.391 deg
Loading hdf5 image:  /project/u2grc/Nikola/newSimulations/KerrLow/ipole/n_-1_res_160/image_torus.out0.03581.h5
   assuming source M87: ra 12.514 hr: dec 12.391 deg
Loading hdf5 image:  /project/u2grc/Nikola/newSimulations/KerrLow/ipole/n_-1_res_160/image_torus.out0.03582.h5
   assuming source M87: ra 12.514 hr: dec 12.391 deg
Loading hdf5 image:  /project/u2grc/Nikola/newSimulations/KerrLow/ipole/n_-1_res_160/image_torus.out0.03583.h5
   assuming source M87: ra 12.514 hr: dec 12.391 deg
Loading hdf5 image:  /project/u2grc/Nikola/newSimulations/KerrLow/ipole/n_-1_res_160/image_torus.out0.03584.h5
   assuming source M87: ra 12.514 hr: dec 12.391 deg
Loading hdf5 image:  /project/u2grc/Nikola/newSimulations/KerrLow/ipole/n_-1_res_160/image_torus.out0.03585.h5
   assuming source M87: ra 12.514 hr: dec 12.391 deg
Loading hdf5 image:  /project/u2grc/Nikola/newSimulations/KerrLow/ipole/n_-1_res_160/image_torus.out0.03586.h5
   assuming source M87: ra 12.514 hr: dec 12.391 deg
Loading hdf5 image:  /project/u2grc/Nikola/newSimulations/KerrLow/ipole/n_-1_res_160/image_torus.out0.03587.h5
   assuming source M87: ra 12.514 hr: dec 12.391 deg
Loading hdf5 image:  /project/u2grc/Nikola/newSimulations/KerrLow/ipole/n_-1_res_160/image_torus.out0.03588.h5
   assuming source M87: ra 12.514 hr: dec 12.391 deg
Loading hdf5 image:  /project/u2grc/Nikola/newSimulations/KerrLow/ipole/n_-1_res_160/image_torus.out0.03589.h5
   assuming source M87: ra 12.514 hr: dec 12.391 deg
Loading hdf5 image:  /project/u2grc/Nikola/newSimulations/KerrLow/ipole/n_-1_res_160/image_torus.out0.03590.h5
   assuming source M87: ra 12.514 hr: dec 12.391 deg
Loading hdf5 image:  /project/u2grc/Nikola/newSimulations/KerrLow/ipole/n_-1_res_160/image_torus.out0.03591.h5
   assuming source M87: ra 12.514 hr: dec 12.391 deg
Loading hdf5 image:  /project/u2grc/Nikola/newSimulations/KerrLow/ipole/n_-1_res_160/image_torus.out0.03592.h5
   assuming source M87: ra 12.514 hr: dec 12.391 deg
Loading hdf5 image:  /project/u2grc/Nikola/newSimulations/KerrLow/ipole/n_-1_res_160/image_torus.out0.03593.h5
   assuming source M87: ra 12.514 hr: dec 12.391 deg
Loading hdf5 image:  /project/u2grc/Nikola/newSimulations/KerrLow/ipole/n_-1_res_160/image_torus.out0.03594.h5
   assuming source M87: ra 12.514 hr: dec 12.391 deg
Loading hdf5 image:  /project/u2grc/Nikola/newSimulations/KerrLow/ipole/n_-1_res_160/image_torus.out0.03595.h5
   assuming source M87: ra 12.514 hr: dec 12.391 deg
Loading hdf5 image:  /project/u2grc/Nikola/newSimulations/KerrLow/ipole/n_-1_res_160/image_torus.out0.03596.h5
   assuming source M87: ra 12.514 hr: dec 12.391 deg
Loading hdf5 image:  /project/u2grc/Nikola/newSimulations/KerrLow/ipole/n_-1_res_160/image_torus.out0.03597.h5
   assuming source M87: ra 12.514 hr: dec 12.391 deg
Loading hdf5 image:  /project/u2grc/Nikola/newSimulations/KerrLow/ipole/n_-1_res_160/image_torus.out0.03598.h5
   assuming source M87: ra 12.514 hr: dec 12.391 deg
Loading hdf5 image:  /project/u2grc/Nikola/newSimulations/KerrLow/ipole/n_-1_res_160/image_torus.out0.03599.h5
   assuming source M87: ra 12.514 hr: dec 12.391 deg
Loading hdf5 image:  /project/u2grc/Nikola/newSimulations/KerrLow/ipole/n_-1_res_160/image_torus.out0.03600.h5
   assuming source M87: ra 12.514 hr: dec 12.391 deg
Loading hdf5 image:  /project/u2grc/Nikola/newSimulations/KerrLow/ipole/n_-1_res_160/image_torus.out0.03601.h5
   assuming source M87: ra 12.514 hr: dec 12.391 deg
Loading hdf5 image:  /project/u2grc/Nikola/newSimulations/KerrLow/ipole/n_-1_res_160/image_torus.out0.03602.h5
   assuming source M87: ra 12.514 hr: dec 12.391 deg
Loading hdf5 image:  /project/u2grc/Nikola/newSimulations/KerrLow/ipole/n_-1_res_160/image_torus.out0.03603.h5
   assuming source M87: ra 12.514 hr: dec 12.391 deg
Loading hdf5 image:  /project/u2grc/Nikola/newSimulations/KerrLow/ipole/n_-1_res_160/image_torus.out0.03604.h5
   assuming source M87: ra 12.514 hr: dec 12.391 deg
Loading hdf5 image:  /project/u2grc/Nikola/newSimulations/KerrLow/ipole/n_-1_res_160/image_torus.out0.03605.h5
   assuming source M87: ra 12.514 hr: dec 12.391 deg
Loading hdf5 image:  /project/u2grc/Nikola/newSimulations/KerrLow/ipole/n_-1_res_160/image_torus.out0.03606.h5
   assuming source M87: ra 12.514 hr: dec 12.391 deg
Loading hdf5 image:  /project/u2grc/Nikola/newSimulations/KerrLow/ipole/n_-1_res_160/image_torus.out0.03607.h5
   assuming source M87: ra 12.514 hr: dec 12.391 deg
Loading hdf5 image:  /project/u2grc/Nikola/newSimulations/KerrLow/ipole/n_-1_res_160/image_torus.out0.03608.h5
   assuming source M87: ra 12.514 hr: dec 12.391 deg
Loading hdf5 image:  /project/u2grc/Nikola/newSimulations/KerrLow/ipole/n_-1_res_160/image_torus.out0.03609.h5
   assuming source M87: ra 12.514 hr: dec 12.391 deg
Loading hdf5 image:  /project/u2grc/Nikola/newSimulations/KerrLow/ipole/n_-1_res_160/image_torus.out0.03610.h5
   assuming source M87: ra 12.514 hr: dec 12.391 deg
Loading hdf5 image:  /project/u2grc/Nikola/newSimulations/KerrLow/ipole/n_-1_res_160/image_torus.out0.03611.h5
   assuming source M87: ra 12.514 hr: dec 12.391 deg
Loading hdf5 image:  /project/u2grc/Nikola/newSimulations/KerrLow/ipole/n_-1_res_160/image_torus.out0.03612.h5
   assuming source M87: ra 12.514 hr: dec 12.391 deg
Loading hdf5 image:  /project/u2grc/Nikola/newSimulations/KerrLow/ipole/n_-1_res_160/image_torus.out0.03613.h5
   assuming source M87: ra 12.514 hr: dec 12.391 deg
Loading hdf5 image:  /project/u2grc/Nikola/newSimulations/KerrLow/ipole/n_-1_res_160/image_torus.out0.03614.h5
   assuming source M87: ra 12.514 hr: dec 12.391 deg
Loading hdf5 image:  /project/u2grc/Nikola/newSimulations/KerrLow/ipole/n_-1_res_160/image_torus.out0.03615.h5
   assuming source M87: ra 12.514 hr: dec 12.391 deg
Loading hdf5 image:  /project/u2grc/Nikola/newSimulations/KerrLow/ipole/n_-1_res_160/image_torus.out0.03616.h5
   assuming source M87: ra 12.514 hr: dec 12.391 deg
Loading hdf5 image:  /project/u2grc/Nikola/newSimulations/KerrLow/ipole/n_-1_res_160/image_torus.out0.03617.h5
   assuming source M87: ra 12.514 hr: dec 12.391 deg
Loading hdf5 image:  /project/u2grc/Nikola/newSimulations/KerrLow/ipole/n_-1_res_160/image_torus.out0.03618.h5
   assuming source M87: ra 12.514 hr: dec 12.391 deg
Loading hdf5 image:  /project/u2grc/Nikola/newSimulations/KerrLow/ipole/n_-1_res_160/image_torus.out0.03619.h5
   assuming source M87: ra 12.514 hr: dec 12.391 deg
Loading hdf5 image:  /project/u2grc/Nikola/newSimulations/KerrLow/ipole/n_-1_res_160/image_torus.out0.03620.h5
   assuming source M87: ra 12.514 hr: dec 12.391 deg
Loading hdf5 image:  /project/u2grc/Nikola/newSimulations/KerrLow/ipole/n_-1_res_160/image_torus.out0.03621.h5
   assuming source M87: ra 12.514 hr: dec 12.391 deg
Loading hdf5 image:  /project/u2grc/Nikola/newSimulations/KerrLow/ipole/n_-1_res_160/image_torus.out0.03622.h5
   assuming source M87: ra 12.514 hr: dec 12.391 deg
Loading hdf5 image:  /project/u2grc/Nikola/newSimulations/KerrLow/ipole/n_-1_res_160/image_torus.out0.03623.h5
   assuming source M87: ra 12.514 hr: dec 12.391 deg
Loading hdf5 image:  /project/u2grc/Nikola/newSimulations/KerrLow/ipole/n_-1_res_160/image_torus.out0.03624.h5
   assuming source M87: ra 12.514 hr: dec 12.391 deg
Loading hdf5 image:  /project/u2grc/Nikola/newSimulations/KerrLow/ipole/n_-1_res_160/image_torus.out0.03625.h5
   assuming source M87: ra 12.514 hr: dec 12.391 deg
Loading hdf5 image:  /project/u2grc/Nikola/newSimulations/KerrLow/ipole/n_-1_res_160/image_torus.out0.03626.h5
   assuming source M87: ra 12.514 hr: dec 12.391 deg
Loading hdf5 image:  /project/u2grc/Nikola/newSimulations/KerrLow/ipole/n_-1_res_160/image_torus.out0.03627.h5
   assuming source M87: ra 12.514 hr: dec 12.391 deg
Loading hdf5 image:  /project/u2grc/Nikola/newSimulations/KerrLow/ipole/n_-1_res_160/image_torus.out0.03628.h5
   assuming source M87: ra 12.514 hr: dec 12.391 deg
Loading hdf5 image:  /project/u2grc/Nikola/newSimulations/KerrLow/ipole/n_-1_res_160/image_torus.out0.03629.h5
   assuming source M87: ra 12.514 hr: dec 12.391 deg
Loading hdf5 image:  /project/u2grc/Nikola/newSimulations/KerrLow/ipole/n_-1_res_160/image_torus.out0.03630.h5
   assuming source M87: ra 12.514 hr: dec 12.391 deg
Loading hdf5 image:  /project/u2grc/Nikola/newSimulations/KerrLow/ipole/n_-1_res_160/image_torus.out0.03631.h5
   assuming source M87: ra 12.514 hr: dec 12.391 deg
Loading hdf5 image:  /project/u2grc/Nikola/newSimulations/KerrLow/ipole/n_-1_res_160/image_torus.out0.03632.h5
   assuming source M87: ra 12.514 hr: dec 12.391 deg
Loading hdf5 image:  /project/u2grc/Nikola/newSimulations/KerrLow/ipole/n_-1_res_160/image_torus.out0.03633.h5
   assuming source M87: ra 12.514 hr: dec 12.391 deg
Loading hdf5 image:  /project/u2grc/Nikola/newSimulations/KerrLow/ipole/n_-1_res_160/image_torus.out0.03634.h5
   assuming source M87: ra 12.514 hr: dec 12.391 deg
Loading hdf5 image:  /project/u2grc/Nikola/newSimulations/KerrLow/ipole/n_-1_res_160/image_torus.out0.03635.h5
   assuming source M87: ra 12.514 hr: dec 12.391 deg
Loading hdf5 image:  /project/u2grc/Nikola/newSimulations/KerrLow/ipole/n_-1_res_160/image_torus.out0.03636.h5
   assuming source M87: ra 12.514 hr: dec 12.391 deg
Loading hdf5 image:  /project/u2grc/Nikola/newSimulations/KerrLow/ipole/n_-1_res_160/image_torus.out0.03637.h5
   assuming source M87: ra 12.514 hr: dec 12.391 deg
Loading hdf5 image:  /project/u2grc/Nikola/newSimulations/KerrLow/ipole/n_-1_res_160/image_torus.out0.03638.h5
   assuming source M87: ra 12.514 hr: dec 12.391 deg
Loading hdf5 image:  /project/u2grc/Nikola/newSimulations/KerrLow/ipole/n_-1_res_160/image_torus.out0.03639.h5
   assuming source M87: ra 12.514 hr: dec 12.391 deg
Loading hdf5 image:  /project/u2grc/Nikola/newSimulations/KerrLow/ipole/n_-1_res_160/image_torus.out0.03640.h5
   assuming source M87: ra 12.514 hr: dec 12.391 deg
Loading hdf5 image:  /project/u2grc/Nikola/newSimulations/KerrLow/ipole/n_-1_res_160/image_torus.out0.03641.h5
   assuming source M87: ra 12.514 hr: dec 12.391 deg
Loading hdf5 image:  /project/u2grc/Nikola/newSimulations/KerrLow/ipole/n_-1_res_160/image_torus.out0.03642.h5
   assuming source M87: ra 12.514 hr: dec 12.391 deg
Loading hdf5 image:  /project/u2grc/Nikola/newSimulations/KerrLow/ipole/n_-1_res_160/image_torus.out0.03643.h5
   assuming source M87: ra 12.514 hr: dec 12.391 deg
Loading hdf5 image:  /project/u2grc/Nikola/newSimulations/KerrLow/ipole/n_-1_res_160/image_torus.out0.03644.h5
   assuming source M87: ra 12.514 hr: dec 12.391 deg
Loading hdf5 image:  /project/u2grc/Nikola/newSimulations/KerrLow/ipole/n_-1_res_160/image_torus.out0.03645.h5
   assuming source M87: ra 12.514 hr: dec 12.391 deg
Loading hdf5 image:  /project/u2grc/Nikola/newSimulations/KerrLow/ipole/n_-1_res_160/image_torus.out0.03646.h5
   assuming source M87: ra 12.514 hr: dec 12.391 deg
Loading hdf5 image:  /project/u2grc/Nikola/newSimulations/KerrLow/ipole/n_-1_res_160/image_torus.out0.03647.h5
   assuming source M87: ra 12.514 hr: dec 12.391 deg
Loading hdf5 image:  /project/u2grc/Nikola/newSimulations/KerrLow/ipole/n_-1_res_160/image_torus.out0.03648.h5
   assuming source M87: ra 12.514 hr: dec 12.391 deg
Loading hdf5 image:  /project/u2grc/Nikola/newSimulations/KerrLow/ipole/n_-1_res_160/image_torus.out0.03649.h5
   assuming source M87: ra 12.514 hr: dec 12.391 deg
Loading hdf5 image:  /project/u2grc/Nikola/newSimulations/KerrLow/ipole/n_-1_res_160/image_torus.out0.03650.h5
   assuming source M87: ra 12.514 hr: dec 12.391 deg
Loading hdf5 image:  /project/u2grc/Nikola/newSimulations/KerrLow/ipole/n_-1_res_160/image_torus.out0.03651.h5
   assuming source M87: ra 12.514 hr: dec 12.391 deg
Loading hdf5 image:  /project/u2grc/Nikola/newSimulations/KerrLow/ipole/n_-1_res_160/image_torus.out0.03652.h5
   assuming source M87: ra 12.514 hr: dec 12.391 deg
Loading hdf5 image:  /project/u2grc/Nikola/newSimulations/KerrLow/ipole/n_-1_res_160/image_torus.out0.03653.h5
   assuming source M87: ra 12.514 hr: dec 12.391 deg
Loading hdf5 image:  /project/u2grc/Nikola/newSimulations/KerrLow/ipole/n_-1_res_160/image_torus.out0.03654.h5
   assuming source M87: ra 12.514 hr: dec 12.391 deg
Loading hdf5 image:  /project/u2grc/Nikola/newSimulations/KerrLow/ipole/n_-1_res_160/image_torus.out0.03655.h5
   assuming source M87: ra 12.514 hr: dec 12.391 deg
Loading hdf5 image:  /project/u2grc/Nikola/newSimulations/KerrLow/ipole/n_-1_res_160/image_torus.out0.03656.h5
   assuming source M87: ra 12.514 hr: dec 12.391 deg
Loading hdf5 image:  /project/u2grc/Nikola/newSimulations/KerrLow/ipole/n_-1_res_160/image_torus.out0.03657.h5
   assuming source M87: ra 12.514 hr: dec 12.391 deg
Loading hdf5 image:  /project/u2grc/Nikola/newSimulations/KerrLow/ipole/n_-1_res_160/image_torus.out0.03658.h5
   assuming source M87: ra 12.514 hr: dec 12.391 deg
Loading hdf5 image:  /project/u2grc/Nikola/newSimulations/KerrLow/ipole/n_-1_res_160/image_torus.out0.03659.h5
   assuming source M87: ra 12.514 hr: dec 12.391 deg
Loading hdf5 image:  /project/u2grc/Nikola/newSimulations/KerrLow/ipole/n_-1_res_160/image_torus.out0.03660.h5
   assuming source M87: ra 12.514 hr: dec 12.391 deg
Loading hdf5 image:  /project/u2grc/Nikola/newSimulations/KerrLow/ipole/n_-1_res_160/image_torus.out0.03661.h5
   assuming source M87: ra 12.514 hr: dec 12.391 deg
Loading hdf5 image:  /project/u2grc/Nikola/newSimulations/KerrLow/ipole/n_-1_res_160/image_torus.out0.03662.h5
   assuming source M87: ra 12.514 hr: dec 12.391 deg
Loading hdf5 image:  /project/u2grc/Nikola/newSimulations/KerrLow/ipole/n_-1_res_160/image_torus.out0.03663.h5
   assuming source M87: ra 12.514 hr: dec 12.391 deg
Loading hdf5 image:  /project/u2grc/Nikola/newSimulations/KerrLow/ipole/n_-1_res_160/image_torus.out0.03664.h5
   assuming source M87: ra 12.514 hr: dec 12.391 deg
Loading hdf5 image:  /project/u2grc/Nikola/newSimulations/KerrLow/ipole/n_-1_res_160/image_torus.out0.03665.h5
   assuming source M87: ra 12.514 hr: dec 12.391 deg
Loading hdf5 image:  /project/u2grc/Nikola/newSimulations/KerrLow/ipole/n_-1_res_160/image_torus.out0.03666.h5
   assuming source M87: ra 12.514 hr: dec 12.391 deg
Loading hdf5 image:  /project/u2grc/Nikola/newSimulations/KerrLow/ipole/n_-1_res_160/image_torus.out0.03667.h5
   assuming source M87: ra 12.514 hr: dec 12.391 deg
Loading hdf5 image:  /project/u2grc/Nikola/newSimulations/KerrLow/ipole/n_-1_res_160/image_torus.out0.03668.h5
   assuming source M87: ra 12.514 hr: dec 12.391 deg
Loading hdf5 image:  /project/u2grc/Nikola/newSimulations/KerrLow/ipole/n_-1_res_160/image_torus.out0.03669.h5
   assuming source M87: ra 12.514 hr: dec 12.391 deg
Loading hdf5 image:  /project/u2grc/Nikola/newSimulations/KerrLow/ipole/n_-1_res_160/image_torus.out0.03670.h5
   assuming source M87: ra 12.514 hr: dec 12.391 deg
Loading hdf5 image:  /project/u2grc/Nikola/newSimulations/KerrLow/ipole/n_-1_res_160/image_torus.out0.03671.h5
   assuming source M87: ra 12.514 hr: dec 12.391 deg
Loading hdf5 image:  /project/u2grc/Nikola/newSimulations/KerrLow/ipole/n_-1_res_160/image_torus.out0.03672.h5
   assuming source M87: ra 12.514 hr: dec 12.391 deg
Loading hdf5 image:  /project/u2grc/Nikola/newSimulations/KerrLow/ipole/n_-1_res_160/image_torus.out0.03673.h5
   assuming source M87: ra 12.514 hr: dec 12.391 deg
Loading hdf5 image:  /project/u2grc/Nikola/newSimulations/KerrLow/ipole/n_-1_res_160/image_torus.out0.03674.h5
   assuming source M87: ra 12.514 hr: dec 12.391 deg
Loading hdf5 image:  /project/u2grc/Nikola/newSimulations/KerrLow/ipole/n_-1_res_160/image_torus.out0.03675.h5
   assuming source M87: ra 12.514 hr: dec 12.391 deg
Loading hdf5 image:  /project/u2grc/Nikola/newSimulations/KerrLow/ipole/n_-1_res_160/image_torus.out0.03676.h5
   assuming source M87: ra 12.514 hr: dec 12.391 deg
Loading hdf5 image:  /project/u2grc/Nikola/newSimulations/KerrLow/ipole/n_-1_res_160/image_torus.out0.03677.h5
   assuming source M87: ra 12.514 hr: dec 12.391 deg
Loading hdf5 image:  /project/u2grc/Nikola/newSimulations/KerrLow/ipole/n_-1_res_160/image_torus.out0.03678.h5
   assuming source M87: ra 12.514 hr: dec 12.391 deg
Loading hdf5 image:  /project/u2grc/Nikola/newSimulations/KerrLow/ipole/n_-1_res_160/image_torus.out0.03679.h5
   assuming source M87: ra 12.514 hr: dec 12.391 deg
Loading hdf5 image:  /project/u2grc/Nikola/newSimulations/KerrLow/ipole/n_-1_res_160/image_torus.out0.03680.h5
   assuming source M87: ra 12.514 hr: dec 12.391 deg
Loading hdf5 image:  /project/u2grc/Nikola/newSimulations/KerrLow/ipole/n_-1_res_160/image_torus.out0.03681.h5
   assuming source M87: ra 12.514 hr: dec 12.391 deg
Loading hdf5 image:  /project/u2grc/Nikola/newSimulations/KerrLow/ipole/n_-1_res_160/image_torus.out0.03682.h5
   assuming source M87: ra 12.514 hr: dec 12.391 deg
Loading hdf5 image:  /project/u2grc/Nikola/newSimulations/KerrLow/ipole/n_-1_res_160/image_torus.out0.03683.h5
   assuming source M87: ra 12.514 hr: dec 12.391 deg
Loading hdf5 image:  /project/u2grc/Nikola/newSimulations/KerrLow/ipole/n_-1_res_160/image_torus.out0.03684.h5
   assuming source M87: ra 12.514 hr: dec 12.391 deg
Loading hdf5 image:  /project/u2grc/Nikola/newSimulations/KerrLow/ipole/n_-1_res_160/image_torus.out0.03685.h5
   assuming source M87: ra 12.514 hr: dec 12.391 deg
Loading hdf5 image:  /project/u2grc/Nikola/newSimulations/KerrLow/ipole/n_-1_res_160/image_torus.out0.03686.h5
   assuming source M87: ra 12.514 hr: dec 12.391 deg
Loading hdf5 image:  /project/u2grc/Nikola/newSimulations/KerrLow/ipole/n_-1_res_160/image_torus.out0.03687.h5
   assuming source M87: ra 12.514 hr: dec 12.391 deg
Loading hdf5 image:  /project/u2grc/Nikola/newSimulations/KerrLow/ipole/n_-1_res_160/image_torus.out0.03688.h5
   assuming source M87: ra 12.514 hr: dec 12.391 deg
Loading hdf5 image:  /project/u2grc/Nikola/newSimulations/KerrLow/ipole/n_-1_res_160/image_torus.out0.03689.h5
   assuming source M87: ra 12.514 hr: dec 12.391 deg
Loading hdf5 image:  /project/u2grc/Nikola/newSimulations/KerrLow/ipole/n_-1_res_160/image_torus.out0.03690.h5
   assuming source M87: ra 12.514 hr: dec 12.391 deg
Loading hdf5 image:  /project/u2grc/Nikola/newSimulations/KerrLow/ipole/n_-1_res_160/image_torus.out0.03691.h5
   assuming source M87: ra 12.514 hr: dec 12.391 deg
Loading hdf5 image:  /project/u2grc/Nikola/newSimulations/KerrLow/ipole/n_-1_res_160/image_torus.out0.03692.h5
   assuming source M87: ra 12.514 hr: dec 12.391 deg
Loading hdf5 image:  /project/u2grc/Nikola/newSimulations/KerrLow/ipole/n_-1_res_160/image_torus.out0.03693.h5
   assuming source M87: ra 12.514 hr: dec 12.391 deg
Loading hdf5 image:  /project/u2grc/Nikola/newSimulations/KerrLow/ipole/n_-1_res_160/image_torus.out0.03694.h5
   assuming source M87: ra 12.514 hr: dec 12.391 deg
Loading hdf5 image:  /project/u2grc/Nikola/newSimulations/KerrLow/ipole/n_-1_res_160/image_torus.out0.03695.h5
   assuming source M87: ra 12.514 hr: dec 12.391 deg
Loading hdf5 image:  /project/u2grc/Nikola/newSimulations/KerrLow/ipole/n_-1_res_160/image_torus.out0.03696.h5
   assuming source M87: ra 12.514 hr: dec 12.391 deg
Loading hdf5 image:  /project/u2grc/Nikola/newSimulations/KerrLow/ipole/n_-1_res_160/image_torus.out0.03697.h5
   assuming source M87: ra 12.514 hr: dec 12.391 deg
Loading hdf5 image:  /project/u2grc/Nikola/newSimulations/KerrLow/ipole/n_-1_res_160/image_torus.out0.03698.h5
   assuming source M87: ra 12.514 hr: dec 12.391 deg
Loading hdf5 image:  /project/u2grc/Nikola/newSimulations/KerrLow/ipole/n_-1_res_160/image_torus.out0.03699.h5
   assuming source M87: ra 12.514 hr: dec 12.391 deg
Loading hdf5 image:  /project/u2grc/Nikola/newSimulations/KerrLow/ipole/n_-1_res_160/image_torus.out0.03700.h5
   assuming source M87: ra 12.514 hr: dec 12.391 deg
Loading hdf5 image:  /project/u2grc/Nikola/newSimulations/KerrLow/ipole/n_-1_res_160/image_torus.out0.03701.h5
   assuming source M87: ra 12.514 hr: dec 12.391 deg
Loading hdf5 image:  /project/u2grc/Nikola/newSimulations/KerrLow/ipole/n_-1_res_160/image_torus.out0.03702.h5
   assuming source M87: ra 12.514 hr: dec 12.391 deg
Loading hdf5 image:  /project/u2grc/Nikola/newSimulations/KerrLow/ipole/n_-1_res_160/image_torus.out0.03703.h5
   assuming source M87: ra 12.514 hr: dec 12.391 deg
Loading hdf5 image:  /project/u2grc/Nikola/newSimulations/KerrLow/ipole/n_-1_res_160/image_torus.out0.03704.h5
   assuming source M87: ra 12.514 hr: dec 12.391 deg
Loading hdf5 image:  /project/u2grc/Nikola/newSimulations/KerrLow/ipole/n_-1_res_160/image_torus.out0.03705.h5
   assuming source M87: ra 12.514 hr: dec 12.391 deg
Loading hdf5 image:  /project/u2grc/Nikola/newSimulations/KerrLow/ipole/n_-1_res_160/image_torus.out0.03706.h5
   assuming source M87: ra 12.514 hr: dec 12.391 deg
Loading hdf5 image:  /project/u2grc/Nikola/newSimulations/KerrLow/ipole/n_-1_res_160/image_torus.out0.03707.h5
   assuming source M87: ra 12.514 hr: dec 12.391 deg
Loading hdf5 image:  /project/u2grc/Nikola/newSimulations/KerrLow/ipole/n_-1_res_160/image_torus.out0.03708.h5
   assuming source M87: ra 12.514 hr: dec 12.391 deg
Loading hdf5 image:  /project/u2grc/Nikola/newSimulations/KerrLow/ipole/n_-1_res_160/image_torus.out0.03709.h5
   assuming source M87: ra 12.514 hr: dec 12.391 deg
Loading hdf5 image:  /project/u2grc/Nikola/newSimulations/KerrLow/ipole/n_-1_res_160/image_torus.out0.03710.h5
   assuming source M87: ra 12.514 hr: dec 12.391 deg
Loading hdf5 image:  /project/u2grc/Nikola/newSimulations/KerrLow/ipole/n_-1_res_160/image_torus.out0.03711.h5
   assuming source M87: ra 12.514 hr: dec 12.391 deg
Loading hdf5 image:  /project/u2grc/Nikola/newSimulations/KerrLow/ipole/n_-1_res_160/image_torus.out0.03712.h5
   assuming source M87: ra 12.514 hr: dec 12.391 deg
Loading hdf5 image:  /project/u2grc/Nikola/newSimulations/KerrLow/ipole/n_-1_res_160/image_torus.out0.03713.h5
   assuming source M87: ra 12.514 hr: dec 12.391 deg
Loading hdf5 image:  /project/u2grc/Nikola/newSimulations/KerrLow/ipole/n_-1_res_160/image_torus.out0.03714.h5
   assuming source M87: ra 12.514 hr: dec 12.391 deg
Loading hdf5 image:  /project/u2grc/Nikola/newSimulations/KerrLow/ipole/n_-1_res_160/image_torus.out0.03715.h5
   assuming source M87: ra 12.514 hr: dec 12.391 deg
Loading hdf5 image:  /project/u2grc/Nikola/newSimulations/KerrLow/ipole/n_-1_res_160/image_torus.out0.03716.h5
   assuming source M87: ra 12.514 hr: dec 12.391 deg
Loading hdf5 image:  /project/u2grc/Nikola/newSimulations/KerrLow/ipole/n_-1_res_160/image_torus.out0.03717.h5
   assuming source M87: ra 12.514 hr: dec 12.391 deg
Loading hdf5 image:  /project/u2grc/Nikola/newSimulations/KerrLow/ipole/n_-1_res_160/image_torus.out0.03718.h5
   assuming source M87: ra 12.514 hr: dec 12.391 deg
Loading hdf5 image:  /project/u2grc/Nikola/newSimulations/KerrLow/ipole/n_-1_res_160/image_torus.out0.03719.h5
   assuming source M87: ra 12.514 hr: dec 12.391 deg
Loading hdf5 image:  /project/u2grc/Nikola/newSimulations/KerrLow/ipole/n_-1_res_160/image_torus.out0.03720.h5
   assuming source M87: ra 12.514 hr: dec 12.391 deg
Loading hdf5 image:  /project/u2grc/Nikola/newSimulations/KerrLow/ipole/n_-1_res_160/image_torus.out0.03721.h5
   assuming source M87: ra 12.514 hr: dec 12.391 deg
Loading hdf5 image:  /project/u2grc/Nikola/newSimulations/KerrLow/ipole/n_-1_res_160/image_torus.out0.03722.h5
   assuming source M87: ra 12.514 hr: dec 12.391 deg
Loading hdf5 image:  /project/u2grc/Nikola/newSimulations/KerrLow/ipole/n_-1_res_160/image_torus.out0.03723.h5
   assuming source M87: ra 12.514 hr: dec 12.391 deg
Loading hdf5 image:  /project/u2grc/Nikola/newSimulations/KerrLow/ipole/n_-1_res_160/image_torus.out0.03724.h5
   assuming source M87: ra 12.514 hr: dec 12.391 deg
Loading hdf5 image:  /project/u2grc/Nikola/newSimulations/KerrLow/ipole/n_-1_res_160/image_torus.out0.03725.h5
   assuming source M87: ra 12.514 hr: dec 12.391 deg
Loading hdf5 image:  /project/u2grc/Nikola/newSimulations/KerrLow/ipole/n_-1_res_160/image_torus.out0.03726.h5
   assuming source M87: ra 12.514 hr: dec 12.391 deg
Loading hdf5 image:  /project/u2grc/Nikola/newSimulations/KerrLow/ipole/n_-1_res_160/image_torus.out0.03727.h5
   assuming source M87: ra 12.514 hr: dec 12.391 deg
Loading hdf5 image:  /project/u2grc/Nikola/newSimulations/KerrLow/ipole/n_-1_res_160/image_torus.out0.03728.h5
   assuming source M87: ra 12.514 hr: dec 12.391 deg
Loading hdf5 image:  /project/u2grc/Nikola/newSimulations/KerrLow/ipole/n_-1_res_160/image_torus.out0.03729.h5
   assuming source M87: ra 12.514 hr: dec 12.391 deg
Loading hdf5 image:  /project/u2grc/Nikola/newSimulations/KerrLow/ipole/n_-1_res_160/image_torus.out0.03730.h5
   assuming source M87: ra 12.514 hr: dec 12.391 deg
Loading hdf5 image:  /project/u2grc/Nikola/newSimulations/KerrLow/ipole/n_-1_res_160/image_torus.out0.03731.h5
   assuming source M87: ra 12.514 hr: dec 12.391 deg
Loading hdf5 image:  /project/u2grc/Nikola/newSimulations/KerrLow/ipole/n_-1_res_160/image_torus.out0.03732.h5
   assuming source M87: ra 12.514 hr: dec 12.391 deg
Loading hdf5 image:  /project/u2grc/Nikola/newSimulations/KerrLow/ipole/n_-1_res_160/image_torus.out0.03733.h5
   assuming source M87: ra 12.514 hr: dec 12.391 deg
Loading hdf5 image:  /project/u2grc/Nikola/newSimulations/KerrLow/ipole/n_-1_res_160/image_torus.out0.03734.h5
   assuming source M87: ra 12.514 hr: dec 12.391 deg
Loading hdf5 image:  /project/u2grc/Nikola/newSimulations/KerrLow/ipole/n_-1_res_160/image_torus.out0.03735.h5
   assuming source M87: ra 12.514 hr: dec 12.391 deg
Loading hdf5 image:  /project/u2grc/Nikola/newSimulations/KerrLow/ipole/n_-1_res_160/image_torus.out0.03736.h5
   assuming source M87: ra 12.514 hr: dec 12.391 deg
Loading hdf5 image:  /project/u2grc/Nikola/newSimulations/KerrLow/ipole/n_-1_res_160/image_torus.out0.03737.h5
   assuming source M87: ra 12.514 hr: dec 12.391 deg
Loading hdf5 image:  /project/u2grc/Nikola/newSimulations/KerrLow/ipole/n_-1_res_160/image_torus.out0.03738.h5
   assuming source M87: ra 12.514 hr: dec 12.391 deg
Loading hdf5 image:  /project/u2grc/Nikola/newSimulations/KerrLow/ipole/n_-1_res_160/image_torus.out0.03739.h5
   assuming source M87: ra 12.514 hr: dec 12.391 deg
Loading hdf5 image:  /project/u2grc/Nikola/newSimulations/KerrLow/ipole/n_-1_res_160/image_torus.out0.03740.h5
   assuming source M87: ra 12.514 hr: dec 12.391 deg
Loading hdf5 image:  /project/u2grc/Nikola/newSimulations/KerrLow/ipole/n_-1_res_160/image_torus.out0.03741.h5
   assuming source M87: ra 12.514 hr: dec 12.391 deg
Loading hdf5 image:  /project/u2grc/Nikola/newSimulations/KerrLow/ipole/n_-1_res_160/image_torus.out0.03742.h5
   assuming source M87: ra 12.514 hr: dec 12.391 deg
Loading hdf5 image:  /project/u2grc/Nikola/newSimulations/KerrLow/ipole/n_-1_res_160/image_torus.out0.03743.h5
   assuming source M87: ra 12.514 hr: dec 12.391 deg
Loading hdf5 image:  /project/u2grc/Nikola/newSimulations/KerrLow/ipole/n_-1_res_160/image_torus.out0.03744.h5
   assuming source M87: ra 12.514 hr: dec 12.391 deg
Loading hdf5 image:  /project/u2grc/Nikola/newSimulations/KerrLow/ipole/n_-1_res_160/image_torus.out0.03745.h5
   assuming source M87: ra 12.514 hr: dec 12.391 deg
Loading hdf5 image:  /project/u2grc/Nikola/newSimulations/KerrLow/ipole/n_-1_res_160/image_torus.out0.03746.h5
   assuming source M87: ra 12.514 hr: dec 12.391 deg
Loading hdf5 image:  /project/u2grc/Nikola/newSimulations/KerrLow/ipole/n_-1_res_160/image_torus.out0.03747.h5
   assuming source M87: ra 12.514 hr: dec 12.391 deg
Loading hdf5 image:  /project/u2grc/Nikola/newSimulations/KerrLow/ipole/n_-1_res_160/image_torus.out0.03748.h5
   assuming source M87: ra 12.514 hr: dec 12.391 deg
Loading hdf5 image:  /project/u2grc/Nikola/newSimulations/KerrLow/ipole/n_-1_res_160/image_torus.out0.03749.h5
   assuming source M87: ra 12.514 hr: dec 12.391 deg
Loading hdf5 image:  /project/u2grc/Nikola/newSimulations/KerrLow/ipole/n_-1_res_160/image_torus.out0.03750.h5
   assuming source M87: ra 12.514 hr: dec 12.391 deg
Loading hdf5 image:  /project/u2grc/Nikola/newSimulations/KerrLow/ipole/n_-1_res_160/image_torus.out0.03751.h5
   assuming source M87: ra 12.514 hr: dec 12.391 deg
Loading hdf5 image:  /project/u2grc/Nikola/newSimulations/KerrLow/ipole/n_-1_res_160/image_torus.out0.03752.h5
   assuming source M87: ra 12.514 hr: dec 12.391 deg
Loading hdf5 image:  /project/u2grc/Nikola/newSimulations/KerrLow/ipole/n_-1_res_160/image_torus.out0.03753.h5
   assuming source M87: ra 12.514 hr: dec 12.391 deg
Loading hdf5 image:  /project/u2grc/Nikola/newSimulations/KerrLow/ipole/n_-1_res_160/image_torus.out0.03754.h5
   assuming source M87: ra 12.514 hr: dec 12.391 deg
Loading hdf5 image:  /project/u2grc/Nikola/newSimulations/KerrLow/ipole/n_-1_res_160/image_torus.out0.03755.h5
   assuming source M87: ra 12.514 hr: dec 12.391 deg
Loading hdf5 image:  /project/u2grc/Nikola/newSimulations/KerrLow/ipole/n_-1_res_160/image_torus.out0.03756.h5
   assuming source M87: ra 12.514 hr: dec 12.391 deg
Loading hdf5 image:  /project/u2grc/Nikola/newSimulations/KerrLow/ipole/n_-1_res_160/image_torus.out0.03757.h5
   assuming source M87: ra 12.514 hr: dec 12.391 deg
Loading hdf5 image:  /project/u2grc/Nikola/newSimulations/KerrLow/ipole/n_-1_res_160/image_torus.out0.03758.h5
   assuming source M87: ra 12.514 hr: dec 12.391 deg
Loading hdf5 image:  /project/u2grc/Nikola/newSimulations/KerrLow/ipole/n_-1_res_160/image_torus.out0.03759.h5
   assuming source M87: ra 12.514 hr: dec 12.391 deg
Loading hdf5 image:  /project/u2grc/Nikola/newSimulations/KerrLow/ipole/n_-1_res_160/image_torus.out0.03760.h5
   assuming source M87: ra 12.514 hr: dec 12.391 deg
Loading hdf5 image:  /project/u2grc/Nikola/newSimulations/KerrLow/ipole/n_-1_res_160/image_torus.out0.03761.h5
   assuming source M87: ra 12.514 hr: dec 12.391 deg
Loading hdf5 image:  /project/u2grc/Nikola/newSimulations/KerrLow/ipole/n_-1_res_160/image_torus.out0.03762.h5
   assuming source M87: ra 12.514 hr: dec 12.391 deg
Loading hdf5 image:  /project/u2grc/Nikola/newSimulations/KerrLow/ipole/n_-1_res_160/image_torus.out0.03763.h5
   assuming source M87: ra 12.514 hr: dec 12.391 deg
Loading hdf5 image:  /project/u2grc/Nikola/newSimulations/KerrLow/ipole/n_-1_res_160/image_torus.out0.03764.h5
   assuming source M87: ra 12.514 hr: dec 12.391 deg
Loading hdf5 image:  /project/u2grc/Nikola/newSimulations/KerrLow/ipole/n_-1_res_160/image_torus.out0.03765.h5
   assuming source M87: ra 12.514 hr: dec 12.391 deg
Loading hdf5 image:  /project/u2grc/Nikola/newSimulations/KerrLow/ipole/n_-1_res_160/image_torus.out0.03766.h5
   assuming source M87: ra 12.514 hr: dec 12.391 deg
Loading hdf5 image:  /project/u2grc/Nikola/newSimulations/KerrLow/ipole/n_-1_res_160/image_torus.out0.03767.h5
   assuming source M87: ra 12.514 hr: dec 12.391 deg
Loading hdf5 image:  /project/u2grc/Nikola/newSimulations/KerrLow/ipole/n_-1_res_160/image_torus.out0.03768.h5
   assuming source M87: ra 12.514 hr: dec 12.391 deg
Loading hdf5 image:  /project/u2grc/Nikola/newSimulations/KerrLow/ipole/n_-1_res_160/image_torus.out0.03769.h5
   assuming source M87: ra 12.514 hr: dec 12.391 deg
Loading hdf5 image:  /project/u2grc/Nikola/newSimulations/KerrLow/ipole/n_-1_res_160/image_torus.out0.03770.h5
   assuming source M87: ra 12.514 hr: dec 12.391 deg
Loading hdf5 image:  /project/u2grc/Nikola/newSimulations/KerrLow/ipole/n_-1_res_160/image_torus.out0.03771.h5
   assuming source M87: ra 12.514 hr: dec 12.391 deg
Loading hdf5 image:  /project/u2grc/Nikola/newSimulations/KerrLow/ipole/n_-1_res_160/image_torus.out0.03772.h5
   assuming source M87: ra 12.514 hr: dec 12.391 deg
Loading hdf5 image:  /project/u2grc/Nikola/newSimulations/KerrLow/ipole/n_-1_res_160/image_torus.out0.03773.h5
   assuming source M87: ra 12.514 hr: dec 12.391 deg
Loading hdf5 image:  /project/u2grc/Nikola/newSimulations/KerrLow/ipole/n_-1_res_160/image_torus.out0.03774.h5
   assuming source M87: ra 12.514 hr: dec 12.391 deg
Loading hdf5 image:  /project/u2grc/Nikola/newSimulations/KerrLow/ipole/n_-1_res_160/image_torus.out0.03775.h5
   assuming source M87: ra 12.514 hr: dec 12.391 deg
Loading hdf5 image:  /project/u2grc/Nikola/newSimulations/KerrLow/ipole/n_-1_res_160/image_torus.out0.03776.h5
   assuming source M87: ra 12.514 hr: dec 12.391 deg
Loading hdf5 image:  /project/u2grc/Nikola/newSimulations/KerrLow/ipole/n_-1_res_160/image_torus.out0.03777.h5
   assuming source M87: ra 12.514 hr: dec 12.391 deg
Loading hdf5 image:  /project/u2grc/Nikola/newSimulations/KerrLow/ipole/n_-1_res_160/image_torus.out0.03778.h5
   assuming source M87: ra 12.514 hr: dec 12.391 deg
Loading hdf5 image:  /project/u2grc/Nikola/newSimulations/KerrLow/ipole/n_-1_res_160/image_torus.out0.03779.h5
   assuming source M87: ra 12.514 hr: dec 12.391 deg
Loading hdf5 image:  /project/u2grc/Nikola/newSimulations/KerrLow/ipole/n_-1_res_160/image_torus.out0.03780.h5
   assuming source M87: ra 12.514 hr: dec 12.391 deg
Loading hdf5 image:  /project/u2grc/Nikola/newSimulations/KerrLow/ipole/n_-1_res_160/image_torus.out0.03781.h5
   assuming source M87: ra 12.514 hr: dec 12.391 deg
Loading hdf5 image:  /project/u2grc/Nikola/newSimulations/KerrLow/ipole/n_-1_res_160/image_torus.out0.03782.h5
   assuming source M87: ra 12.514 hr: dec 12.391 deg
Loading hdf5 image:  /project/u2grc/Nikola/newSimulations/KerrLow/ipole/n_-1_res_160/image_torus.out0.03783.h5
   assuming source M87: ra 12.514 hr: dec 12.391 deg
Loading hdf5 image:  /project/u2grc/Nikola/newSimulations/KerrLow/ipole/n_-1_res_160/image_torus.out0.03784.h5
   assuming source M87: ra 12.514 hr: dec 12.391 deg
Loading hdf5 image:  /project/u2grc/Nikola/newSimulations/KerrLow/ipole/n_-1_res_160/image_torus.out0.03785.h5
   assuming source M87: ra 12.514 hr: dec 12.391 deg
Loading hdf5 image:  /project/u2grc/Nikola/newSimulations/KerrLow/ipole/n_-1_res_160/image_torus.out0.03786.h5
   assuming source M87: ra 12.514 hr: dec 12.391 deg
Loading hdf5 image:  /project/u2grc/Nikola/newSimulations/KerrLow/ipole/n_-1_res_160/image_torus.out0.03787.h5
   assuming source M87: ra 12.514 hr: dec 12.391 deg
Loading hdf5 image:  /project/u2grc/Nikola/newSimulations/KerrLow/ipole/n_-1_res_160/image_torus.out0.03788.h5
   assuming source M87: ra 12.514 hr: dec 12.391 deg
Loading hdf5 image:  /project/u2grc/Nikola/newSimulations/KerrLow/ipole/n_-1_res_160/image_torus.out0.03789.h5
   assuming source M87: ra 12.514 hr: dec 12.391 deg
Loading hdf5 image:  /project/u2grc/Nikola/newSimulations/KerrLow/ipole/n_-1_res_160/image_torus.out0.03790.h5
   assuming source M87: ra 12.514 hr: dec 12.391 deg
Loading hdf5 image:  /project/u2grc/Nikola/newSimulations/KerrLow/ipole/n_-1_res_160/image_torus.out0.03791.h5
   assuming source M87: ra 12.514 hr: dec 12.391 deg
Loading hdf5 image:  /project/u2grc/Nikola/newSimulations/KerrLow/ipole/n_-1_res_160/image_torus.out0.03792.h5
   assuming source M87: ra 12.514 hr: dec 12.391 deg
Loading hdf5 image:  /project/u2grc/Nikola/newSimulations/KerrLow/ipole/n_-1_res_160/image_torus.out0.03793.h5
   assuming source M87: ra 12.514 hr: dec 12.391 deg
Loading hdf5 image:  /project/u2grc/Nikola/newSimulations/KerrLow/ipole/n_-1_res_160/image_torus.out0.03794.h5
   assuming source M87: ra 12.514 hr: dec 12.391 deg
Loading hdf5 image:  /project/u2grc/Nikola/newSimulations/KerrLow/ipole/n_-1_res_160/image_torus.out0.03795.h5
   assuming source M87: ra 12.514 hr: dec 12.391 deg
Loading hdf5 image:  /project/u2grc/Nikola/newSimulations/KerrLow/ipole/n_-1_res_160/image_torus.out0.03796.h5
   assuming source M87: ra 12.514 hr: dec 12.391 deg
Loading hdf5 image:  /project/u2grc/Nikola/newSimulations/KerrLow/ipole/n_-1_res_160/image_torus.out0.03797.h5
   assuming source M87: ra 12.514 hr: dec 12.391 deg
Loading hdf5 image:  /project/u2grc/Nikola/newSimulations/KerrLow/ipole/n_-1_res_160/image_torus.out0.03798.h5
   assuming source M87: ra 12.514 hr: dec 12.391 deg
Loading hdf5 image:  /project/u2grc/Nikola/newSimulations/KerrLow/ipole/n_-1_res_160/image_torus.out0.03799.h5
   assuming source M87: ra 12.514 hr: dec 12.391 deg
Loading hdf5 image:  /project/u2grc/Nikola/newSimulations/KerrLow/ipole/n_-1_res_160/image_torus.out0.03800.h5
   assuming source M87: ra 12.514 hr: dec 12.391 deg
Loading hdf5 image:  /project/u2grc/Nikola/newSimulations/KerrLow/ipole/n_-1_res_160/image_torus.out0.03801.h5
   assuming source M87: ra 12.514 hr: dec 12.391 deg
Loading hdf5 image:  /project/u2grc/Nikola/newSimulations/KerrLow/ipole/n_-1_res_160/image_torus.out0.03802.h5
   assuming source M87: ra 12.514 hr: dec 12.391 deg
Loading hdf5 image:  /project/u2grc/Nikola/newSimulations/KerrLow/ipole/n_-1_res_160/image_torus.out0.03803.h5
   assuming source M87: ra 12.514 hr: dec 12.391 deg
Loading hdf5 image:  /project/u2grc/Nikola/newSimulations/KerrLow/ipole/n_-1_res_160/image_torus.out0.03804.h5
   assuming source M87: ra 12.514 hr: dec 12.391 deg
Loading hdf5 image:  /project/u2grc/Nikola/newSimulations/KerrLow/ipole/n_-1_res_160/image_torus.out0.03805.h5
   assuming source M87: ra 12.514 hr: dec 12.391 deg
Loading hdf5 image:  /project/u2grc/Nikola/newSimulations/KerrLow/ipole/n_-1_res_160/image_torus.out0.03806.h5
   assuming source M87: ra 12.514 hr: dec 12.391 deg
Loading hdf5 image:  /project/u2grc/Nikola/newSimulations/KerrLow/ipole/n_-1_res_160/image_torus.out0.03807.h5
   assuming source M87: ra 12.514 hr: dec 12.391 deg
Loading hdf5 image:  /project/u2grc/Nikola/newSimulations/KerrLow/ipole/n_-1_res_160/image_torus.out0.03808.h5
   assuming source M87: ra 12.514 hr: dec 12.391 deg
Loading hdf5 image:  /project/u2grc/Nikola/newSimulations/KerrLow/ipole/n_-1_res_160/image_torus.out0.03809.h5
   assuming source M87: ra 12.514 hr: dec 12.391 deg
Loading hdf5 image:  /project/u2grc/Nikola/newSimulations/KerrLow/ipole/n_-1_res_160/image_torus.out0.03810.h5
   assuming source M87: ra 12.514 hr: dec 12.391 deg
Loading hdf5 image:  /project/u2grc/Nikola/newSimulations/KerrLow/ipole/n_-1_res_160/image_torus.out0.03811.h5
   assuming source M87: ra 12.514 hr: dec 12.391 deg
Loading hdf5 image:  /project/u2grc/Nikola/newSimulations/KerrLow/ipole/n_-1_res_160/image_torus.out0.03812.h5
   assuming source M87: ra 12.514 hr: dec 12.391 deg
Loading hdf5 image:  /project/u2grc/Nikola/newSimulations/KerrLow/ipole/n_-1_res_160/image_torus.out0.03813.h5
   assuming source M87: ra 12.514 hr: dec 12.391 deg
Loading hdf5 image:  /project/u2grc/Nikola/newSimulations/KerrLow/ipole/n_-1_res_160/image_torus.out0.03814.h5
   assuming source M87: ra 12.514 hr: dec 12.391 deg
Loading hdf5 image:  /project/u2grc/Nikola/newSimulations/KerrLow/ipole/n_-1_res_160/image_torus.out0.03815.h5
   assuming source M87: ra 12.514 hr: dec 12.391 deg
Loading hdf5 image:  /project/u2grc/Nikola/newSimulations/KerrLow/ipole/n_-1_res_160/image_torus.out0.03816.h5
   assuming source M87: ra 12.514 hr: dec 12.391 deg
Loading hdf5 image:  /project/u2grc/Nikola/newSimulations/KerrLow/ipole/n_-1_res_160/image_torus.out0.03817.h5
   assuming source M87: ra 12.514 hr: dec 12.391 deg
Loading hdf5 image:  /project/u2grc/Nikola/newSimulations/KerrLow/ipole/n_-1_res_160/image_torus.out0.03818.h5
   assuming source M87: ra 12.514 hr: dec 12.391 deg
Loading hdf5 image:  /project/u2grc/Nikola/newSimulations/KerrLow/ipole/n_-1_res_160/image_torus.out0.03819.h5
   assuming source M87: ra 12.514 hr: dec 12.391 deg
Loading hdf5 image:  /project/u2grc/Nikola/newSimulations/KerrLow/ipole/n_-1_res_160/image_torus.out0.03820.h5
   assuming source M87: ra 12.514 hr: dec 12.391 deg
Loading hdf5 image:  /project/u2grc/Nikola/newSimulations/KerrLow/ipole/n_-1_res_160/image_torus.out0.03821.h5
   assuming source M87: ra 12.514 hr: dec 12.391 deg
Loading hdf5 image:  /project/u2grc/Nikola/newSimulations/KerrLow/ipole/n_-1_res_160/image_torus.out0.03822.h5
   assuming source M87: ra 12.514 hr: dec 12.391 deg
Loading hdf5 image:  /project/u2grc/Nikola/newSimulations/KerrLow/ipole/n_-1_res_160/image_torus.out0.03823.h5
   assuming source M87: ra 12.514 hr: dec 12.391 deg
Loading hdf5 image:  /project/u2grc/Nikola/newSimulations/KerrLow/ipole/n_-1_res_160/image_torus.out0.03824.h5
   assuming source M87: ra 12.514 hr: dec 12.391 deg
Loading hdf5 image:  /project/u2grc/Nikola/newSimulations/KerrLow/ipole/n_-1_res_160/image_torus.out0.03825.h5
   assuming source M87: ra 12.514 hr: dec 12.391 deg
Loading hdf5 image:  /project/u2grc/Nikola/newSimulations/KerrLow/ipole/n_-1_res_160/image_torus.out0.03826.h5
   assuming source M87: ra 12.514 hr: dec 12.391 deg
Loading hdf5 image:  /project/u2grc/Nikola/newSimulations/KerrLow/ipole/n_-1_res_160/image_torus.out0.03827.h5
   assuming source M87: ra 12.514 hr: dec 12.391 deg
Loading hdf5 image:  /project/u2grc/Nikola/newSimulations/KerrLow/ipole/n_-1_res_160/image_torus.out0.03828.h5
   assuming source M87: ra 12.514 hr: dec 12.391 deg
Loading hdf5 image:  /project/u2grc/Nikola/newSimulations/KerrLow/ipole/n_-1_res_160/image_torus.out0.03829.h5
   assuming source M87: ra 12.514 hr: dec 12.391 deg
Loading hdf5 image:  /project/u2grc/Nikola/newSimulations/KerrLow/ipole/n_-1_res_160/image_torus.out0.03830.h5
   assuming source M87: ra 12.514 hr: dec 12.391 deg
Loading hdf5 image:  /project/u2grc/Nikola/newSimulations/KerrLow/ipole/n_-1_res_160/image_torus.out0.03831.h5
   assuming source M87: ra 12.514 hr: dec 12.391 deg
Loading hdf5 image:  /project/u2grc/Nikola/newSimulations/KerrLow/ipole/n_-1_res_160/image_torus.out0.03832.h5
   assuming source M87: ra 12.514 hr: dec 12.391 deg
Loading hdf5 image:  /project/u2grc/Nikola/newSimulations/KerrLow/ipole/n_-1_res_160/image_torus.out0.03833.h5
   assuming source M87: ra 12.514 hr: dec 12.391 deg
Loading hdf5 image:  /project/u2grc/Nikola/newSimulations/KerrLow/ipole/n_-1_res_160/image_torus.out0.03834.h5
   assuming source M87: ra 12.514 hr: dec 12.391 deg
Loading hdf5 image:  /project/u2grc/Nikola/newSimulations/KerrLow/ipole/n_-1_res_160/image_torus.out0.03835.h5
   assuming source M87: ra 12.514 hr: dec 12.391 deg
Loading hdf5 image:  /project/u2grc/Nikola/newSimulations/KerrLow/ipole/n_-1_res_160/image_torus.out0.03836.h5
   assuming source M87: ra 12.514 hr: dec 12.391 deg
Loading hdf5 image:  /project/u2grc/Nikola/newSimulations/KerrLow/ipole/n_-1_res_160/image_torus.out0.03837.h5
   assuming source M87: ra 12.514 hr: dec 12.391 deg
Loading hdf5 image:  /project/u2grc/Nikola/newSimulations/KerrLow/ipole/n_-1_res_160/image_torus.out0.03838.h5
   assuming source M87: ra 12.514 hr: dec 12.391 deg
Loading hdf5 image:  /project/u2grc/Nikola/newSimulations/KerrLow/ipole/n_-1_res_160/image_torus.out0.03839.h5
   assuming source M87: ra 12.514 hr: dec 12.391 deg
Loading hdf5 image:  /project/u2grc/Nikola/newSimulations/KerrLow/ipole/n_-1_res_160/image_torus.out0.03840.h5
   assuming source M87: ra 12.514 hr: dec 12.391 deg
Loading hdf5 image:  /project/u2grc/Nikola/newSimulations/KerrLow/ipole/n_-1_res_160/image_torus.out0.03841.h5
   assuming source M87: ra 12.514 hr: dec 12.391 deg
Loading hdf5 image:  /project/u2grc/Nikola/newSimulations/KerrLow/ipole/n_-1_res_160/image_torus.out0.03842.h5
   assuming source M87: ra 12.514 hr: dec 12.391 deg
Loading hdf5 image:  /project/u2grc/Nikola/newSimulations/KerrLow/ipole/n_-1_res_160/image_torus.out0.03843.h5
   assuming source M87: ra 12.514 hr: dec 12.391 deg
Loading hdf5 image:  /project/u2grc/Nikola/newSimulations/KerrLow/ipole/n_-1_res_160/image_torus.out0.03844.h5
   assuming source M87: ra 12.514 hr: dec 12.391 deg
Loading hdf5 image:  /project/u2grc/Nikola/newSimulations/KerrLow/ipole/n_-1_res_160/image_torus.out0.03845.h5
   assuming source M87: ra 12.514 hr: dec 12.391 deg
Loading hdf5 image:  /project/u2grc/Nikola/newSimulations/KerrLow/ipole/n_-1_res_160/image_torus.out0.03846.h5
   assuming source M87: ra 12.514 hr: dec 12.391 deg
Loading hdf5 image:  /project/u2grc/Nikola/newSimulations/KerrLow/ipole/n_-1_res_160/image_torus.out0.03847.h5
   assuming source M87: ra 12.514 hr: dec 12.391 deg
Loading hdf5 image:  /project/u2grc/Nikola/newSimulations/KerrLow/ipole/n_-1_res_160/image_torus.out0.03848.h5
   assuming source M87: ra 12.514 hr: dec 12.391 deg
Loading hdf5 image:  /project/u2grc/Nikola/newSimulations/KerrLow/ipole/n_-1_res_160/image_torus.out0.03849.h5
   assuming source M87: ra 12.514 hr: dec 12.391 deg
Loading hdf5 image:  /project/u2grc/Nikola/newSimulations/KerrLow/ipole/n_-1_res_160/image_torus.out0.03850.h5
   assuming source M87: ra 12.514 hr: dec 12.391 deg
Loading hdf5 image:  /project/u2grc/Nikola/newSimulations/KerrLow/ipole/n_-1_res_160/image_torus.out0.03851.h5
   assuming source M87: ra 12.514 hr: dec 12.391 deg
Loading hdf5 image:  /project/u2grc/Nikola/newSimulations/KerrLow/ipole/n_-1_res_160/image_torus.out0.03852.h5
   assuming source M87: ra 12.514 hr: dec 12.391 deg
Loading hdf5 image:  /project/u2grc/Nikola/newSimulations/KerrLow/ipole/n_-1_res_160/image_torus.out0.03853.h5
   assuming source M87: ra 12.514 hr: dec 12.391 deg
Loading hdf5 image:  /project/u2grc/Nikola/newSimulations/KerrLow/ipole/n_-1_res_160/image_torus.out0.03854.h5
   assuming source M87: ra 12.514 hr: dec 12.391 deg
Loading hdf5 image:  /project/u2grc/Nikola/newSimulations/KerrLow/ipole/n_-1_res_160/image_torus.out0.03855.h5
   assuming source M87: ra 12.514 hr: dec 12.391 deg
Loading hdf5 image:  /project/u2grc/Nikola/newSimulations/KerrLow/ipole/n_-1_res_160/image_torus.out0.03856.h5
   assuming source M87: ra 12.514 hr: dec 12.391 deg
Loading hdf5 image:  /project/u2grc/Nikola/newSimulations/KerrLow/ipole/n_-1_res_160/image_torus.out0.03857.h5
   assuming source M87: ra 12.514 hr: dec 12.391 deg
Loading hdf5 image:  /project/u2grc/Nikola/newSimulations/KerrLow/ipole/n_-1_res_160/image_torus.out0.03858.h5
   assuming source M87: ra 12.514 hr: dec 12.391 deg
Loading hdf5 image:  /project/u2grc/Nikola/newSimulations/KerrLow/ipole/n_-1_res_160/image_torus.out0.03859.h5
   assuming source M87: ra 12.514 hr: dec 12.391 deg
Loading hdf5 image:  /project/u2grc/Nikola/newSimulations/KerrLow/ipole/n_-1_res_160/image_torus.out0.03860.h5
   assuming source M87: ra 12.514 hr: dec 12.391 deg
Loading hdf5 image:  /project/u2grc/Nikola/newSimulations/KerrLow/ipole/n_-1_res_160/image_torus.out0.03861.h5
   assuming source M87: ra 12.514 hr: dec 12.391 deg
Loading hdf5 image:  /project/u2grc/Nikola/newSimulations/KerrLow/ipole/n_-1_res_160/image_torus.out0.03862.h5
   assuming source M87: ra 12.514 hr: dec 12.391 deg
Loading hdf5 image:  /project/u2grc/Nikola/newSimulations/KerrLow/ipole/n_-1_res_160/image_torus.out0.03863.h5
   assuming source M87: ra 12.514 hr: dec 12.391 deg
Loading hdf5 image:  /project/u2grc/Nikola/newSimulations/KerrLow/ipole/n_-1_res_160/image_torus.out0.03864.h5
   assuming source M87: ra 12.514 hr: dec 12.391 deg
Loading hdf5 image:  /project/u2grc/Nikola/newSimulations/KerrLow/ipole/n_-1_res_160/image_torus.out0.03865.h5
   assuming source M87: ra 12.514 hr: dec 12.391 deg
Loading hdf5 image:  /project/u2grc/Nikola/newSimulations/KerrLow/ipole/n_-1_res_160/image_torus.out0.03866.h5
   assuming source M87: ra 12.514 hr: dec 12.391 deg
Loading hdf5 image:  /project/u2grc/Nikola/newSimulations/KerrLow/ipole/n_-1_res_160/image_torus.out0.03867.h5
   assuming source M87: ra 12.514 hr: dec 12.391 deg
Loading hdf5 image:  /project/u2grc/Nikola/newSimulations/KerrLow/ipole/n_-1_res_160/image_torus.out0.03868.h5
   assuming source M87: ra 12.514 hr: dec 12.391 deg
Loading hdf5 image:  /project/u2grc/Nikola/newSimulations/KerrLow/ipole/n_-1_res_160/image_torus.out0.03869.h5
   assuming source M87: ra 12.514 hr: dec 12.391 deg
Loading hdf5 image:  /project/u2grc/Nikola/newSimulations/KerrLow/ipole/n_-1_res_160/image_torus.out0.03870.h5
   assuming source M87: ra 12.514 hr: dec 12.391 deg
Loading hdf5 image:  /project/u2grc/Nikola/newSimulations/KerrLow/ipole/n_-1_res_160/image_torus.out0.03871.h5
   assuming source M87: ra 12.514 hr: dec 12.391 deg
Loading hdf5 image:  /project/u2grc/Nikola/newSimulations/KerrLow/ipole/n_-1_res_160/image_torus.out0.03872.h5
   assuming source M87: ra 12.514 hr: dec 12.391 deg
Loading hdf5 image:  /project/u2grc/Nikola/newSimulations/KerrLow/ipole/n_-1_res_160/image_torus.out0.03873.h5
   assuming source M87: ra 12.514 hr: dec 12.391 deg
Loading hdf5 image:  /project/u2grc/Nikola/newSimulations/KerrLow/ipole/n_-1_res_160/image_torus.out0.03874.h5
   assuming source M87: ra 12.514 hr: dec 12.391 deg
Loading hdf5 image:  /project/u2grc/Nikola/newSimulations/KerrLow/ipole/n_-1_res_160/image_torus.out0.03875.h5
   assuming source M87: ra 12.514 hr: dec 12.391 deg
Loading hdf5 image:  /project/u2grc/Nikola/newSimulations/KerrLow/ipole/n_-1_res_160/image_torus.out0.03876.h5
   assuming source M87: ra 12.514 hr: dec 12.391 deg
Loading hdf5 image:  /project/u2grc/Nikola/newSimulations/KerrLow/ipole/n_-1_res_160/image_torus.out0.03877.h5
   assuming source M87: ra 12.514 hr: dec 12.391 deg
Loading hdf5 image:  /project/u2grc/Nikola/newSimulations/KerrLow/ipole/n_-1_res_160/image_torus.out0.03878.h5
   assuming source M87: ra 12.514 hr: dec 12.391 deg
Loading hdf5 image:  /project/u2grc/Nikola/newSimulations/KerrLow/ipole/n_-1_res_160/image_torus.out0.03879.h5
   assuming source M87: ra 12.514 hr: dec 12.391 deg
Loading hdf5 image:  /project/u2grc/Nikola/newSimulations/KerrLow/ipole/n_-1_res_160/image_torus.out0.03880.h5
   assuming source M87: ra 12.514 hr: dec 12.391 deg
Loading hdf5 image:  /project/u2grc/Nikola/newSimulations/KerrLow/ipole/n_-1_res_160/image_torus.out0.03881.h5
   assuming source M87: ra 12.514 hr: dec 12.391 deg
Loading hdf5 image:  /project/u2grc/Nikola/newSimulations/KerrLow/ipole/n_-1_res_160/image_torus.out0.03882.h5
   assuming source M87: ra 12.514 hr: dec 12.391 deg
Loading hdf5 image:  /project/u2grc/Nikola/newSimulations/KerrLow/ipole/n_-1_res_160/image_torus.out0.03883.h5
   assuming source M87: ra 12.514 hr: dec 12.391 deg
Loading hdf5 image:  /project/u2grc/Nikola/newSimulations/KerrLow/ipole/n_-1_res_160/image_torus.out0.03884.h5
   assuming source M87: ra 12.514 hr: dec 12.391 deg
Loading hdf5 image:  /project/u2grc/Nikola/newSimulations/KerrLow/ipole/n_-1_res_160/image_torus.out0.03885.h5
   assuming source M87: ra 12.514 hr: dec 12.391 deg
Loading hdf5 image:  /project/u2grc/Nikola/newSimulations/KerrLow/ipole/n_-1_res_160/image_torus.out0.03886.h5
   assuming source M87: ra 12.514 hr: dec 12.391 deg
Loading hdf5 image:  /project/u2grc/Nikola/newSimulations/KerrLow/ipole/n_-1_res_160/image_torus.out0.03887.h5
   assuming source M87: ra 12.514 hr: dec 12.391 deg
Loading hdf5 image:  /project/u2grc/Nikola/newSimulations/KerrLow/ipole/n_-1_res_160/image_torus.out0.03888.h5
   assuming source M87: ra 12.514 hr: dec 12.391 deg
Loading hdf5 image:  /project/u2grc/Nikola/newSimulations/KerrLow/ipole/n_-1_res_160/image_torus.out0.03889.h5
   assuming source M87: ra 12.514 hr: dec 12.391 deg
Loading hdf5 image:  /project/u2grc/Nikola/newSimulations/KerrLow/ipole/n_-1_res_160/image_torus.out0.03890.h5
   assuming source M87: ra 12.514 hr: dec 12.391 deg
Loading hdf5 image:  /project/u2grc/Nikola/newSimulations/KerrLow/ipole/n_-1_res_160/image_torus.out0.03891.h5
   assuming source M87: ra 12.514 hr: dec 12.391 deg
Loading hdf5 image:  /project/u2grc/Nikola/newSimulations/KerrLow/ipole/n_-1_res_160/image_torus.out0.03892.h5
   assuming source M87: ra 12.514 hr: dec 12.391 deg
Loading hdf5 image:  /project/u2grc/Nikola/newSimulations/KerrLow/ipole/n_-1_res_160/image_torus.out0.03893.h5
   assuming source M87: ra 12.514 hr: dec 12.391 deg
Loading hdf5 image:  /project/u2grc/Nikola/newSimulations/KerrLow/ipole/n_-1_res_160/image_torus.out0.03894.h5
   assuming source M87: ra 12.514 hr: dec 12.391 deg
Loading hdf5 image:  /project/u2grc/Nikola/newSimulations/KerrLow/ipole/n_-1_res_160/image_torus.out0.03895.h5
   assuming source M87: ra 12.514 hr: dec 12.391 deg
Loading hdf5 image:  /project/u2grc/Nikola/newSimulations/KerrLow/ipole/n_-1_res_160/image_torus.out0.03896.h5
   assuming source M87: ra 12.514 hr: dec 12.391 deg
Loading hdf5 image:  /project/u2grc/Nikola/newSimulations/KerrLow/ipole/n_-1_res_160/image_torus.out0.03897.h5
   assuming source M87: ra 12.514 hr: dec 12.391 deg
Loading hdf5 image:  /project/u2grc/Nikola/newSimulations/KerrLow/ipole/n_-1_res_160/image_torus.out0.03898.h5
   assuming source M87: ra 12.514 hr: dec 12.391 deg
Loading hdf5 image:  /project/u2grc/Nikola/newSimulations/KerrLow/ipole/n_-1_res_160/image_torus.out0.03899.h5
   assuming source M87: ra 12.514 hr: dec 12.391 deg
Loading hdf5 image:  /project/u2grc/Nikola/newSimulations/KerrLow/ipole/n_-1_res_160/image_torus.out0.03900.h5
   assuming source M87: ra 12.514 hr: dec 12.391 deg
Loading hdf5 image:  /project/u2grc/Nikola/newSimulations/KerrLow/ipole/n_-1_res_160/image_torus.out0.03901.h5
   assuming source M87: ra 12.514 hr: dec 12.391 deg
Loading hdf5 image:  /project/u2grc/Nikola/newSimulations/KerrLow/ipole/n_-1_res_160/image_torus.out0.03902.h5
   assuming source M87: ra 12.514 hr: dec 12.391 deg
Loading hdf5 image:  /project/u2grc/Nikola/newSimulations/KerrLow/ipole/n_-1_res_160/image_torus.out0.03903.h5
   assuming source M87: ra 12.514 hr: dec 12.391 deg
Loading hdf5 image:  /project/u2grc/Nikola/newSimulations/KerrLow/ipole/n_-1_res_160/image_torus.out0.03904.h5
   assuming source M87: ra 12.514 hr: dec 12.391 deg
Loading hdf5 image:  /project/u2grc/Nikola/newSimulations/KerrLow/ipole/n_-1_res_160/image_torus.out0.03905.h5
   assuming source M87: ra 12.514 hr: dec 12.391 deg
Loading hdf5 image:  /project/u2grc/Nikola/newSimulations/KerrLow/ipole/n_-1_res_160/image_torus.out0.03906.h5
   assuming source M87: ra 12.514 hr: dec 12.391 deg
Loading hdf5 image:  /project/u2grc/Nikola/newSimulations/KerrLow/ipole/n_-1_res_160/image_torus.out0.03907.h5
   assuming source M87: ra 12.514 hr: dec 12.391 deg
Loading hdf5 image:  /project/u2grc/Nikola/newSimulations/KerrLow/ipole/n_-1_res_160/image_torus.out0.03908.h5
   assuming source M87: ra 12.514 hr: dec 12.391 deg
Loading hdf5 image:  /project/u2grc/Nikola/newSimulations/KerrLow/ipole/n_-1_res_160/image_torus.out0.03909.h5
   assuming source M87: ra 12.514 hr: dec 12.391 deg
Loading hdf5 image:  /project/u2grc/Nikola/newSimulations/KerrLow/ipole/n_-1_res_160/image_torus.out0.03910.h5
   assuming source M87: ra 12.514 hr: dec 12.391 deg
Loading hdf5 image:  /project/u2grc/Nikola/newSimulations/KerrLow/ipole/n_-1_res_160/image_torus.out0.03911.h5
   assuming source M87: ra 12.514 hr: dec 12.391 deg
Loading hdf5 image:  /project/u2grc/Nikola/newSimulations/KerrLow/ipole/n_-1_res_160/image_torus.out0.03912.h5
   assuming source M87: ra 12.514 hr: dec 12.391 deg
Loading hdf5 image:  /project/u2grc/Nikola/newSimulations/KerrLow/ipole/n_-1_res_160/image_torus.out0.03913.h5
   assuming source M87: ra 12.514 hr: dec 12.391 deg
Loading hdf5 image:  /project/u2grc/Nikola/newSimulations/KerrLow/ipole/n_-1_res_160/image_torus.out0.03914.h5
   assuming source M87: ra 12.514 hr: dec 12.391 deg
Loading hdf5 image:  /project/u2grc/Nikola/newSimulations/KerrLow/ipole/n_-1_res_160/image_torus.out0.03915.h5
   assuming source M87: ra 12.514 hr: dec 12.391 deg
Loading hdf5 image:  /project/u2grc/Nikola/newSimulations/KerrLow/ipole/n_-1_res_160/image_torus.out0.03916.h5
   assuming source M87: ra 12.514 hr: dec 12.391 deg
Loading hdf5 image:  /project/u2grc/Nikola/newSimulations/KerrLow/ipole/n_-1_res_160/image_torus.out0.03917.h5
   assuming source M87: ra 12.514 hr: dec 12.391 deg
Loading hdf5 image:  /project/u2grc/Nikola/newSimulations/KerrLow/ipole/n_-1_res_160/image_torus.out0.03918.h5
   assuming source M87: ra 12.514 hr: dec 12.391 deg
Loading hdf5 image:  /project/u2grc/Nikola/newSimulations/KerrLow/ipole/n_-1_res_160/image_torus.out0.03919.h5
   assuming source M87: ra 12.514 hr: dec 12.391 deg
Loading hdf5 image:  /project/u2grc/Nikola/newSimulations/KerrLow/ipole/n_-1_res_160/image_torus.out0.03920.h5
   assuming source M87: ra 12.514 hr: dec 12.391 deg
Loading hdf5 image:  /project/u2grc/Nikola/newSimulations/KerrLow/ipole/n_-1_res_160/image_torus.out0.03921.h5
   assuming source M87: ra 12.514 hr: dec 12.391 deg
Loading hdf5 image:  /project/u2grc/Nikola/newSimulations/KerrLow/ipole/n_-1_res_160/image_torus.out0.03922.h5
   assuming source M87: ra 12.514 hr: dec 12.391 deg
Loading hdf5 image:  /project/u2grc/Nikola/newSimulations/KerrLow/ipole/n_-1_res_160/image_torus.out0.03923.h5
   assuming source M87: ra 12.514 hr: dec 12.391 deg
Loading hdf5 image:  /project/u2grc/Nikola/newSimulations/KerrLow/ipole/n_-1_res_160/image_torus.out0.03924.h5
   assuming source M87: ra 12.514 hr: dec 12.391 deg
Loading hdf5 image:  /project/u2grc/Nikola/newSimulations/KerrLow/ipole/n_-1_res_160/image_torus.out0.03925.h5
   assuming source M87: ra 12.514 hr: dec 12.391 deg
Loading hdf5 image:  /project/u2grc/Nikola/newSimulations/KerrLow/ipole/n_-1_res_160/image_torus.out0.03926.h5
   assuming source M87: ra 12.514 hr: dec 12.391 deg
Loading hdf5 image:  /project/u2grc/Nikola/newSimulations/KerrLow/ipole/n_-1_res_160/image_torus.out0.03927.h5
   assuming source M87: ra 12.514 hr: dec 12.391 deg
Loading hdf5 image:  /project/u2grc/Nikola/newSimulations/KerrLow/ipole/n_-1_res_160/image_torus.out0.03928.h5
   assuming source M87: ra 12.514 hr: dec 12.391 deg
Loading hdf5 image:  /project/u2grc/Nikola/newSimulations/KerrLow/ipole/n_-1_res_160/image_torus.out0.03929.h5
   assuming source M87: ra 12.514 hr: dec 12.391 deg
Loading hdf5 image:  /project/u2grc/Nikola/newSimulations/KerrLow/ipole/n_-1_res_160/image_torus.out0.03930.h5
   assuming source M87: ra 12.514 hr: dec 12.391 deg
Loading hdf5 image:  /project/u2grc/Nikola/newSimulations/KerrLow/ipole/n_-1_res_160/image_torus.out0.03931.h5
   assuming source M87: ra 12.514 hr: dec 12.391 deg
Loading hdf5 image:  /project/u2grc/Nikola/newSimulations/KerrLow/ipole/n_-1_res_160/image_torus.out0.03932.h5
   assuming source M87: ra 12.514 hr: dec 12.391 deg
Loading hdf5 image:  /project/u2grc/Nikola/newSimulations/KerrLow/ipole/n_-1_res_160/image_torus.out0.03933.h5
   assuming source M87: ra 12.514 hr: dec 12.391 deg
Loading hdf5 image:  /project/u2grc/Nikola/newSimulations/KerrLow/ipole/n_-1_res_160/image_torus.out0.03934.h5
   assuming source M87: ra 12.514 hr: dec 12.391 deg
Loading hdf5 image:  /project/u2grc/Nikola/newSimulations/KerrLow/ipole/n_-1_res_160/image_torus.out0.03935.h5
   assuming source M87: ra 12.514 hr: dec 12.391 deg
Loading hdf5 image:  /project/u2grc/Nikola/newSimulations/KerrLow/ipole/n_-1_res_160/image_torus.out0.03936.h5
   assuming source M87: ra 12.514 hr: dec 12.391 deg
Loading hdf5 image:  /project/u2grc/Nikola/newSimulations/KerrLow/ipole/n_-1_res_160/image_torus.out0.03937.h5
   assuming source M87: ra 12.514 hr: dec 12.391 deg
Loading hdf5 image:  /project/u2grc/Nikola/newSimulations/KerrLow/ipole/n_-1_res_160/image_torus.out0.03938.h5
   assuming source M87: ra 12.514 hr: dec 12.391 deg
Loading hdf5 image:  /project/u2grc/Nikola/newSimulations/KerrLow/ipole/n_-1_res_160/image_torus.out0.03939.h5
   assuming source M87: ra 12.514 hr: dec 12.391 deg
Loading hdf5 image:  /project/u2grc/Nikola/newSimulations/KerrLow/ipole/n_-1_res_160/image_torus.out0.03940.h5
   assuming source M87: ra 12.514 hr: dec 12.391 deg
Loading hdf5 image:  /project/u2grc/Nikola/newSimulations/KerrLow/ipole/n_-1_res_160/image_torus.out0.03941.h5
   assuming source M87: ra 12.514 hr: dec 12.391 deg
Loading hdf5 image:  /project/u2grc/Nikola/newSimulations/KerrLow/ipole/n_-1_res_160/image_torus.out0.03942.h5
   assuming source M87: ra 12.514 hr: dec 12.391 deg
Loading hdf5 image:  /project/u2grc/Nikola/newSimulations/KerrLow/ipole/n_-1_res_160/image_torus.out0.03943.h5
   assuming source M87: ra 12.514 hr: dec 12.391 deg
Loading hdf5 image:  /project/u2grc/Nikola/newSimulations/KerrLow/ipole/n_-1_res_160/image_torus.out0.03944.h5
   assuming source M87: ra 12.514 hr: dec 12.391 deg
Loading hdf5 image:  /project/u2grc/Nikola/newSimulations/KerrLow/ipole/n_-1_res_160/image_torus.out0.03945.h5
   assuming source M87: ra 12.514 hr: dec 12.391 deg
Loading hdf5 image:  /project/u2grc/Nikola/newSimulations/KerrLow/ipole/n_-1_res_160/image_torus.out0.03946.h5
   assuming source M87: ra 12.514 hr: dec 12.391 deg
Loading hdf5 image:  /project/u2grc/Nikola/newSimulations/KerrLow/ipole/n_-1_res_160/image_torus.out0.03947.h5
   assuming source M87: ra 12.514 hr: dec 12.391 deg
Loading hdf5 image:  /project/u2grc/Nikola/newSimulations/KerrLow/ipole/n_-1_res_160/image_torus.out0.03948.h5
   assuming source M87: ra 12.514 hr: dec 12.391 deg
Loading hdf5 image:  /project/u2grc/Nikola/newSimulations/KerrLow/ipole/n_-1_res_160/image_torus.out0.03949.h5
   assuming source M87: ra 12.514 hr: dec 12.391 deg
Loading hdf5 image:  /project/u2grc/Nikola/newSimulations/KerrLow/ipole/n_-1_res_160/image_torus.out0.03950.h5
   assuming source M87: ra 12.514 hr: dec 12.391 deg
Loading hdf5 image:  /project/u2grc/Nikola/newSimulations/KerrLow/ipole/n_-1_res_160/image_torus.out0.03951.h5
   assuming source M87: ra 12.514 hr: dec 12.391 deg
Loading hdf5 image:  /project/u2grc/Nikola/newSimulations/KerrLow/ipole/n_-1_res_160/image_torus.out0.03952.h5
   assuming source M87: ra 12.514 hr: dec 12.391 deg
Loading hdf5 image:  /project/u2grc/Nikola/newSimulations/KerrLow/ipole/n_-1_res_160/image_torus.out0.03953.h5
   assuming source M87: ra 12.514 hr: dec 12.391 deg
Loading hdf5 image:  /project/u2grc/Nikola/newSimulations/KerrLow/ipole/n_-1_res_160/image_torus.out0.03954.h5
   assuming source M87: ra 12.514 hr: dec 12.391 deg
Loading hdf5 image:  /project/u2grc/Nikola/newSimulations/KerrLow/ipole/n_-1_res_160/image_torus.out0.03955.h5
   assuming source M87: ra 12.514 hr: dec 12.391 deg
Loading hdf5 image:  /project/u2grc/Nikola/newSimulations/KerrLow/ipole/n_-1_res_160/image_torus.out0.03956.h5
   assuming source M87: ra 12.514 hr: dec 12.391 deg
Loading hdf5 image:  /project/u2grc/Nikola/newSimulations/KerrLow/ipole/n_-1_res_160/image_torus.out0.03957.h5
   assuming source M87: ra 12.514 hr: dec 12.391 deg
Loading hdf5 image:  /project/u2grc/Nikola/newSimulations/KerrLow/ipole/n_-1_res_160/image_torus.out0.03958.h5
   assuming source M87: ra 12.514 hr: dec 12.391 deg
Loading hdf5 image:  /project/u2grc/Nikola/newSimulations/KerrLow/ipole/n_-1_res_160/image_torus.out0.03959.h5
   assuming source M87: ra 12.514 hr: dec 12.391 deg
Loading hdf5 image:  /project/u2grc/Nikola/newSimulations/KerrLow/ipole/n_-1_res_160/image_torus.out0.03960.h5
   assuming source M87: ra 12.514 hr: dec 12.391 deg
Loading hdf5 image:  /project/u2grc/Nikola/newSimulations/KerrLow/ipole/n_-1_res_160/image_torus.out0.03961.h5
   assuming source M87: ra 12.514 hr: dec 12.391 deg
Loading hdf5 image:  /project/u2grc/Nikola/newSimulations/KerrLow/ipole/n_-1_res_160/image_torus.out0.03962.h5
   assuming source M87: ra 12.514 hr: dec 12.391 deg
Loading hdf5 image:  /project/u2grc/Nikola/newSimulations/KerrLow/ipole/n_-1_res_160/image_torus.out0.03963.h5
   assuming source M87: ra 12.514 hr: dec 12.391 deg
Loading hdf5 image:  /project/u2grc/Nikola/newSimulations/KerrLow/ipole/n_-1_res_160/image_torus.out0.03964.h5
   assuming source M87: ra 12.514 hr: dec 12.391 deg
Loading hdf5 image:  /project/u2grc/Nikola/newSimulations/KerrLow/ipole/n_-1_res_160/image_torus.out0.03965.h5
   assuming source M87: ra 12.514 hr: dec 12.391 deg
Loading hdf5 image:  /project/u2grc/Nikola/newSimulations/KerrLow/ipole/n_-1_res_160/image_torus.out0.03966.h5
   assuming source M87: ra 12.514 hr: dec 12.391 deg
Loading hdf5 image:  /project/u2grc/Nikola/newSimulations/KerrLow/ipole/n_-1_res_160/image_torus.out0.03967.h5
   assuming source M87: ra 12.514 hr: dec 12.391 deg
Loading hdf5 image:  /project/u2grc/Nikola/newSimulations/KerrLow/ipole/n_-1_res_160/image_torus.out0.03968.h5
   assuming source M87: ra 12.514 hr: dec 12.391 deg
Loading hdf5 image:  /project/u2grc/Nikola/newSimulations/KerrLow/ipole/n_-1_res_160/image_torus.out0.03969.h5
   assuming source M87: ra 12.514 hr: dec 12.391 deg
Loading hdf5 image:  /project/u2grc/Nikola/newSimulations/KerrLow/ipole/n_-1_res_160/image_torus.out0.03970.h5
   assuming source M87: ra 12.514 hr: dec 12.391 deg
Loading hdf5 image:  /project/u2grc/Nikola/newSimulations/KerrLow/ipole/n_-1_res_160/image_torus.out0.03971.h5
   assuming source M87: ra 12.514 hr: dec 12.391 deg
Loading hdf5 image:  /project/u2grc/Nikola/newSimulations/KerrLow/ipole/n_-1_res_160/image_torus.out0.03972.h5
   assuming source M87: ra 12.514 hr: dec 12.391 deg
Loading hdf5 image:  /project/u2grc/Nikola/newSimulations/KerrLow/ipole/n_-1_res_160/image_torus.out0.03973.h5
   assuming source M87: ra 12.514 hr: dec 12.391 deg
Loading hdf5 image:  /project/u2grc/Nikola/newSimulations/KerrLow/ipole/n_-1_res_160/image_torus.out0.03974.h5
   assuming source M87: ra 12.514 hr: dec 12.391 deg
Loading hdf5 image:  /project/u2grc/Nikola/newSimulations/KerrLow/ipole/n_-1_res_160/image_torus.out0.03975.h5
   assuming source M87: ra 12.514 hr: dec 12.391 deg
Loading hdf5 image:  /project/u2grc/Nikola/newSimulations/KerrLow/ipole/n_-1_res_160/image_torus.out0.03976.h5
   assuming source M87: ra 12.514 hr: dec 12.391 deg
Loading hdf5 image:  /project/u2grc/Nikola/newSimulations/KerrLow/ipole/n_-1_res_160/image_torus.out0.03977.h5
   assuming source M87: ra 12.514 hr: dec 12.391 deg
Loading hdf5 image:  /project/u2grc/Nikola/newSimulations/KerrLow/ipole/n_-1_res_160/image_torus.out0.03978.h5
   assuming source M87: ra 12.514 hr: dec 12.391 deg
Loading hdf5 image:  /project/u2grc/Nikola/newSimulations/KerrLow/ipole/n_-1_res_160/image_torus.out0.03979.h5
   assuming source M87: ra 12.514 hr: dec 12.391 deg
Loading hdf5 image:  /project/u2grc/Nikola/newSimulations/KerrLow/ipole/n_-1_res_160/image_torus.out0.03980.h5
   assuming source M87: ra 12.514 hr: dec 12.391 deg
Loading hdf5 image:  /project/u2grc/Nikola/newSimulations/KerrLow/ipole/n_-1_res_160/image_torus.out0.03981.h5
   assuming source M87: ra 12.514 hr: dec 12.391 deg
Loading hdf5 image:  /project/u2grc/Nikola/newSimulations/KerrLow/ipole/n_-1_res_160/image_torus.out0.03982.h5
   assuming source M87: ra 12.514 hr: dec 12.391 deg
Loading hdf5 image:  /project/u2grc/Nikola/newSimulations/KerrLow/ipole/n_-1_res_160/image_torus.out0.03983.h5
   assuming source M87: ra 12.514 hr: dec 12.391 deg
Loading hdf5 image:  /project/u2grc/Nikola/newSimulations/KerrLow/ipole/n_-1_res_160/image_torus.out0.03984.h5
   assuming source M87: ra 12.514 hr: dec 12.391 deg
Loading hdf5 image:  /project/u2grc/Nikola/newSimulations/KerrLow/ipole/n_-1_res_160/image_torus.out0.03985.h5
   assuming source M87: ra 12.514 hr: dec 12.391 deg
Loading hdf5 image:  /project/u2grc/Nikola/newSimulations/KerrLow/ipole/n_-1_res_160/image_torus.out0.03986.h5
   assuming source M87: ra 12.514 hr: dec 12.391 deg
Loading hdf5 image:  /project/u2grc/Nikola/newSimulations/KerrLow/ipole/n_-1_res_160/image_torus.out0.03987.h5
   assuming source M87: ra 12.514 hr: dec 12.391 deg
Loading hdf5 image:  /project/u2grc/Nikola/newSimulations/KerrLow/ipole/n_-1_res_160/image_torus.out0.03988.h5
   assuming source M87: ra 12.514 hr: dec 12.391 deg
Loading hdf5 image:  /project/u2grc/Nikola/newSimulations/KerrLow/ipole/n_-1_res_160/image_torus.out0.03989.h5
   assuming source M87: ra 12.514 hr: dec 12.391 deg
Loading hdf5 image:  /project/u2grc/Nikola/newSimulations/KerrLow/ipole/n_-1_res_160/image_torus.out0.03990.h5
   assuming source M87: ra 12.514 hr: dec 12.391 deg
Loading hdf5 image:  /project/u2grc/Nikola/newSimulations/KerrLow/ipole/n_-1_res_160/image_torus.out0.03991.h5
   assuming source M87: ra 12.514 hr: dec 12.391 deg
Loading hdf5 image:  /project/u2grc/Nikola/newSimulations/KerrLow/ipole/n_-1_res_160/image_torus.out0.03992.h5
   assuming source M87: ra 12.514 hr: dec 12.391 deg
Loading hdf5 image:  /project/u2grc/Nikola/newSimulations/KerrLow/ipole/n_-1_res_160/image_torus.out0.03993.h5
   assuming source M87: ra 12.514 hr: dec 12.391 deg
Loading hdf5 image:  /project/u2grc/Nikola/newSimulations/KerrLow/ipole/n_-1_res_160/image_torus.out0.03994.h5
   assuming source M87: ra 12.514 hr: dec 12.391 deg
Loading hdf5 image:  /project/u2grc/Nikola/newSimulations/KerrLow/ipole/n_-1_res_160/image_torus.out0.03995.h5
   assuming source M87: ra 12.514 hr: dec 12.391 deg
Loading hdf5 image:  /project/u2grc/Nikola/newSimulations/KerrLow/ipole/n_-1_res_160/image_torus.out0.03996.h5
   assuming source M87: ra 12.514 hr: dec 12.391 deg
Loading hdf5 image:  /project/u2grc/Nikola/newSimulations/KerrLow/ipole/n_-1_res_160/image_torus.out0.03997.h5
   assuming source M87: ra 12.514 hr: dec 12.391 deg
Loading hdf5 image:  /project/u2grc/Nikola/newSimulations/KerrLow/ipole/n_-1_res_160/image_torus.out0.03998.h5
   assuming source M87: ra 12.514 hr: dec 12.391 deg
Loading hdf5 image:  /project/u2grc/Nikola/newSimulations/KerrLow/ipole/n_-1_res_160/image_torus.out0.03999.h5
   assuming source M87: ra 12.514 hr: dec 12.391 deg
Loading hdf5 image:  /project/u2grc/Nikola/newSimulations/KerrLow/ipole/n_-1_res_160/image_torus.out0.04000.h5
   assuming source M87: ra 12.514 hr: dec 12.391 deg
Loading hdf5 image:  /project/u2grc/Nikola/newSimulations/KerrLow/ipole/n_-1_res_160/image_torus.out0.04001.h5
   assuming source M87: ra 12.514 hr: dec 12.391 deg
Loading hdf5 image:  /project/u2grc/Nikola/newSimulations/KerrLow/ipole/n_-1_res_160/image_torus.out0.04002.h5
   assuming source M87: ra 12.514 hr: dec 12.391 deg
Loading hdf5 image:  /project/u2grc/Nikola/newSimulations/KerrLow/ipole/n_-1_res_160/image_torus.out0.04003.h5
   assuming source M87: ra 12.514 hr: dec 12.391 deg
Loading hdf5 image:  /project/u2grc/Nikola/newSimulations/KerrLow/ipole/n_-1_res_160/image_torus.out0.04004.h5
   assuming source M87: ra 12.514 hr: dec 12.391 deg
Loading hdf5 image:  /project/u2grc/Nikola/newSimulations/KerrLow/ipole/n_-1_res_160/image_torus.out0.04005.h5
   assuming source M87: ra 12.514 hr: dec 12.391 deg
Loading hdf5 image:  /project/u2grc/Nikola/newSimulations/KerrLow/ipole/n_-1_res_160/image_torus.out0.04006.h5
   assuming source M87: ra 12.514 hr: dec 12.391 deg
Loading hdf5 image:  /project/u2grc/Nikola/newSimulations/KerrLow/ipole/n_-1_res_160/image_torus.out0.04007.h5
   assuming source M87: ra 12.514 hr: dec 12.391 deg
Loading hdf5 image:  /project/u2grc/Nikola/newSimulations/KerrLow/ipole/n_-1_res_160/image_torus.out0.04008.h5
   assuming source M87: ra 12.514 hr: dec 12.391 deg
Loading hdf5 image:  /project/u2grc/Nikola/newSimulations/KerrLow/ipole/n_-1_res_160/image_torus.out0.04009.h5
   assuming source M87: ra 12.514 hr: dec 12.391 deg
Loading hdf5 image:  /project/u2grc/Nikola/newSimulations/KerrLow/ipole/n_-1_res_160/image_torus.out0.04010.h5
   assuming source M87: ra 12.514 hr: dec 12.391 deg
Loading hdf5 image:  /project/u2grc/Nikola/newSimulations/KerrLow/ipole/n_-1_res_160/image_torus.out0.04011.h5
   assuming source M87: ra 12.514 hr: dec 12.391 deg
Loading hdf5 image:  /project/u2grc/Nikola/newSimulations/KerrLow/ipole/n_-1_res_160/image_torus.out0.04012.h5
   assuming source M87: ra 12.514 hr: dec 12.391 deg
Loading hdf5 image:  /project/u2grc/Nikola/newSimulations/KerrLow/ipole/n_-1_res_160/image_torus.out0.04013.h5
   assuming source M87: ra 12.514 hr: dec 12.391 deg
Loading hdf5 image:  /project/u2grc/Nikola/newSimulations/KerrLow/ipole/n_-1_res_160/image_torus.out0.04014.h5
   assuming source M87: ra 12.514 hr: dec 12.391 deg
Loading hdf5 image:  /project/u2grc/Nikola/newSimulations/KerrLow/ipole/n_-1_res_160/image_torus.out0.04015.h5
   assuming source M87: ra 12.514 hr: dec 12.391 deg
Loading hdf5 image:  /project/u2grc/Nikola/newSimulations/KerrLow/ipole/n_-1_res_160/image_torus.out0.04016.h5
   assuming source M87: ra 12.514 hr: dec 12.391 deg
Loading hdf5 image:  /project/u2grc/Nikola/newSimulations/KerrLow/ipole/n_-1_res_160/image_torus.out0.04017.h5
   assuming source M87: ra 12.514 hr: dec 12.391 deg
Loading hdf5 image:  /project/u2grc/Nikola/newSimulations/KerrLow/ipole/n_-1_res_160/image_torus.out0.04018.h5
   assuming source M87: ra 12.514 hr: dec 12.391 deg
Loading hdf5 image:  /project/u2grc/Nikola/newSimulations/KerrLow/ipole/n_-1_res_160/image_torus.out0.04019.h5
   assuming source M87: ra 12.514 hr: dec 12.391 deg
Loading hdf5 image:  /project/u2grc/Nikola/newSimulations/KerrLow/ipole/n_-1_res_160/image_torus.out0.04020.h5
   assuming source M87: ra 12.514 hr: dec 12.391 deg
Loading hdf5 image:  /project/u2grc/Nikola/newSimulations/KerrLow/ipole/n_-1_res_160/image_torus.out0.04021.h5
   assuming source M87: ra 12.514 hr: dec 12.391 deg
Loading hdf5 image:  /project/u2grc/Nikola/newSimulations/KerrLow/ipole/n_-1_res_160/image_torus.out0.04022.h5
   assuming source M87: ra 12.514 hr: dec 12.391 deg
Loading hdf5 image:  /project/u2grc/Nikola/newSimulations/KerrLow/ipole/n_-1_res_160/image_torus.out0.04023.h5
   assuming source M87: ra 12.514 hr: dec 12.391 deg
Loading hdf5 image:  /project/u2grc/Nikola/newSimulations/KerrLow/ipole/n_-1_res_160/image_torus.out0.04024.h5
   assuming source M87: ra 12.514 hr: dec 12.391 deg
Loading hdf5 image:  /project/u2grc/Nikola/newSimulations/KerrLow/ipole/n_-1_res_160/image_torus.out0.04025.h5
   assuming source M87: ra 12.514 hr: dec 12.391 deg
Loading hdf5 image:  /project/u2grc/Nikola/newSimulations/KerrLow/ipole/n_-1_res_160/image_torus.out0.04026.h5
   assuming source M87: ra 12.514 hr: dec 12.391 deg
Loading hdf5 image:  /project/u2grc/Nikola/newSimulations/KerrLow/ipole/n_-1_res_160/image_torus.out0.04027.h5
   assuming source M87: ra 12.514 hr: dec 12.391 deg
Loading hdf5 image:  /project/u2grc/Nikola/newSimulations/KerrLow/ipole/n_-1_res_160/image_torus.out0.04028.h5
   assuming source M87: ra 12.514 hr: dec 12.391 deg
Loading hdf5 image:  /project/u2grc/Nikola/newSimulations/KerrLow/ipole/n_-1_res_160/image_torus.out0.04029.h5
   assuming source M87: ra 12.514 hr: dec 12.391 deg
Loading hdf5 image:  /project/u2grc/Nikola/newSimulations/KerrLow/ipole/n_-1_res_160/image_torus.out0.04030.h5
   assuming source M87: ra 12.514 hr: dec 12.391 deg
Loading hdf5 image:  /project/u2grc/Nikola/newSimulations/KerrLow/ipole/n_-1_res_160/image_torus.out0.04031.h5
   assuming source M87: ra 12.514 hr: dec 12.391 deg
Loading hdf5 image:  /project/u2grc/Nikola/newSimulations/KerrLow/ipole/n_-1_res_160/image_torus.out0.04032.h5
   assuming source M87: ra 12.514 hr: dec 12.391 deg
Loading hdf5 image:  /project/u2grc/Nikola/newSimulations/KerrLow/ipole/n_-1_res_160/image_torus.out0.04033.h5
   assuming source M87: ra 12.514 hr: dec 12.391 deg
Loading hdf5 image:  /project/u2grc/Nikola/newSimulations/KerrLow/ipole/n_-1_res_160/image_torus.out0.04034.h5
   assuming source M87: ra 12.514 hr: dec 12.391 deg
Loading hdf5 image:  /project/u2grc/Nikola/newSimulations/KerrLow/ipole/n_-1_res_160/image_torus.out0.04035.h5
   assuming source M87: ra 12.514 hr: dec 12.391 deg
Loading hdf5 image:  /project/u2grc/Nikola/newSimulations/KerrLow/ipole/n_-1_res_160/image_torus.out0.04036.h5
   assuming source M87: ra 12.514 hr: dec 12.391 deg
Loading hdf5 image:  /project/u2grc/Nikola/newSimulations/KerrLow/ipole/n_-1_res_160/image_torus.out0.04037.h5
   assuming source M87: ra 12.514 hr: dec 12.391 deg
Loading hdf5 image:  /project/u2grc/Nikola/newSimulations/KerrLow/ipole/n_-1_res_160/image_torus.out0.04038.h5
   assuming source M87: ra 12.514 hr: dec 12.391 deg
Loading hdf5 image:  /project/u2grc/Nikola/newSimulations/KerrLow/ipole/n_-1_res_160/image_torus.out0.04039.h5
   assuming source M87: ra 12.514 hr: dec 12.391 deg
Loading hdf5 image:  /project/u2grc/Nikola/newSimulations/KerrLow/ipole/n_-1_res_160/image_torus.out0.04040.h5
   assuming source M87: ra 12.514 hr: dec 12.391 deg
Loading hdf5 image:  /project/u2grc/Nikola/newSimulations/KerrLow/ipole/n_-1_res_160/image_torus.out0.04041.h5
   assuming source M87: ra 12.514 hr: dec 12.391 deg
Loading hdf5 image:  /project/u2grc/Nikola/newSimulations/KerrLow/ipole/n_-1_res_160/image_torus.out0.04042.h5
   assuming source M87: ra 12.514 hr: dec 12.391 deg
Loading hdf5 image:  /project/u2grc/Nikola/newSimulations/KerrLow/ipole/n_-1_res_160/image_torus.out0.04043.h5
   assuming source M87: ra 12.514 hr: dec 12.391 deg
Loading hdf5 image:  /project/u2grc/Nikola/newSimulations/KerrLow/ipole/n_-1_res_160/image_torus.out0.04044.h5
   assuming source M87: ra 12.514 hr: dec 12.391 deg
Loading hdf5 image:  /project/u2grc/Nikola/newSimulations/KerrLow/ipole/n_-1_res_160/image_torus.out0.04045.h5
   assuming source M87: ra 12.514 hr: dec 12.391 deg
Loading hdf5 image:  /project/u2grc/Nikola/newSimulations/KerrLow/ipole/n_-1_res_160/image_torus.out0.04046.h5
   assuming source M87: ra 12.514 hr: dec 12.391 deg
Loading hdf5 image:  /project/u2grc/Nikola/newSimulations/KerrLow/ipole/n_-1_res_160/image_torus.out0.04047.h5
   assuming source M87: ra 12.514 hr: dec 12.391 deg
Loading hdf5 image:  /project/u2grc/Nikola/newSimulations/KerrLow/ipole/n_-1_res_160/image_torus.out0.04048.h5
   assuming source M87: ra 12.514 hr: dec 12.391 deg
Loading hdf5 image:  /project/u2grc/Nikola/newSimulations/KerrLow/ipole/n_-1_res_160/image_torus.out0.04049.h5
   assuming source M87: ra 12.514 hr: dec 12.391 deg
Loading hdf5 image:  /project/u2grc/Nikola/newSimulations/KerrLow/ipole/n_-1_res_160/image_torus.out0.04050.h5
   assuming source M87: ra 12.514 hr: dec 12.391 deg
Loading hdf5 image:  /project/u2grc/Nikola/newSimulations/KerrLow/ipole/n_-1_res_160/image_torus.out0.04051.h5
   assuming source M87: ra 12.514 hr: dec 12.391 deg
Loading hdf5 image:  /project/u2grc/Nikola/newSimulations/KerrLow/ipole/n_-1_res_160/image_torus.out0.04052.h5
   assuming source M87: ra 12.514 hr: dec 12.391 deg
Loading hdf5 image:  /project/u2grc/Nikola/newSimulations/KerrLow/ipole/n_-1_res_160/image_torus.out0.04053.h5
   assuming source M87: ra 12.514 hr: dec 12.391 deg
Loading hdf5 image:  /project/u2grc/Nikola/newSimulations/KerrLow/ipole/n_-1_res_160/image_torus.out0.04054.h5
   assuming source M87: ra 12.514 hr: dec 12.391 deg
Loading hdf5 image:  /project/u2grc/Nikola/newSimulations/KerrLow/ipole/n_-1_res_160/image_torus.out0.04055.h5
   assuming source M87: ra 12.514 hr: dec 12.391 deg
Loading hdf5 image:  /project/u2grc/Nikola/newSimulations/KerrLow/ipole/n_-1_res_160/image_torus.out0.04056.h5
   assuming source M87: ra 12.514 hr: dec 12.391 deg
Loading hdf5 image:  /project/u2grc/Nikola/newSimulations/KerrLow/ipole/n_-1_res_160/image_torus.out0.04057.h5
   assuming source M87: ra 12.514 hr: dec 12.391 deg
Loading hdf5 image:  /project/u2grc/Nikola/newSimulations/KerrLow/ipole/n_-1_res_160/image_torus.out0.04058.h5
   assuming source M87: ra 12.514 hr: dec 12.391 deg
Loading hdf5 image:  /project/u2grc/Nikola/newSimulations/KerrLow/ipole/n_-1_res_160/image_torus.out0.04059.h5
   assuming source M87: ra 12.514 hr: dec 12.391 deg
Loading hdf5 image:  /project/u2grc/Nikola/newSimulations/KerrLow/ipole/n_-1_res_160/image_torus.out0.04060.h5
   assuming source M87: ra 12.514 hr: dec 12.391 deg
Loading hdf5 image:  /project/u2grc/Nikola/newSimulations/KerrLow/ipole/n_-1_res_160/image_torus.out0.04061.h5
   assuming source M87: ra 12.514 hr: dec 12.391 deg
Loading hdf5 image:  /project/u2grc/Nikola/newSimulations/KerrLow/ipole/n_-1_res_160/image_torus.out0.04062.h5
   assuming source M87: ra 12.514 hr: dec 12.391 deg
Loading hdf5 image:  /project/u2grc/Nikola/newSimulations/KerrLow/ipole/n_-1_res_160/image_torus.out0.04063.h5
   assuming source M87: ra 12.514 hr: dec 12.391 deg
Loading hdf5 image:  /project/u2grc/Nikola/newSimulations/KerrLow/ipole/n_-1_res_160/image_torus.out0.04064.h5
   assuming source M87: ra 12.514 hr: dec 12.391 deg
Loading hdf5 image:  /project/u2grc/Nikola/newSimulations/KerrLow/ipole/n_-1_res_160/image_torus.out0.04065.h5
   assuming source M87: ra 12.514 hr: dec 12.391 deg
Loading hdf5 image:  /project/u2grc/Nikola/newSimulations/KerrLow/ipole/n_-1_res_160/image_torus.out0.04066.h5
   assuming source M87: ra 12.514 hr: dec 12.391 deg
Loading hdf5 image:  /project/u2grc/Nikola/newSimulations/KerrLow/ipole/n_-1_res_160/image_torus.out0.04067.h5
   assuming source M87: ra 12.514 hr: dec 12.391 deg
Loading hdf5 image:  /project/u2grc/Nikola/newSimulations/KerrLow/ipole/n_-1_res_160/image_torus.out0.04068.h5
   assuming source M87: ra 12.514 hr: dec 12.391 deg
Loading hdf5 image:  /project/u2grc/Nikola/newSimulations/KerrLow/ipole/n_-1_res_160/image_torus.out0.04069.h5
   assuming source M87: ra 12.514 hr: dec 12.391 deg
Loading hdf5 image:  /project/u2grc/Nikola/newSimulations/KerrLow/ipole/n_-1_res_160/image_torus.out0.04070.h5
   assuming source M87: ra 12.514 hr: dec 12.391 deg
Loading hdf5 image:  /project/u2grc/Nikola/newSimulations/KerrLow/ipole/n_-1_res_160/image_torus.out0.04071.h5
   assuming source M87: ra 12.514 hr: dec 12.391 deg
Loading hdf5 image:  /project/u2grc/Nikola/newSimulations/KerrLow/ipole/n_-1_res_160/image_torus.out0.04072.h5
   assuming source M87: ra 12.514 hr: dec 12.391 deg
Loading hdf5 image:  /project/u2grc/Nikola/newSimulations/KerrLow/ipole/n_-1_res_160/image_torus.out0.04073.h5
   assuming source M87: ra 12.514 hr: dec 12.391 deg
Loading hdf5 image:  /project/u2grc/Nikola/newSimulations/KerrLow/ipole/n_-1_res_160/image_torus.out0.04074.h5
   assuming source M87: ra 12.514 hr: dec 12.391 deg
Loading hdf5 image:  /project/u2grc/Nikola/newSimulations/KerrLow/ipole/n_-1_res_160/image_torus.out0.04075.h5
   assuming source M87: ra 12.514 hr: dec 12.391 deg
Loading hdf5 image:  /project/u2grc/Nikola/newSimulations/KerrLow/ipole/n_-1_res_160/image_torus.out0.04076.h5
   assuming source M87: ra 12.514 hr: dec 12.391 deg
Loading hdf5 image:  /project/u2grc/Nikola/newSimulations/KerrLow/ipole/n_-1_res_160/image_torus.out0.04077.h5
   assuming source M87: ra 12.514 hr: dec 12.391 deg
Loading hdf5 image:  /project/u2grc/Nikola/newSimulations/KerrLow/ipole/n_-1_res_160/image_torus.out0.04078.h5
   assuming source M87: ra 12.514 hr: dec 12.391 deg
Loading hdf5 image:  /project/u2grc/Nikola/newSimulations/KerrLow/ipole/n_-1_res_160/image_torus.out0.04079.h5
   assuming source M87: ra 12.514 hr: dec 12.391 deg
Loading hdf5 image:  /project/u2grc/Nikola/newSimulations/KerrLow/ipole/n_-1_res_160/image_torus.out0.04080.h5
   assuming source M87: ra 12.514 hr: dec 12.391 deg
Loading hdf5 image:  /project/u2grc/Nikola/newSimulations/KerrLow/ipole/n_-1_res_160/image_torus.out0.04081.h5
   assuming source M87: ra 12.514 hr: dec 12.391 deg
Loading hdf5 image:  /project/u2grc/Nikola/newSimulations/KerrLow/ipole/n_-1_res_160/image_torus.out0.04082.h5
   assuming source M87: ra 12.514 hr: dec 12.391 deg
Loading hdf5 image:  /project/u2grc/Nikola/newSimulations/KerrLow/ipole/n_-1_res_160/image_torus.out0.04083.h5
   assuming source M87: ra 12.514 hr: dec 12.391 deg
Loading hdf5 image:  /project/u2grc/Nikola/newSimulations/KerrLow/ipole/n_-1_res_160/image_torus.out0.04084.h5
   assuming source M87: ra 12.514 hr: dec 12.391 deg
Loading hdf5 image:  /project/u2grc/Nikola/newSimulations/KerrLow/ipole/n_-1_res_160/image_torus.out0.04085.h5
   assuming source M87: ra 12.514 hr: dec 12.391 deg
Loading hdf5 image:  /project/u2grc/Nikola/newSimulations/KerrLow/ipole/n_-1_res_160/image_torus.out0.04086.h5
   assuming source M87: ra 12.514 hr: dec 12.391 deg
Loading hdf5 image:  /project/u2grc/Nikola/newSimulations/KerrLow/ipole/n_-1_res_160/image_torus.out0.04087.h5
   assuming source M87: ra 12.514 hr: dec 12.391 deg
Loading hdf5 image:  /project/u2grc/Nikola/newSimulations/KerrLow/ipole/n_-1_res_160/image_torus.out0.04088.h5
   assuming source M87: ra 12.514 hr: dec 12.391 deg
Loading hdf5 image:  /project/u2grc/Nikola/newSimulations/KerrLow/ipole/n_-1_res_160/image_torus.out0.04089.h5
   assuming source M87: ra 12.514 hr: dec 12.391 deg
Loading hdf5 image:  /project/u2grc/Nikola/newSimulations/KerrLow/ipole/n_-1_res_160/image_torus.out0.04090.h5
   assuming source M87: ra 12.514 hr: dec 12.391 deg
Loading hdf5 image:  /project/u2grc/Nikola/newSimulations/KerrLow/ipole/n_-1_res_160/image_torus.out0.04091.h5
   assuming source M87: ra 12.514 hr: dec 12.391 deg
Loading hdf5 image:  /project/u2grc/Nikola/newSimulations/KerrLow/ipole/n_-1_res_160/image_torus.out0.04092.h5
   assuming source M87: ra 12.514 hr: dec 12.391 deg
Loading hdf5 image:  /project/u2grc/Nikola/newSimulations/KerrLow/ipole/n_-1_res_160/image_torus.out0.04093.h5
   assuming source M87: ra 12.514 hr: dec 12.391 deg
Loading hdf5 image:  /project/u2grc/Nikola/newSimulations/KerrLow/ipole/n_-1_res_160/image_torus.out0.04094.h5
   assuming source M87: ra 12.514 hr: dec 12.391 deg
Loading hdf5 image:  /project/u2grc/Nikola/newSimulations/KerrLow/ipole/n_-1_res_160/image_torus.out0.04095.h5
   assuming source M87: ra 12.514 hr: dec 12.391 deg
Loading hdf5 image:  /project/u2grc/Nikola/newSimulations/KerrLow/ipole/n_-1_res_160/image_torus.out0.04096.h5
   assuming source M87: ra 12.514 hr: dec 12.391 deg
Loading hdf5 image:  /project/u2grc/Nikola/newSimulations/KerrLow/ipole/n_-1_res_160/image_torus.out0.04097.h5
   assuming source M87: ra 12.514 hr: dec 12.391 deg
Loading hdf5 image:  /project/u2grc/Nikola/newSimulations/KerrLow/ipole/n_-1_res_160/image_torus.out0.04098.h5
   assuming source M87: ra 12.514 hr: dec 12.391 deg
Loading hdf5 image:  /project/u2grc/Nikola/newSimulations/KerrLow/ipole/n_-1_res_160/image_torus.out0.04099.h5
   assuming source M87: ra 12.514 hr: dec 12.391 deg
Loading hdf5 image:  /project/u2grc/Nikola/newSimulations/KerrLow/ipole/n_-1_res_160/image_torus.out0.04100.h5
   assuming source M87: ra 12.514 hr: dec 12.391 deg
Loading hdf5 image:  /project/u2grc/Nikola/newSimulations/KerrLow/ipole/n_-1_res_160/image_torus.out0.04101.h5
   assuming source M87: ra 12.514 hr: dec 12.391 deg
Loading hdf5 image:  /project/u2grc/Nikola/newSimulations/KerrLow/ipole/n_-1_res_160/image_torus.out0.04102.h5
   assuming source M87: ra 12.514 hr: dec 12.391 deg
Loading hdf5 image:  /project/u2grc/Nikola/newSimulations/KerrLow/ipole/n_-1_res_160/image_torus.out0.04103.h5
   assuming source M87: ra 12.514 hr: dec 12.391 deg
Loading hdf5 image:  /project/u2grc/Nikola/newSimulations/KerrLow/ipole/n_-1_res_160/image_torus.out0.04104.h5
   assuming source M87: ra 12.514 hr: dec 12.391 deg
Loading hdf5 image:  /project/u2grc/Nikola/newSimulations/KerrLow/ipole/n_-1_res_160/image_torus.out0.04105.h5
   assuming source M87: ra 12.514 hr: dec 12.391 deg
Loading hdf5 image:  /project/u2grc/Nikola/newSimulations/KerrLow/ipole/n_-1_res_160/image_torus.out0.04106.h5
   assuming source M87: ra 12.514 hr: dec 12.391 deg
Loading hdf5 image:  /project/u2grc/Nikola/newSimulations/KerrLow/ipole/n_-1_res_160/image_torus.out0.04107.h5
   assuming source M87: ra 12.514 hr: dec 12.391 deg
Loading hdf5 image:  /project/u2grc/Nikola/newSimulations/KerrLow/ipole/n_-1_res_160/image_torus.out0.04108.h5
   assuming source M87: ra 12.514 hr: dec 12.391 deg
Loading hdf5 image:  /project/u2grc/Nikola/newSimulations/KerrLow/ipole/n_-1_res_160/image_torus.out0.04109.h5
   assuming source M87: ra 12.514 hr: dec 12.391 deg
Loading hdf5 image:  /project/u2grc/Nikola/newSimulations/KerrLow/ipole/n_-1_res_160/image_torus.out0.04110.h5
   assuming source M87: ra 12.514 hr: dec 12.391 deg
Loading hdf5 image:  /project/u2grc/Nikola/newSimulations/KerrLow/ipole/n_-1_res_160/image_torus.out0.04111.h5
   assuming source M87: ra 12.514 hr: dec 12.391 deg
Loading hdf5 image:  /project/u2grc/Nikola/newSimulations/KerrLow/ipole/n_-1_res_160/image_torus.out0.04112.h5
   assuming source M87: ra 12.514 hr: dec 12.391 deg
Loading hdf5 image:  /project/u2grc/Nikola/newSimulations/KerrLow/ipole/n_-1_res_160/image_torus.out0.04113.h5
   assuming source M87: ra 12.514 hr: dec 12.391 deg
Loading hdf5 image:  /project/u2grc/Nikola/newSimulations/KerrLow/ipole/n_-1_res_160/image_torus.out0.04114.h5
   assuming source M87: ra 12.514 hr: dec 12.391 deg
Loading hdf5 image:  /project/u2grc/Nikola/newSimulations/KerrLow/ipole/n_-1_res_160/image_torus.out0.04115.h5
   assuming source M87: ra 12.514 hr: dec 12.391 deg
Loading hdf5 image:  /project/u2grc/Nikola/newSimulations/KerrLow/ipole/n_-1_res_160/image_torus.out0.04116.h5
   assuming source M87: ra 12.514 hr: dec 12.391 deg
Loading hdf5 image:  /project/u2grc/Nikola/newSimulations/KerrLow/ipole/n_-1_res_160/image_torus.out0.04117.h5
   assuming source M87: ra 12.514 hr: dec 12.391 deg
Loading hdf5 image:  /project/u2grc/Nikola/newSimulations/KerrLow/ipole/n_-1_res_160/image_torus.out0.04118.h5
   assuming source M87: ra 12.514 hr: dec 12.391 deg
Loading hdf5 image:  /project/u2grc/Nikola/newSimulations/KerrLow/ipole/n_-1_res_160/image_torus.out0.04119.h5
   assuming source M87: ra 12.514 hr: dec 12.391 deg
Loading hdf5 image:  /project/u2grc/Nikola/newSimulations/KerrLow/ipole/n_-1_res_160/image_torus.out0.04120.h5
   assuming source M87: ra 12.514 hr: dec 12.391 deg
Loading hdf5 image:  /project/u2grc/Nikola/newSimulations/KerrLow/ipole/n_-1_res_160/image_torus.out0.04121.h5
   assuming source M87: ra 12.514 hr: dec 12.391 deg
Loading hdf5 image:  /project/u2grc/Nikola/newSimulations/KerrLow/ipole/n_-1_res_160/image_torus.out0.04122.h5
   assuming source M87: ra 12.514 hr: dec 12.391 deg
Loading hdf5 image:  /project/u2grc/Nikola/newSimulations/KerrLow/ipole/n_-1_res_160/image_torus.out0.04123.h5
   assuming source M87: ra 12.514 hr: dec 12.391 deg
Loading hdf5 image:  /project/u2grc/Nikola/newSimulations/KerrLow/ipole/n_-1_res_160/image_torus.out0.04124.h5
   assuming source M87: ra 12.514 hr: dec 12.391 deg
Loading hdf5 image:  /project/u2grc/Nikola/newSimulations/KerrLow/ipole/n_-1_res_160/image_torus.out0.04125.h5
   assuming source M87: ra 12.514 hr: dec 12.391 deg
Loading hdf5 image:  /project/u2grc/Nikola/newSimulations/KerrLow/ipole/n_-1_res_160/image_torus.out0.04126.h5
   assuming source M87: ra 12.514 hr: dec 12.391 deg
Loading hdf5 image:  /project/u2grc/Nikola/newSimulations/KerrLow/ipole/n_-1_res_160/image_torus.out0.04127.h5
   assuming source M87: ra 12.514 hr: dec 12.391 deg
Loading hdf5 image:  /project/u2grc/Nikola/newSimulations/KerrLow/ipole/n_-1_res_160/image_torus.out0.04128.h5
   assuming source M87: ra 12.514 hr: dec 12.391 deg
Loading hdf5 image:  /project/u2grc/Nikola/newSimulations/KerrLow/ipole/n_-1_res_160/image_torus.out0.04129.h5
   assuming source M87: ra 12.514 hr: dec 12.391 deg
Loading hdf5 image:  /project/u2grc/Nikola/newSimulations/KerrLow/ipole/n_-1_res_160/image_torus.out0.04130.h5
   assuming source M87: ra 12.514 hr: dec 12.391 deg
Loading hdf5 image:  /project/u2grc/Nikola/newSimulations/KerrLow/ipole/n_-1_res_160/image_torus.out0.04131.h5
   assuming source M87: ra 12.514 hr: dec 12.391 deg
Loading hdf5 image:  /project/u2grc/Nikola/newSimulations/KerrLow/ipole/n_-1_res_160/image_torus.out0.04132.h5
   assuming source M87: ra 12.514 hr: dec 12.391 deg
Loading hdf5 image:  /project/u2grc/Nikola/newSimulations/KerrLow/ipole/n_-1_res_160/image_torus.out0.04133.h5
   assuming source M87: ra 12.514 hr: dec 12.391 deg
Loading hdf5 image:  /project/u2grc/Nikola/newSimulations/KerrLow/ipole/n_-1_res_160/image_torus.out0.04134.h5
   assuming source M87: ra 12.514 hr: dec 12.391 deg
Loading hdf5 image:  /project/u2grc/Nikola/newSimulations/KerrLow/ipole/n_-1_res_160/image_torus.out0.04135.h5
   assuming source M87: ra 12.514 hr: dec 12.391 deg
Loading hdf5 image:  /project/u2grc/Nikola/newSimulations/KerrLow/ipole/n_-1_res_160/image_torus.out0.04136.h5
   assuming source M87: ra 12.514 hr: dec 12.391 deg
Loading hdf5 image:  /project/u2grc/Nikola/newSimulations/KerrLow/ipole/n_-1_res_160/image_torus.out0.04137.h5
   assuming source M87: ra 12.514 hr: dec 12.391 deg
Loading hdf5 image:  /project/u2grc/Nikola/newSimulations/KerrLow/ipole/n_-1_res_160/image_torus.out0.04138.h5
   assuming source M87: ra 12.514 hr: dec 12.391 deg
Loading hdf5 image:  /project/u2grc/Nikola/newSimulations/KerrLow/ipole/n_-1_res_160/image_torus.out0.04139.h5
   assuming source M87: ra 12.514 hr: dec 12.391 deg
Loading hdf5 image:  /project/u2grc/Nikola/newSimulations/KerrLow/ipole/n_-1_res_160/image_torus.out0.04140.h5
   assuming source M87: ra 12.514 hr: dec 12.391 deg
Loading hdf5 image:  /project/u2grc/Nikola/newSimulations/KerrLow/ipole/n_-1_res_160/image_torus.out0.04141.h5
   assuming source M87: ra 12.514 hr: dec 12.391 deg
Loading hdf5 image:  /project/u2grc/Nikola/newSimulations/KerrLow/ipole/n_-1_res_160/image_torus.out0.04142.h5
   assuming source M87: ra 12.514 hr: dec 12.391 deg
Loading hdf5 image:  /project/u2grc/Nikola/newSimulations/KerrLow/ipole/n_-1_res_160/image_torus.out0.04143.h5
   assuming source M87: ra 12.514 hr: dec 12.391 deg
Loading hdf5 image:  /project/u2grc/Nikola/newSimulations/KerrLow/ipole/n_-1_res_160/image_torus.out0.04144.h5
   assuming source M87: ra 12.514 hr: dec 12.391 deg
Loading hdf5 image:  /project/u2grc/Nikola/newSimulations/KerrLow/ipole/n_-1_res_160/image_torus.out0.04145.h5
   assuming source M87: ra 12.514 hr: dec 12.391 deg
Loading hdf5 image:  /project/u2grc/Nikola/newSimulations/KerrLow/ipole/n_-1_res_160/image_torus.out0.04146.h5
   assuming source M87: ra 12.514 hr: dec 12.391 deg
Loading hdf5 image:  /project/u2grc/Nikola/newSimulations/KerrLow/ipole/n_-1_res_160/image_torus.out0.04147.h5
   assuming source M87: ra 12.514 hr: dec 12.391 deg
Loading hdf5 image:  /project/u2grc/Nikola/newSimulations/KerrLow/ipole/n_-1_res_160/image_torus.out0.04148.h5
   assuming source M87: ra 12.514 hr: dec 12.391 deg
Loading hdf5 image:  /project/u2grc/Nikola/newSimulations/KerrLow/ipole/n_-1_res_160/image_torus.out0.04149.h5
   assuming source M87: ra 12.514 hr: dec 12.391 deg
Loading hdf5 image:  /project/u2grc/Nikola/newSimulations/KerrLow/ipole/n_-1_res_160/image_torus.out0.04150.h5
   assuming source M87: ra 12.514 hr: dec 12.391 deg
Loading hdf5 image:  /project/u2grc/Nikola/newSimulations/KerrLow/ipole/n_-1_res_160/image_torus.out0.04151.h5
   assuming source M87: ra 12.514 hr: dec 12.391 deg
Loading hdf5 image:  /project/u2grc/Nikola/newSimulations/KerrLow/ipole/n_-1_res_160/image_torus.out0.04152.h5
   assuming source M87: ra 12.514 hr: dec 12.391 deg
Loading hdf5 image:  /project/u2grc/Nikola/newSimulations/KerrLow/ipole/n_-1_res_160/image_torus.out0.04153.h5
   assuming source M87: ra 12.514 hr: dec 12.391 deg
Loading hdf5 image:  /project/u2grc/Nikola/newSimulations/KerrLow/ipole/n_-1_res_160/image_torus.out0.04154.h5
   assuming source M87: ra 12.514 hr: dec 12.391 deg
Loading hdf5 image:  /project/u2grc/Nikola/newSimulations/KerrLow/ipole/n_-1_res_160/image_torus.out0.04155.h5
   assuming source M87: ra 12.514 hr: dec 12.391 deg
Loading hdf5 image:  /project/u2grc/Nikola/newSimulations/KerrLow/ipole/n_-1_res_160/image_torus.out0.04156.h5
   assuming source M87: ra 12.514 hr: dec 12.391 deg
Loading hdf5 image:  /project/u2grc/Nikola/newSimulations/KerrLow/ipole/n_-1_res_160/image_torus.out0.04157.h5
   assuming source M87: ra 12.514 hr: dec 12.391 deg
Loading hdf5 image:  /project/u2grc/Nikola/newSimulations/KerrLow/ipole/n_-1_res_160/image_torus.out0.04158.h5
   assuming source M87: ra 12.514 hr: dec 12.391 deg
Loading hdf5 image:  /project/u2grc/Nikola/newSimulations/KerrLow/ipole/n_-1_res_160/image_torus.out0.04159.h5
   assuming source M87: ra 12.514 hr: dec 12.391 deg
Loading hdf5 image:  /project/u2grc/Nikola/newSimulations/KerrLow/ipole/n_-1_res_160/image_torus.out0.04160.h5
   assuming source M87: ra 12.514 hr: dec 12.391 deg
Loading hdf5 image:  /project/u2grc/Nikola/newSimulations/KerrLow/ipole/n_-1_res_160/image_torus.out0.04161.h5
   assuming source M87: ra 12.514 hr: dec 12.391 deg
Loading hdf5 image:  /project/u2grc/Nikola/newSimulations/KerrLow/ipole/n_-1_res_160/image_torus.out0.04162.h5
   assuming source M87: ra 12.514 hr: dec 12.391 deg
Loading hdf5 image:  /project/u2grc/Nikola/newSimulations/KerrLow/ipole/n_-1_res_160/image_torus.out0.04163.h5
   assuming source M87: ra 12.514 hr: dec 12.391 deg
Loading hdf5 image:  /project/u2grc/Nikola/newSimulations/KerrLow/ipole/n_-1_res_160/image_torus.out0.04164.h5
   assuming source M87: ra 12.514 hr: dec 12.391 deg
Loading hdf5 image:  /project/u2grc/Nikola/newSimulations/KerrLow/ipole/n_-1_res_160/image_torus.out0.04165.h5
   assuming source M87: ra 12.514 hr: dec 12.391 deg
Loading hdf5 image:  /project/u2grc/Nikola/newSimulations/KerrLow/ipole/n_-1_res_160/image_torus.out0.04166.h5
   assuming source M87: ra 12.514 hr: dec 12.391 deg
Loading hdf5 image:  /project/u2grc/Nikola/newSimulations/KerrLow/ipole/n_-1_res_160/image_torus.out0.04167.h5
   assuming source M87: ra 12.514 hr: dec 12.391 deg
Loading hdf5 image:  /project/u2grc/Nikola/newSimulations/KerrLow/ipole/n_-1_res_160/image_torus.out0.04168.h5
   assuming source M87: ra 12.514 hr: dec 12.391 deg
Loading hdf5 image:  /project/u2grc/Nikola/newSimulations/KerrLow/ipole/n_-1_res_160/image_torus.out0.04169.h5
   assuming source M87: ra 12.514 hr: dec 12.391 deg
Loading hdf5 image:  /project/u2grc/Nikola/newSimulations/KerrLow/ipole/n_-1_res_160/image_torus.out0.04170.h5
   assuming source M87: ra 12.514 hr: dec 12.391 deg
Loading hdf5 image:  /project/u2grc/Nikola/newSimulations/KerrLow/ipole/n_-1_res_160/image_torus.out0.04171.h5
   assuming source M87: ra 12.514 hr: dec 12.391 deg
Loading hdf5 image:  /project/u2grc/Nikola/newSimulations/KerrLow/ipole/n_-1_res_160/image_torus.out0.04172.h5
   assuming source M87: ra 12.514 hr: dec 12.391 deg
Loading hdf5 image:  /project/u2grc/Nikola/newSimulations/KerrLow/ipole/n_-1_res_160/image_torus.out0.04173.h5
   assuming source M87: ra 12.514 hr: dec 12.391 deg
Loading hdf5 image:  /project/u2grc/Nikola/newSimulations/KerrLow/ipole/n_-1_res_160/image_torus.out0.04174.h5
   assuming source M87: ra 12.514 hr: dec 12.391 deg
Loading hdf5 image:  /project/u2grc/Nikola/newSimulations/KerrLow/ipole/n_-1_res_160/image_torus.out0.04175.h5
   assuming source M87: ra 12.514 hr: dec 12.391 deg
Loading hdf5 image:  /project/u2grc/Nikola/newSimulations/KerrLow/ipole/n_-1_res_160/image_torus.out0.04176.h5
   assuming source M87: ra 12.514 hr: dec 12.391 deg
Loading hdf5 image:  /project/u2grc/Nikola/newSimulations/KerrLow/ipole/n_-1_res_160/image_torus.out0.04177.h5
   assuming source M87: ra 12.514 hr: dec 12.391 deg
Loading hdf5 image:  /project/u2grc/Nikola/newSimulations/KerrLow/ipole/n_-1_res_160/image_torus.out0.04178.h5
   assuming source M87: ra 12.514 hr: dec 12.391 deg
Loading hdf5 image:  /project/u2grc/Nikola/newSimulations/KerrLow/ipole/n_-1_res_160/image_torus.out0.04179.h5
   assuming source M87: ra 12.514 hr: dec 12.391 deg
Loading hdf5 image:  /project/u2grc/Nikola/newSimulations/KerrLow/ipole/n_-1_res_160/image_torus.out0.04180.h5
   assuming source M87: ra 12.514 hr: dec 12.391 deg
Loading hdf5 image:  /project/u2grc/Nikola/newSimulations/KerrLow/ipole/n_-1_res_160/image_torus.out0.04181.h5
   assuming source M87: ra 12.514 hr: dec 12.391 deg
Loading hdf5 image:  /project/u2grc/Nikola/newSimulations/KerrLow/ipole/n_-1_res_160/image_torus.out0.04182.h5
   assuming source M87: ra 12.514 hr: dec 12.391 deg
Loading hdf5 image:  /project/u2grc/Nikola/newSimulations/KerrLow/ipole/n_-1_res_160/image_torus.out0.04183.h5
   assuming source M87: ra 12.514 hr: dec 12.391 deg
Loading hdf5 image:  /project/u2grc/Nikola/newSimulations/KerrLow/ipole/n_-1_res_160/image_torus.out0.04184.h5
   assuming source M87: ra 12.514 hr: dec 12.391 deg
Loading hdf5 image:  /project/u2grc/Nikola/newSimulations/KerrLow/ipole/n_-1_res_160/image_torus.out0.04185.h5
   assuming source M87: ra 12.514 hr: dec 12.391 deg
Loading hdf5 image:  /project/u2grc/Nikola/newSimulations/KerrLow/ipole/n_-1_res_160/image_torus.out0.04186.h5
   assuming source M87: ra 12.514 hr: dec 12.391 deg
Loading hdf5 image:  /project/u2grc/Nikola/newSimulations/KerrLow/ipole/n_-1_res_160/image_torus.out0.04187.h5
   assuming source M87: ra 12.514 hr: dec 12.391 deg
Loading hdf5 image:  /project/u2grc/Nikola/newSimulations/KerrLow/ipole/n_-1_res_160/image_torus.out0.04188.h5
   assuming source M87: ra 12.514 hr: dec 12.391 deg
Loading hdf5 image:  /project/u2grc/Nikola/newSimulations/KerrLow/ipole/n_-1_res_160/image_torus.out0.04189.h5
   assuming source M87: ra 12.514 hr: dec 12.391 deg
Loading hdf5 image:  /project/u2grc/Nikola/newSimulations/KerrLow/ipole/n_-1_res_160/image_torus.out0.04190.h5
   assuming source M87: ra 12.514 hr: dec 12.391 deg
Loading hdf5 image:  /project/u2grc/Nikola/newSimulations/KerrLow/ipole/n_-1_res_160/image_torus.out0.04191.h5
   assuming source M87: ra 12.514 hr: dec 12.391 deg
Loading hdf5 image:  /project/u2grc/Nikola/newSimulations/KerrLow/ipole/n_-1_res_160/image_torus.out0.04192.h5
   assuming source M87: ra 12.514 hr: dec 12.391 deg
Loading hdf5 image:  /project/u2grc/Nikola/newSimulations/KerrLow/ipole/n_-1_res_160/image_torus.out0.04193.h5
   assuming source M87: ra 12.514 hr: dec 12.391 deg
Loading hdf5 image:  /project/u2grc/Nikola/newSimulations/KerrLow/ipole/n_-1_res_160/image_torus.out0.04194.h5
   assuming source M87: ra 12.514 hr: dec 12.391 deg
Loading hdf5 image:  /project/u2grc/Nikola/newSimulations/KerrLow/ipole/n_-1_res_160/image_torus.out0.04195.h5
   assuming source M87: ra 12.514 hr: dec 12.391 deg
Loading hdf5 image:  /project/u2grc/Nikola/newSimulations/KerrLow/ipole/n_-1_res_160/image_torus.out0.04196.h5
   assuming source M87: ra 12.514 hr: dec 12.391 deg
Loading hdf5 image:  /project/u2grc/Nikola/newSimulations/KerrLow/ipole/n_-1_res_160/image_torus.out0.04197.h5
   assuming source M87: ra 12.514 hr: dec 12.391 deg
Loading hdf5 image:  /project/u2grc/Nikola/newSimulations/KerrLow/ipole/n_-1_res_160/image_torus.out0.04198.h5
   assuming source M87: ra 12.514 hr: dec 12.391 deg
Loading hdf5 image:  /project/u2grc/Nikola/newSimulations/KerrLow/ipole/n_-1_res_160/image_torus.out0.04199.h5
   assuming source M87: ra 12.514 hr: dec 12.391 deg
Loading hdf5 image:  /project/u2grc/Nikola/newSimulations/KerrLow/ipole/n_-1_res_160/image_torus.out0.04200.h5
   assuming source M87: ra 12.514 hr: dec 12.391 deg
Loading hdf5 image:  /project/u2grc/Nikola/newSimulations/KerrLow/ipole/n_-1_res_160/image_torus.out0.04201.h5
   assuming source M87: ra 12.514 hr: dec 12.391 deg
Loading hdf5 image:  /project/u2grc/Nikola/newSimulations/KerrLow/ipole/n_-1_res_160/image_torus.out0.04202.h5
   assuming source M87: ra 12.514 hr: dec 12.391 deg
Loading hdf5 image:  /project/u2grc/Nikola/newSimulations/KerrLow/ipole/n_-1_res_160/image_torus.out0.04203.h5
   assuming source M87: ra 12.514 hr: dec 12.391 deg
Loading hdf5 image:  /project/u2grc/Nikola/newSimulations/KerrLow/ipole/n_-1_res_160/image_torus.out0.04204.h5
   assuming source M87: ra 12.514 hr: dec 12.391 deg
Loading hdf5 image:  /project/u2grc/Nikola/newSimulations/KerrLow/ipole/n_-1_res_160/image_torus.out0.04205.h5
   assuming source M87: ra 12.514 hr: dec 12.391 deg
Loading hdf5 image:  /project/u2grc/Nikola/newSimulations/KerrLow/ipole/n_-1_res_160/image_torus.out0.04206.h5
   assuming source M87: ra 12.514 hr: dec 12.391 deg
Loading hdf5 image:  /project/u2grc/Nikola/newSimulations/KerrLow/ipole/n_-1_res_160/image_torus.out0.04207.h5
   assuming source M87: ra 12.514 hr: dec 12.391 deg
Loading hdf5 image:  /project/u2grc/Nikola/newSimulations/KerrLow/ipole/n_-1_res_160/image_torus.out0.04208.h5
   assuming source M87: ra 12.514 hr: dec 12.391 deg
Loading hdf5 image:  /project/u2grc/Nikola/newSimulations/KerrLow/ipole/n_-1_res_160/image_torus.out0.04209.h5
   assuming source M87: ra 12.514 hr: dec 12.391 deg
Loading hdf5 image:  /project/u2grc/Nikola/newSimulations/KerrLow/ipole/n_-1_res_160/image_torus.out0.04210.h5
   assuming source M87: ra 12.514 hr: dec 12.391 deg
Loading hdf5 image:  /project/u2grc/Nikola/newSimulations/KerrLow/ipole/n_-1_res_160/image_torus.out0.04211.h5
   assuming source M87: ra 12.514 hr: dec 12.391 deg
Loading hdf5 image:  /project/u2grc/Nikola/newSimulations/KerrLow/ipole/n_-1_res_160/image_torus.out0.04212.h5
   assuming source M87: ra 12.514 hr: dec 12.391 deg
Loading hdf5 image:  /project/u2grc/Nikola/newSimulations/KerrLow/ipole/n_-1_res_160/image_torus.out0.04213.h5
   assuming source M87: ra 12.514 hr: dec 12.391 deg
Loading hdf5 image:  /project/u2grc/Nikola/newSimulations/KerrLow/ipole/n_-1_res_160/image_torus.out0.04214.h5
   assuming source M87: ra 12.514 hr: dec 12.391 deg
Loading hdf5 image:  /project/u2grc/Nikola/newSimulations/KerrLow/ipole/n_-1_res_160/image_torus.out0.04215.h5
   assuming source M87: ra 12.514 hr: dec 12.391 deg
Loading hdf5 image:  /project/u2grc/Nikola/newSimulations/KerrLow/ipole/n_-1_res_160/image_torus.out0.04216.h5
   assuming source M87: ra 12.514 hr: dec 12.391 deg
Loading hdf5 image:  /project/u2grc/Nikola/newSimulations/KerrLow/ipole/n_-1_res_160/image_torus.out0.04217.h5
   assuming source M87: ra 12.514 hr: dec 12.391 deg
Loading hdf5 image:  /project/u2grc/Nikola/newSimulations/KerrLow/ipole/n_-1_res_160/image_torus.out0.04218.h5
   assuming source M87: ra 12.514 hr: dec 12.391 deg
Loading hdf5 image:  /project/u2grc/Nikola/newSimulations/KerrLow/ipole/n_-1_res_160/image_torus.out0.04219.h5
   assuming source M87: ra 12.514 hr: dec 12.391 deg
Loading hdf5 image:  /project/u2grc/Nikola/newSimulations/KerrLow/ipole/n_-1_res_160/image_torus.out0.04220.h5
   assuming source M87: ra 12.514 hr: dec 12.391 deg
Loading hdf5 image:  /project/u2grc/Nikola/newSimulations/KerrLow/ipole/n_-1_res_160/image_torus.out0.04221.h5
   assuming source M87: ra 12.514 hr: dec 12.391 deg
Loading hdf5 image:  /project/u2grc/Nikola/newSimulations/KerrLow/ipole/n_-1_res_160/image_torus.out0.04222.h5
   assuming source M87: ra 12.514 hr: dec 12.391 deg
Loading hdf5 image:  /project/u2grc/Nikola/newSimulations/KerrLow/ipole/n_-1_res_160/image_torus.out0.04223.h5
   assuming source M87: ra 12.514 hr: dec 12.391 deg
Loading hdf5 image:  /project/u2grc/Nikola/newSimulations/KerrLow/ipole/n_-1_res_160/image_torus.out0.04224.h5
   assuming source M87: ra 12.514 hr: dec 12.391 deg
Loading hdf5 image:  /project/u2grc/Nikola/newSimulations/KerrLow/ipole/n_-1_res_160/image_torus.out0.04225.h5
   assuming source M87: ra 12.514 hr: dec 12.391 deg
Loading hdf5 image:  /project/u2grc/Nikola/newSimulations/KerrLow/ipole/n_-1_res_160/image_torus.out0.04226.h5
   assuming source M87: ra 12.514 hr: dec 12.391 deg
Loading hdf5 image:  /project/u2grc/Nikola/newSimulations/KerrLow/ipole/n_-1_res_160/image_torus.out0.04227.h5
   assuming source M87: ra 12.514 hr: dec 12.391 deg
Loading hdf5 image:  /project/u2grc/Nikola/newSimulations/KerrLow/ipole/n_-1_res_160/image_torus.out0.04228.h5
   assuming source M87: ra 12.514 hr: dec 12.391 deg
Loading hdf5 image:  /project/u2grc/Nikola/newSimulations/KerrLow/ipole/n_-1_res_160/image_torus.out0.04229.h5
   assuming source M87: ra 12.514 hr: dec 12.391 deg
Loading hdf5 image:  /project/u2grc/Nikola/newSimulations/KerrLow/ipole/n_-1_res_160/image_torus.out0.04230.h5
   assuming source M87: ra 12.514 hr: dec 12.391 deg
Loading hdf5 image:  /project/u2grc/Nikola/newSimulations/KerrLow/ipole/n_-1_res_160/image_torus.out0.04231.h5
   assuming source M87: ra 12.514 hr: dec 12.391 deg
Loading hdf5 image:  /project/u2grc/Nikola/newSimulations/KerrLow/ipole/n_-1_res_160/image_torus.out0.04232.h5
   assuming source M87: ra 12.514 hr: dec 12.391 deg
Loading hdf5 image:  /project/u2grc/Nikola/newSimulations/KerrLow/ipole/n_-1_res_160/image_torus.out0.04233.h5
   assuming source M87: ra 12.514 hr: dec 12.391 deg
Loading hdf5 image:  /project/u2grc/Nikola/newSimulations/KerrLow/ipole/n_-1_res_160/image_torus.out0.04234.h5
   assuming source M87: ra 12.514 hr: dec 12.391 deg
Loading hdf5 image:  /project/u2grc/Nikola/newSimulations/KerrLow/ipole/n_-1_res_160/image_torus.out0.04235.h5
   assuming source M87: ra 12.514 hr: dec 12.391 deg
Loading hdf5 image:  /project/u2grc/Nikola/newSimulations/KerrLow/ipole/n_-1_res_160/image_torus.out0.04236.h5
   assuming source M87: ra 12.514 hr: dec 12.391 deg
Loading hdf5 image:  /project/u2grc/Nikola/newSimulations/KerrLow/ipole/n_-1_res_160/image_torus.out0.04237.h5
   assuming source M87: ra 12.514 hr: dec 12.391 deg
Loading hdf5 image:  /project/u2grc/Nikola/newSimulations/KerrLow/ipole/n_-1_res_160/image_torus.out0.04238.h5
   assuming source M87: ra 12.514 hr: dec 12.391 deg
Loading hdf5 image:  /project/u2grc/Nikola/newSimulations/KerrLow/ipole/n_-1_res_160/image_torus.out0.04239.h5
   assuming source M87: ra 12.514 hr: dec 12.391 deg
Loading hdf5 image:  /project/u2grc/Nikola/newSimulations/KerrLow/ipole/n_-1_res_160/image_torus.out0.04240.h5
   assuming source M87: ra 12.514 hr: dec 12.391 deg
Loading hdf5 image:  /project/u2grc/Nikola/newSimulations/KerrLow/ipole/n_-1_res_160/image_torus.out0.04241.h5
   assuming source M87: ra 12.514 hr: dec 12.391 deg
Loading hdf5 image:  /project/u2grc/Nikola/newSimulations/KerrLow/ipole/n_-1_res_160/image_torus.out0.04242.h5
   assuming source M87: ra 12.514 hr: dec 12.391 deg
Loading hdf5 image:  /project/u2grc/Nikola/newSimulations/KerrLow/ipole/n_-1_res_160/image_torus.out0.04243.h5
   assuming source M87: ra 12.514 hr: dec 12.391 deg
Loading hdf5 image:  /project/u2grc/Nikola/newSimulations/KerrLow/ipole/n_-1_res_160/image_torus.out0.04244.h5
   assuming source M87: ra 12.514 hr: dec 12.391 deg
Loading hdf5 image:  /project/u2grc/Nikola/newSimulations/KerrLow/ipole/n_-1_res_160/image_torus.out0.04245.h5
   assuming source M87: ra 12.514 hr: dec 12.391 deg
Loading hdf5 image:  /project/u2grc/Nikola/newSimulations/KerrLow/ipole/n_-1_res_160/image_torus.out0.04246.h5
   assuming source M87: ra 12.514 hr: dec 12.391 deg
Loading hdf5 image:  /project/u2grc/Nikola/newSimulations/KerrLow/ipole/n_-1_res_160/image_torus.out0.04247.h5
   assuming source M87: ra 12.514 hr: dec 12.391 deg
Loading hdf5 image:  /project/u2grc/Nikola/newSimulations/KerrLow/ipole/n_-1_res_160/image_torus.out0.04248.h5
   assuming source M87: ra 12.514 hr: dec 12.391 deg
Loading hdf5 image:  /project/u2grc/Nikola/newSimulations/KerrLow/ipole/n_-1_res_160/image_torus.out0.04249.h5
   assuming source M87: ra 12.514 hr: dec 12.391 deg
Loading hdf5 image:  /project/u2grc/Nikola/newSimulations/KerrLow/ipole/n_-1_res_160/image_torus.out0.04250.h5
   assuming source M87: ra 12.514 hr: dec 12.391 deg
Loading hdf5 image:  /project/u2grc/Nikola/newSimulations/KerrLow/ipole/n_-1_res_160/image_torus.out0.04251.h5
   assuming source M87: ra 12.514 hr: dec 12.391 deg
Loading hdf5 image:  /project/u2grc/Nikola/newSimulations/KerrLow/ipole/n_-1_res_160/image_torus.out0.04252.h5
   assuming source M87: ra 12.514 hr: dec 12.391 deg
Loading hdf5 image:  /project/u2grc/Nikola/newSimulations/KerrLow/ipole/n_-1_res_160/image_torus.out0.04253.h5
   assuming source M87: ra 12.514 hr: dec 12.391 deg
Loading hdf5 image:  /project/u2grc/Nikola/newSimulations/KerrLow/ipole/n_-1_res_160/image_torus.out0.04254.h5
   assuming source M87: ra 12.514 hr: dec 12.391 deg
Loading hdf5 image:  /project/u2grc/Nikola/newSimulations/KerrLow/ipole/n_-1_res_160/image_torus.out0.04255.h5
   assuming source M87: ra 12.514 hr: dec 12.391 deg
Loading hdf5 image:  /project/u2grc/Nikola/newSimulations/KerrLow/ipole/n_-1_res_160/image_torus.out0.04256.h5
   assuming source M87: ra 12.514 hr: dec 12.391 deg
Loading hdf5 image:  /project/u2grc/Nikola/newSimulations/KerrLow/ipole/n_-1_res_160/image_torus.out0.04257.h5
   assuming source M87: ra 12.514 hr: dec 12.391 deg
Loading hdf5 image:  /project/u2grc/Nikola/newSimulations/KerrLow/ipole/n_-1_res_160/image_torus.out0.04258.h5
   assuming source M87: ra 12.514 hr: dec 12.391 deg
Loading hdf5 image:  /project/u2grc/Nikola/newSimulations/KerrLow/ipole/n_-1_res_160/image_torus.out0.04259.h5
   assuming source M87: ra 12.514 hr: dec 12.391 deg
Loading hdf5 image:  /project/u2grc/Nikola/newSimulations/KerrLow/ipole/n_-1_res_160/image_torus.out0.04260.h5
   assuming source M87: ra 12.514 hr: dec 12.391 deg
Loading hdf5 image:  /project/u2grc/Nikola/newSimulations/KerrLow/ipole/n_-1_res_160/image_torus.out0.04261.h5
   assuming source M87: ra 12.514 hr: dec 12.391 deg
Loading hdf5 image:  /project/u2grc/Nikola/newSimulations/KerrLow/ipole/n_-1_res_160/image_torus.out0.04262.h5
   assuming source M87: ra 12.514 hr: dec 12.391 deg
Loading hdf5 image:  /project/u2grc/Nikola/newSimulations/KerrLow/ipole/n_-1_res_160/image_torus.out0.04263.h5
   assuming source M87: ra 12.514 hr: dec 12.391 deg
Loading hdf5 image:  /project/u2grc/Nikola/newSimulations/KerrLow/ipole/n_-1_res_160/image_torus.out0.04264.h5
   assuming source M87: ra 12.514 hr: dec 12.391 deg
Loading hdf5 image:  /project/u2grc/Nikola/newSimulations/KerrLow/ipole/n_-1_res_160/image_torus.out0.04265.h5
   assuming source M87: ra 12.514 hr: dec 12.391 deg
Loading hdf5 image:  /project/u2grc/Nikola/newSimulations/KerrLow/ipole/n_-1_res_160/image_torus.out0.04266.h5
   assuming source M87: ra 12.514 hr: dec 12.391 deg
Loading hdf5 image:  /project/u2grc/Nikola/newSimulations/KerrLow/ipole/n_-1_res_160/image_torus.out0.04267.h5
   assuming source M87: ra 12.514 hr: dec 12.391 deg
Loading hdf5 image:  /project/u2grc/Nikola/newSimulations/KerrLow/ipole/n_-1_res_160/image_torus.out0.04268.h5
   assuming source M87: ra 12.514 hr: dec 12.391 deg
Loading hdf5 image:  /project/u2grc/Nikola/newSimulations/KerrLow/ipole/n_-1_res_160/image_torus.out0.04269.h5
   assuming source M87: ra 12.514 hr: dec 12.391 deg
Loading hdf5 image:  /project/u2grc/Nikola/newSimulations/KerrLow/ipole/n_-1_res_160/image_torus.out0.04270.h5
   assuming source M87: ra 12.514 hr: dec 12.391 deg
Loading hdf5 image:  /project/u2grc/Nikola/newSimulations/KerrLow/ipole/n_-1_res_160/image_torus.out0.04271.h5
   assuming source M87: ra 12.514 hr: dec 12.391 deg
Loading hdf5 image:  /project/u2grc/Nikola/newSimulations/KerrLow/ipole/n_-1_res_160/image_torus.out0.04272.h5
   assuming source M87: ra 12.514 hr: dec 12.391 deg
Loading hdf5 image:  /project/u2grc/Nikola/newSimulations/KerrLow/ipole/n_-1_res_160/image_torus.out0.04273.h5
   assuming source M87: ra 12.514 hr: dec 12.391 deg
Loading hdf5 image:  /project/u2grc/Nikola/newSimulations/KerrLow/ipole/n_-1_res_160/image_torus.out0.04274.h5
   assuming source M87: ra 12.514 hr: dec 12.391 deg
Loading hdf5 image:  /project/u2grc/Nikola/newSimulations/KerrLow/ipole/n_-1_res_160/image_torus.out0.04275.h5
   assuming source M87: ra 12.514 hr: dec 12.391 deg
Loading hdf5 image:  /project/u2grc/Nikola/newSimulations/KerrLow/ipole/n_-1_res_160/image_torus.out0.04276.h5
   assuming source M87: ra 12.514 hr: dec 12.391 deg
Loading hdf5 image:  /project/u2grc/Nikola/newSimulations/KerrLow/ipole/n_-1_res_160/image_torus.out0.04277.h5
   assuming source M87: ra 12.514 hr: dec 12.391 deg
Loading hdf5 image:  /project/u2grc/Nikola/newSimulations/KerrLow/ipole/n_-1_res_160/image_torus.out0.04278.h5
   assuming source M87: ra 12.514 hr: dec 12.391 deg
Loading hdf5 image:  /project/u2grc/Nikola/newSimulations/KerrLow/ipole/n_-1_res_160/image_torus.out0.04279.h5
   assuming source M87: ra 12.514 hr: dec 12.391 deg
Loading hdf5 image:  /project/u2grc/Nikola/newSimulations/KerrLow/ipole/n_-1_res_160/image_torus.out0.04280.h5
   assuming source M87: ra 12.514 hr: dec 12.391 deg
Loading hdf5 image:  /project/u2grc/Nikola/newSimulations/KerrLow/ipole/n_-1_res_160/image_torus.out0.04281.h5
   assuming source M87: ra 12.514 hr: dec 12.391 deg
Loading hdf5 image:  /project/u2grc/Nikola/newSimulations/KerrLow/ipole/n_-1_res_160/image_torus.out0.04282.h5
   assuming source M87: ra 12.514 hr: dec 12.391 deg
Loading hdf5 image:  /project/u2grc/Nikola/newSimulations/KerrLow/ipole/n_-1_res_160/image_torus.out0.04283.h5
   assuming source M87: ra 12.514 hr: dec 12.391 deg
Loading hdf5 image:  /project/u2grc/Nikola/newSimulations/KerrLow/ipole/n_-1_res_160/image_torus.out0.04284.h5
   assuming source M87: ra 12.514 hr: dec 12.391 deg
Loading hdf5 image:  /project/u2grc/Nikola/newSimulations/KerrLow/ipole/n_-1_res_160/image_torus.out0.04285.h5
   assuming source M87: ra 12.514 hr: dec 12.391 deg
Loading hdf5 image:  /project/u2grc/Nikola/newSimulations/KerrLow/ipole/n_-1_res_160/image_torus.out0.04286.h5
   assuming source M87: ra 12.514 hr: dec 12.391 deg
Loading hdf5 image:  /project/u2grc/Nikola/newSimulations/KerrLow/ipole/n_-1_res_160/image_torus.out0.04287.h5
   assuming source M87: ra 12.514 hr: dec 12.391 deg
Loading hdf5 image:  /project/u2grc/Nikola/newSimulations/KerrLow/ipole/n_-1_res_160/image_torus.out0.04288.h5
   assuming source M87: ra 12.514 hr: dec 12.391 deg
Loading hdf5 image:  /project/u2grc/Nikola/newSimulations/KerrLow/ipole/n_-1_res_160/image_torus.out0.04289.h5
   assuming source M87: ra 12.514 hr: dec 12.391 deg
Loading hdf5 image:  /project/u2grc/Nikola/newSimulations/KerrLow/ipole/n_-1_res_160/image_torus.out0.04290.h5
   assuming source M87: ra 12.514 hr: dec 12.391 deg
Loading hdf5 image:  /project/u2grc/Nikola/newSimulations/KerrLow/ipole/n_-1_res_160/image_torus.out0.04291.h5
   assuming source M87: ra 12.514 hr: dec 12.391 deg
Loading hdf5 image:  /project/u2grc/Nikola/newSimulations/KerrLow/ipole/n_-1_res_160/image_torus.out0.04292.h5
   assuming source M87: ra 12.514 hr: dec 12.391 deg
Loading hdf5 image:  /project/u2grc/Nikola/newSimulations/KerrLow/ipole/n_-1_res_160/image_torus.out0.04293.h5
   assuming source M87: ra 12.514 hr: dec 12.391 deg
Loading hdf5 image:  /project/u2grc/Nikola/newSimulations/KerrLow/ipole/n_-1_res_160/image_torus.out0.04294.h5
   assuming source M87: ra 12.514 hr: dec 12.391 deg
Loading hdf5 image:  /project/u2grc/Nikola/newSimulations/KerrLow/ipole/n_-1_res_160/image_torus.out0.04295.h5
   assuming source M87: ra 12.514 hr: dec 12.391 deg
Loading hdf5 image:  /project/u2grc/Nikola/newSimulations/KerrLow/ipole/n_-1_res_160/image_torus.out0.04296.h5
   assuming source M87: ra 12.514 hr: dec 12.391 deg
Loading hdf5 image:  /project/u2grc/Nikola/newSimulations/KerrLow/ipole/n_-1_res_160/image_torus.out0.04297.h5
   assuming source M87: ra 12.514 hr: dec 12.391 deg
Loading hdf5 image:  /project/u2grc/Nikola/newSimulations/KerrLow/ipole/n_-1_res_160/image_torus.out0.04298.h5
   assuming source M87: ra 12.514 hr: dec 12.391 deg
Loading hdf5 image:  /project/u2grc/Nikola/newSimulations/KerrLow/ipole/n_-1_res_160/image_torus.out0.04299.h5
   assuming source M87: ra 12.514 hr: dec 12.391 deg
Loading hdf5 image:  /project/u2grc/Nikola/newSimulations/KerrLow/ipole/n_-1_res_160/image_torus.out0.04300.h5
   assuming source M87: ra 12.514 hr: dec 12.391 deg
Loading hdf5 image:  /project/u2grc/Nikola/newSimulations/KerrLow/ipole/n_-1_res_160/image_torus.out0.04301.h5
   assuming source M87: ra 12.514 hr: dec 12.391 deg
Loading hdf5 image:  /project/u2grc/Nikola/newSimulations/KerrLow/ipole/n_-1_res_160/image_torus.out0.04302.h5
   assuming source M87: ra 12.514 hr: dec 12.391 deg
Loading hdf5 image:  /project/u2grc/Nikola/newSimulations/KerrLow/ipole/n_-1_res_160/image_torus.out0.04303.h5
   assuming source M87: ra 12.514 hr: dec 12.391 deg
Loading hdf5 image:  /project/u2grc/Nikola/newSimulations/KerrLow/ipole/n_-1_res_160/image_torus.out0.04304.h5
   assuming source M87: ra 12.514 hr: dec 12.391 deg
Loading hdf5 image:  /project/u2grc/Nikola/newSimulations/KerrLow/ipole/n_-1_res_160/image_torus.out0.04305.h5
   assuming source M87: ra 12.514 hr: dec 12.391 deg
Loading hdf5 image:  /project/u2grc/Nikola/newSimulations/KerrLow/ipole/n_-1_res_160/image_torus.out0.04306.h5
   assuming source M87: ra 12.514 hr: dec 12.391 deg
Loading hdf5 image:  /project/u2grc/Nikola/newSimulations/KerrLow/ipole/n_-1_res_160/image_torus.out0.04307.h5
   assuming source M87: ra 12.514 hr: dec 12.391 deg
Loading hdf5 image:  /project/u2grc/Nikola/newSimulations/KerrLow/ipole/n_-1_res_160/image_torus.out0.04308.h5
   assuming source M87: ra 12.514 hr: dec 12.391 deg
Loading hdf5 image:  /project/u2grc/Nikola/newSimulations/KerrLow/ipole/n_-1_res_160/image_torus.out0.04309.h5
   assuming source M87: ra 12.514 hr: dec 12.391 deg
Loading hdf5 image:  /project/u2grc/Nikola/newSimulations/KerrLow/ipole/n_-1_res_160/image_torus.out0.04310.h5
   assuming source M87: ra 12.514 hr: dec 12.391 deg
Loading hdf5 image:  /project/u2grc/Nikola/newSimulations/KerrLow/ipole/n_-1_res_160/image_torus.out0.04311.h5
   assuming source M87: ra 12.514 hr: dec 12.391 deg
Loading hdf5 image:  /project/u2grc/Nikola/newSimulations/KerrLow/ipole/n_-1_res_160/image_torus.out0.04312.h5
   assuming source M87: ra 12.514 hr: dec 12.391 deg
Loading hdf5 image:  /project/u2grc/Nikola/newSimulations/KerrLow/ipole/n_-1_res_160/image_torus.out0.04313.h5
   assuming source M87: ra 12.514 hr: dec 12.391 deg
Loading hdf5 image:  /project/u2grc/Nikola/newSimulations/KerrLow/ipole/n_-1_res_160/image_torus.out0.04314.h5
   assuming source M87: ra 12.514 hr: dec 12.391 deg
Loading hdf5 image:  /project/u2grc/Nikola/newSimulations/KerrLow/ipole/n_-1_res_160/image_torus.out0.04315.h5
   assuming source M87: ra 12.514 hr: dec 12.391 deg
Loading hdf5 image:  /project/u2grc/Nikola/newSimulations/KerrLow/ipole/n_-1_res_160/image_torus.out0.04316.h5
   assuming source M87: ra 12.514 hr: dec 12.391 deg
Loading hdf5 image:  /project/u2grc/Nikola/newSimulations/KerrLow/ipole/n_-1_res_160/image_torus.out0.04317.h5
   assuming source M87: ra 12.514 hr: dec 12.391 deg
Loading hdf5 image:  /project/u2grc/Nikola/newSimulations/KerrLow/ipole/n_-1_res_160/image_torus.out0.04318.h5
   assuming source M87: ra 12.514 hr: dec 12.391 deg
Loading hdf5 image:  /project/u2grc/Nikola/newSimulations/KerrLow/ipole/n_-1_res_160/image_torus.out0.04319.h5
   assuming source M87: ra 12.514 hr: dec 12.391 deg
Loading hdf5 image:  /project/u2grc/Nikola/newSimulations/KerrLow/ipole/n_-1_res_160/image_torus.out0.04320.h5
   assuming source M87: ra 12.514 hr: dec 12.391 deg
Loading hdf5 image:  /project/u2grc/Nikola/newSimulations/KerrLow/ipole/n_-1_res_160/image_torus.out0.04321.h5
   assuming source M87: ra 12.514 hr: dec 12.391 deg
Loading hdf5 image:  /project/u2grc/Nikola/newSimulations/KerrLow/ipole/n_-1_res_160/image_torus.out0.04322.h5
   assuming source M87: ra 12.514 hr: dec 12.391 deg
Loading hdf5 image:  /project/u2grc/Nikola/newSimulations/KerrLow/ipole/n_-1_res_160/image_torus.out0.04323.h5
   assuming source M87: ra 12.514 hr: dec 12.391 deg
Loading hdf5 image:  /project/u2grc/Nikola/newSimulations/KerrLow/ipole/n_-1_res_160/image_torus.out0.04324.h5
   assuming source M87: ra 12.514 hr: dec 12.391 deg
Loading hdf5 image:  /project/u2grc/Nikola/newSimulations/KerrLow/ipole/n_-1_res_160/image_torus.out0.04325.h5
   assuming source M87: ra 12.514 hr: dec 12.391 deg
Loading hdf5 image:  /project/u2grc/Nikola/newSimulations/KerrLow/ipole/n_-1_res_160/image_torus.out0.04326.h5
   assuming source M87: ra 12.514 hr: dec 12.391 deg
Loading hdf5 image:  /project/u2grc/Nikola/newSimulations/KerrLow/ipole/n_-1_res_160/image_torus.out0.04327.h5
   assuming source M87: ra 12.514 hr: dec 12.391 deg
Loading hdf5 image:  /project/u2grc/Nikola/newSimulations/KerrLow/ipole/n_-1_res_160/image_torus.out0.04328.h5
   assuming source M87: ra 12.514 hr: dec 12.391 deg
Loading hdf5 image:  /project/u2grc/Nikola/newSimulations/KerrLow/ipole/n_-1_res_160/image_torus.out0.04329.h5
   assuming source M87: ra 12.514 hr: dec 12.391 deg
Loading hdf5 image:  /project/u2grc/Nikola/newSimulations/KerrLow/ipole/n_-1_res_160/image_torus.out0.04330.h5
   assuming source M87: ra 12.514 hr: dec 12.391 deg
Loading hdf5 image:  /project/u2grc/Nikola/newSimulations/KerrLow/ipole/n_-1_res_160/image_torus.out0.04331.h5
   assuming source M87: ra 12.514 hr: dec 12.391 deg
Loading hdf5 image:  /project/u2grc/Nikola/newSimulations/KerrLow/ipole/n_-1_res_160/image_torus.out0.04332.h5
   assuming source M87: ra 12.514 hr: dec 12.391 deg
Loading hdf5 image:  /project/u2grc/Nikola/newSimulations/KerrLow/ipole/n_-1_res_160/image_torus.out0.04333.h5
   assuming source M87: ra 12.514 hr: dec 12.391 deg
Loading hdf5 image:  /project/u2grc/Nikola/newSimulations/KerrLow/ipole/n_-1_res_160/image_torus.out0.04334.h5
   assuming source M87: ra 12.514 hr: dec 12.391 deg
Loading hdf5 image:  /project/u2grc/Nikola/newSimulations/KerrLow/ipole/n_-1_res_160/image_torus.out0.04335.h5
   assuming source M87: ra 12.514 hr: dec 12.391 deg
Loading hdf5 image:  /project/u2grc/Nikola/newSimulations/KerrLow/ipole/n_-1_res_160/image_torus.out0.04336.h5
   assuming source M87: ra 12.514 hr: dec 12.391 deg
Loading hdf5 image:  /project/u2grc/Nikola/newSimulations/KerrLow/ipole/n_-1_res_160/image_torus.out0.04337.h5
   assuming source M87: ra 12.514 hr: dec 12.391 deg
Loading hdf5 image:  /project/u2grc/Nikola/newSimulations/KerrLow/ipole/n_-1_res_160/image_torus.out0.04338.h5
   assuming source M87: ra 12.514 hr: dec 12.391 deg
Loading hdf5 image:  /project/u2grc/Nikola/newSimulations/KerrLow/ipole/n_-1_res_160/image_torus.out0.04339.h5
   assuming source M87: ra 12.514 hr: dec 12.391 deg
Loading hdf5 image:  /project/u2grc/Nikola/newSimulations/KerrLow/ipole/n_-1_res_160/image_torus.out0.04340.h5
   assuming source M87: ra 12.514 hr: dec 12.391 deg
Loading hdf5 image:  /project/u2grc/Nikola/newSimulations/KerrLow/ipole/n_-1_res_160/image_torus.out0.04341.h5
   assuming source M87: ra 12.514 hr: dec 12.391 deg
Loading hdf5 image:  /project/u2grc/Nikola/newSimulations/KerrLow/ipole/n_-1_res_160/image_torus.out0.04342.h5
   assuming source M87: ra 12.514 hr: dec 12.391 deg
Loading hdf5 image:  /project/u2grc/Nikola/newSimulations/KerrLow/ipole/n_-1_res_160/image_torus.out0.04343.h5
   assuming source M87: ra 12.514 hr: dec 12.391 deg
Loading hdf5 image:  /project/u2grc/Nikola/newSimulations/KerrLow/ipole/n_-1_res_160/image_torus.out0.04344.h5
   assuming source M87: ra 12.514 hr: dec 12.391 deg
Loading hdf5 image:  /project/u2grc/Nikola/newSimulations/KerrLow/ipole/n_-1_res_160/image_torus.out0.04345.h5
   assuming source M87: ra 12.514 hr: dec 12.391 deg
Loading hdf5 image:  /project/u2grc/Nikola/newSimulations/KerrLow/ipole/n_-1_res_160/image_torus.out0.04346.h5
   assuming source M87: ra 12.514 hr: dec 12.391 deg
Loading hdf5 image:  /project/u2grc/Nikola/newSimulations/KerrLow/ipole/n_-1_res_160/image_torus.out0.04347.h5
   assuming source M87: ra 12.514 hr: dec 12.391 deg
Loading hdf5 image:  /project/u2grc/Nikola/newSimulations/KerrLow/ipole/n_-1_res_160/image_torus.out0.04348.h5
   assuming source M87: ra 12.514 hr: dec 12.391 deg
Loading hdf5 image:  /project/u2grc/Nikola/newSimulations/KerrLow/ipole/n_-1_res_160/image_torus.out0.04349.h5
   assuming source M87: ra 12.514 hr: dec 12.391 deg
Loading hdf5 image:  /project/u2grc/Nikola/newSimulations/KerrLow/ipole/n_-1_res_160/image_torus.out0.04350.h5
   assuming source M87: ra 12.514 hr: dec 12.391 deg
Loading hdf5 image:  /project/u2grc/Nikola/newSimulations/KerrLow/ipole/n_-1_res_160/image_torus.out0.04351.h5
   assuming source M87: ra 12.514 hr: dec 12.391 deg
Loading hdf5 image:  /project/u2grc/Nikola/newSimulations/KerrLow/ipole/n_-1_res_160/image_torus.out0.04352.h5
   assuming source M87: ra 12.514 hr: dec 12.391 deg
Loading hdf5 image:  /project/u2grc/Nikola/newSimulations/KerrLow/ipole/n_-1_res_160/image_torus.out0.04353.h5
   assuming source M87: ra 12.514 hr: dec 12.391 deg
Loading hdf5 image:  /project/u2grc/Nikola/newSimulations/KerrLow/ipole/n_-1_res_160/image_torus.out0.04354.h5
   assuming source M87: ra 12.514 hr: dec 12.391 deg
Loading hdf5 image:  /project/u2grc/Nikola/newSimulations/KerrLow/ipole/n_-1_res_160/image_torus.out0.04355.h5
   assuming source M87: ra 12.514 hr: dec 12.391 deg
Loading hdf5 image:  /project/u2grc/Nikola/newSimulations/KerrLow/ipole/n_-1_res_160/image_torus.out0.04356.h5
   assuming source M87: ra 12.514 hr: dec 12.391 deg
Loading hdf5 image:  /project/u2grc/Nikola/newSimulations/KerrLow/ipole/n_-1_res_160/image_torus.out0.04357.h5
   assuming source M87: ra 12.514 hr: dec 12.391 deg
Loading hdf5 image:  /project/u2grc/Nikola/newSimulations/KerrLow/ipole/n_-1_res_160/image_torus.out0.04358.h5
   assuming source M87: ra 12.514 hr: dec 12.391 deg
Loading hdf5 image:  /project/u2grc/Nikola/newSimulations/KerrLow/ipole/n_-1_res_160/image_torus.out0.04359.h5
   assuming source M87: ra 12.514 hr: dec 12.391 deg
Loading hdf5 image:  /project/u2grc/Nikola/newSimulations/KerrLow/ipole/n_-1_res_160/image_torus.out0.04360.h5
   assuming source M87: ra 12.514 hr: dec 12.391 deg
Loading hdf5 image:  /project/u2grc/Nikola/newSimulations/KerrLow/ipole/n_-1_res_160/image_torus.out0.04361.h5
   assuming source M87: ra 12.514 hr: dec 12.391 deg
Loading hdf5 image:  /project/u2grc/Nikola/newSimulations/KerrLow/ipole/n_-1_res_160/image_torus.out0.04362.h5
   assuming source M87: ra 12.514 hr: dec 12.391 deg
Loading hdf5 image:  /project/u2grc/Nikola/newSimulations/KerrLow/ipole/n_-1_res_160/image_torus.out0.04363.h5
   assuming source M87: ra 12.514 hr: dec 12.391 deg
Loading hdf5 image:  /project/u2grc/Nikola/newSimulations/KerrLow/ipole/n_-1_res_160/image_torus.out0.04364.h5
   assuming source M87: ra 12.514 hr: dec 12.391 deg
Loading hdf5 image:  /project/u2grc/Nikola/newSimulations/KerrLow/ipole/n_-1_res_160/image_torus.out0.04365.h5
   assuming source M87: ra 12.514 hr: dec 12.391 deg
Loading hdf5 image:  /project/u2grc/Nikola/newSimulations/KerrLow/ipole/n_-1_res_160/image_torus.out0.04366.h5
   assuming source M87: ra 12.514 hr: dec 12.391 deg
Loading hdf5 image:  /project/u2grc/Nikola/newSimulations/KerrLow/ipole/n_-1_res_160/image_torus.out0.04367.h5
   assuming source M87: ra 12.514 hr: dec 12.391 deg
Loading hdf5 image:  /project/u2grc/Nikola/newSimulations/KerrLow/ipole/n_-1_res_160/image_torus.out0.04368.h5
   assuming source M87: ra 12.514 hr: dec 12.391 deg
Loading hdf5 image:  /project/u2grc/Nikola/newSimulations/KerrLow/ipole/n_-1_res_160/image_torus.out0.04369.h5
   assuming source M87: ra 12.514 hr: dec 12.391 deg
Loading hdf5 image:  /project/u2grc/Nikola/newSimulations/KerrLow/ipole/n_-1_res_160/image_torus.out0.04370.h5
   assuming source M87: ra 12.514 hr: dec 12.391 deg
Loading hdf5 image:  /project/u2grc/Nikola/newSimulations/KerrLow/ipole/n_-1_res_160/image_torus.out0.04371.h5
   assuming source M87: ra 12.514 hr: dec 12.391 deg
Loading hdf5 image:  /project/u2grc/Nikola/newSimulations/KerrLow/ipole/n_-1_res_160/image_torus.out0.04372.h5
   assuming source M87: ra 12.514 hr: dec 12.391 deg
Loading hdf5 image:  /project/u2grc/Nikola/newSimulations/KerrLow/ipole/n_-1_res_160/image_torus.out0.04373.h5
   assuming source M87: ra 12.514 hr: dec 12.391 deg
Loading hdf5 image:  /project/u2grc/Nikola/newSimulations/KerrLow/ipole/n_-1_res_160/image_torus.out0.04374.h5
   assuming source M87: ra 12.514 hr: dec 12.391 deg
Loading hdf5 image:  /project/u2grc/Nikola/newSimulations/KerrLow/ipole/n_-1_res_160/image_torus.out0.04375.h5
   assuming source M87: ra 12.514 hr: dec 12.391 deg
Loading hdf5 image:  /project/u2grc/Nikola/newSimulations/KerrLow/ipole/n_-1_res_160/image_torus.out0.04376.h5
   assuming source M87: ra 12.514 hr: dec 12.391 deg
Loading hdf5 image:  /project/u2grc/Nikola/newSimulations/KerrLow/ipole/n_-1_res_160/image_torus.out0.04377.h5
   assuming source M87: ra 12.514 hr: dec 12.391 deg
Loading hdf5 image:  /project/u2grc/Nikola/newSimulations/KerrLow/ipole/n_-1_res_160/image_torus.out0.04378.h5
   assuming source M87: ra 12.514 hr: dec 12.391 deg
Loading hdf5 image:  /project/u2grc/Nikola/newSimulations/KerrLow/ipole/n_-1_res_160/image_torus.out0.04379.h5
   assuming source M87: ra 12.514 hr: dec 12.391 deg
Loading hdf5 image:  /project/u2grc/Nikola/newSimulations/KerrLow/ipole/n_-1_res_160/image_torus.out0.04380.h5
   assuming source M87: ra 12.514 hr: dec 12.391 deg
Loading hdf5 image:  /project/u2grc/Nikola/newSimulations/KerrLow/ipole/n_-1_res_160/image_torus.out0.04381.h5
   assuming source M87: ra 12.514 hr: dec 12.391 deg
Loading hdf5 image:  /project/u2grc/Nikola/newSimulations/KerrLow/ipole/n_-1_res_160/image_torus.out0.04382.h5
   assuming source M87: ra 12.514 hr: dec 12.391 deg
Loading hdf5 image:  /project/u2grc/Nikola/newSimulations/KerrLow/ipole/n_-1_res_160/image_torus.out0.04383.h5
   assuming source M87: ra 12.514 hr: dec 12.391 deg
Loading hdf5 image:  /project/u2grc/Nikola/newSimulations/KerrLow/ipole/n_-1_res_160/image_torus.out0.04384.h5
   assuming source M87: ra 12.514 hr: dec 12.391 deg
Loading hdf5 image:  /project/u2grc/Nikola/newSimulations/KerrLow/ipole/n_-1_res_160/image_torus.out0.04385.h5
   assuming source M87: ra 12.514 hr: dec 12.391 deg
Loading hdf5 image:  /project/u2grc/Nikola/newSimulations/KerrLow/ipole/n_-1_res_160/image_torus.out0.04386.h5
   assuming source M87: ra 12.514 hr: dec 12.391 deg
Loading hdf5 image:  /project/u2grc/Nikola/newSimulations/KerrLow/ipole/n_-1_res_160/image_torus.out0.04387.h5
   assuming source M87: ra 12.514 hr: dec 12.391 deg
Loading hdf5 image:  /project/u2grc/Nikola/newSimulations/KerrLow/ipole/n_-1_res_160/image_torus.out0.04388.h5
   assuming source M87: ra 12.514 hr: dec 12.391 deg
Loading hdf5 image:  /project/u2grc/Nikola/newSimulations/KerrLow/ipole/n_-1_res_160/image_torus.out0.04389.h5
   assuming source M87: ra 12.514 hr: dec 12.391 deg
Loading hdf5 image:  /project/u2grc/Nikola/newSimulations/KerrLow/ipole/n_-1_res_160/image_torus.out0.04390.h5
   assuming source M87: ra 12.514 hr: dec 12.391 deg
Loading hdf5 image:  /project/u2grc/Nikola/newSimulations/KerrLow/ipole/n_-1_res_160/image_torus.out0.04391.h5
   assuming source M87: ra 12.514 hr: dec 12.391 deg
Loading hdf5 image:  /project/u2grc/Nikola/newSimulations/KerrLow/ipole/n_-1_res_160/image_torus.out0.04392.h5
   assuming source M87: ra 12.514 hr: dec 12.391 deg
Loading hdf5 image:  /project/u2grc/Nikola/newSimulations/KerrLow/ipole/n_-1_res_160/image_torus.out0.04393.h5
   assuming source M87: ra 12.514 hr: dec 12.391 deg
Loading hdf5 image:  /project/u2grc/Nikola/newSimulations/KerrLow/ipole/n_-1_res_160/image_torus.out0.04394.h5
   assuming source M87: ra 12.514 hr: dec 12.391 deg
Loading hdf5 image:  /project/u2grc/Nikola/newSimulations/KerrLow/ipole/n_-1_res_160/image_torus.out0.04395.h5
   assuming source M87: ra 12.514 hr: dec 12.391 deg
Loading hdf5 image:  /project/u2grc/Nikola/newSimulations/KerrLow/ipole/n_-1_res_160/image_torus.out0.04396.h5
   assuming source M87: ra 12.514 hr: dec 12.391 deg
Loading hdf5 image:  /project/u2grc/Nikola/newSimulations/KerrLow/ipole/n_-1_res_160/image_torus.out0.04397.h5
   assuming source M87: ra 12.514 hr: dec 12.391 deg
Loading hdf5 image:  /project/u2grc/Nikola/newSimulations/KerrLow/ipole/n_-1_res_160/image_torus.out0.04398.h5
   assuming source M87: ra 12.514 hr: dec 12.391 deg
Loading hdf5 image:  /project/u2grc/Nikola/newSimulations/KerrLow/ipole/n_-1_res_160/image_torus.out0.04399.h5
   assuming source M87: ra 12.514 hr: dec 12.391 deg
Loading hdf5 image:  /project/u2grc/Nikola/newSimulations/KerrLow/ipole/n_-1_res_160/image_torus.out0.04400.h5
   assuming source M87: ra 12.514 hr: dec 12.391 deg
Loading hdf5 image:  /project/u2grc/Nikola/newSimulations/KerrLow/ipole/n_-1_res_160/image_torus.out0.04401.h5
   assuming source M87: ra 12.514 hr: dec 12.391 deg
Loading hdf5 image:  /project/u2grc/Nikola/newSimulations/KerrLow/ipole/n_-1_res_160/image_torus.out0.04402.h5
   assuming source M87: ra 12.514 hr: dec 12.391 deg
Loading hdf5 image:  /project/u2grc/Nikola/newSimulations/KerrLow/ipole/n_-1_res_160/image_torus.out0.04403.h5
   assuming source M87: ra 12.514 hr: dec 12.391 deg
Loading hdf5 image:  /project/u2grc/Nikola/newSimulations/KerrLow/ipole/n_-1_res_160/image_torus.out0.04404.h5
   assuming source M87: ra 12.514 hr: dec 12.391 deg
Loading hdf5 image:  /project/u2grc/Nikola/newSimulations/KerrLow/ipole/n_-1_res_160/image_torus.out0.04405.h5
   assuming source M87: ra 12.514 hr: dec 12.391 deg
Loading hdf5 image:  /project/u2grc/Nikola/newSimulations/KerrLow/ipole/n_-1_res_160/image_torus.out0.04406.h5
   assuming source M87: ra 12.514 hr: dec 12.391 deg
Loading hdf5 image:  /project/u2grc/Nikola/newSimulations/KerrLow/ipole/n_-1_res_160/image_torus.out0.04407.h5
   assuming source M87: ra 12.514 hr: dec 12.391 deg
Loading hdf5 image:  /project/u2grc/Nikola/newSimulations/KerrLow/ipole/n_-1_res_160/image_torus.out0.04408.h5
   assuming source M87: ra 12.514 hr: dec 12.391 deg
Loading hdf5 image:  /project/u2grc/Nikola/newSimulations/KerrLow/ipole/n_-1_res_160/image_torus.out0.04409.h5
   assuming source M87: ra 12.514 hr: dec 12.391 deg
Loading hdf5 image:  /project/u2grc/Nikola/newSimulations/KerrLow/ipole/n_-1_res_160/image_torus.out0.04410.h5
   assuming source M87: ra 12.514 hr: dec 12.391 deg
Loading hdf5 image:  /project/u2grc/Nikola/newSimulations/KerrLow/ipole/n_-1_res_160/image_torus.out0.04411.h5
   assuming source M87: ra 12.514 hr: dec 12.391 deg
Loading hdf5 image:  /project/u2grc/Nikola/newSimulations/KerrLow/ipole/n_-1_res_160/image_torus.out0.04412.h5
   assuming source M87: ra 12.514 hr: dec 12.391 deg
Loading hdf5 image:  /project/u2grc/Nikola/newSimulations/KerrLow/ipole/n_-1_res_160/image_torus.out0.04413.h5
   assuming source M87: ra 12.514 hr: dec 12.391 deg
Loading hdf5 image:  /project/u2grc/Nikola/newSimulations/KerrLow/ipole/n_-1_res_160/image_torus.out0.04414.h5
   assuming source M87: ra 12.514 hr: dec 12.391 deg
Loading hdf5 image:  /project/u2grc/Nikola/newSimulations/KerrLow/ipole/n_-1_res_160/image_torus.out0.04415.h5
   assuming source M87: ra 12.514 hr: dec 12.391 deg
Loading hdf5 image:  /project/u2grc/Nikola/newSimulations/KerrLow/ipole/n_-1_res_160/image_torus.out0.04416.h5
   assuming source M87: ra 12.514 hr: dec 12.391 deg
Loading hdf5 image:  /project/u2grc/Nikola/newSimulations/KerrLow/ipole/n_-1_res_160/image_torus.out0.04417.h5
   assuming source M87: ra 12.514 hr: dec 12.391 deg
Loading hdf5 image:  /project/u2grc/Nikola/newSimulations/KerrLow/ipole/n_-1_res_160/image_torus.out0.04418.h5
   assuming source M87: ra 12.514 hr: dec 12.391 deg
Loading hdf5 image:  /project/u2grc/Nikola/newSimulations/KerrLow/ipole/n_-1_res_160/image_torus.out0.04419.h5
   assuming source M87: ra 12.514 hr: dec 12.391 deg
Loading hdf5 image:  /project/u2grc/Nikola/newSimulations/KerrLow/ipole/n_-1_res_160/image_torus.out0.04420.h5
   assuming source M87: ra 12.514 hr: dec 12.391 deg
Loading hdf5 image:  /project/u2grc/Nikola/newSimulations/KerrLow/ipole/n_-1_res_160/image_torus.out0.04421.h5
   assuming source M87: ra 12.514 hr: dec 12.391 deg
Loading hdf5 image:  /project/u2grc/Nikola/newSimulations/KerrLow/ipole/n_-1_res_160/image_torus.out0.04422.h5
   assuming source M87: ra 12.514 hr: dec 12.391 deg
Loading hdf5 image:  /project/u2grc/Nikola/newSimulations/KerrLow/ipole/n_-1_res_160/image_torus.out0.04423.h5
   assuming source M87: ra 12.514 hr: dec 12.391 deg
Loading hdf5 image:  /project/u2grc/Nikola/newSimulations/KerrLow/ipole/n_-1_res_160/image_torus.out0.04424.h5
   assuming source M87: ra 12.514 hr: dec 12.391 deg
Loading hdf5 image:  /project/u2grc/Nikola/newSimulations/KerrLow/ipole/n_-1_res_160/image_torus.out0.04425.h5
   assuming source M87: ra 12.514 hr: dec 12.391 deg
Loading hdf5 image:  /project/u2grc/Nikola/newSimulations/KerrLow/ipole/n_-1_res_160/image_torus.out0.04426.h5
   assuming source M87: ra 12.514 hr: dec 12.391 deg
Loading hdf5 image:  /project/u2grc/Nikola/newSimulations/KerrLow/ipole/n_-1_res_160/image_torus.out0.04427.h5
   assuming source M87: ra 12.514 hr: dec 12.391 deg
Loading hdf5 image:  /project/u2grc/Nikola/newSimulations/KerrLow/ipole/n_-1_res_160/image_torus.out0.04428.h5
   assuming source M87: ra 12.514 hr: dec 12.391 deg
Loading hdf5 image:  /project/u2grc/Nikola/newSimulations/KerrLow/ipole/n_-1_res_160/image_torus.out0.04429.h5
   assuming source M87: ra 12.514 hr: dec 12.391 deg
Loading hdf5 image:  /project/u2grc/Nikola/newSimulations/KerrLow/ipole/n_-1_res_160/image_torus.out0.04430.h5
   assuming source M87: ra 12.514 hr: dec 12.391 deg
Loading hdf5 image:  /project/u2grc/Nikola/newSimulations/KerrLow/ipole/n_-1_res_160/image_torus.out0.04431.h5
   assuming source M87: ra 12.514 hr: dec 12.391 deg
Loading hdf5 image:  /project/u2grc/Nikola/newSimulations/KerrLow/ipole/n_-1_res_160/image_torus.out0.04432.h5
   assuming source M87: ra 12.514 hr: dec 12.391 deg
Loading hdf5 image:  /project/u2grc/Nikola/newSimulations/KerrLow/ipole/n_-1_res_160/image_torus.out0.04433.h5
   assuming source M87: ra 12.514 hr: dec 12.391 deg
Loading hdf5 image:  /project/u2grc/Nikola/newSimulations/KerrLow/ipole/n_-1_res_160/image_torus.out0.04434.h5
   assuming source M87: ra 12.514 hr: dec 12.391 deg
Loading hdf5 image:  /project/u2grc/Nikola/newSimulations/KerrLow/ipole/n_-1_res_160/image_torus.out0.04435.h5
   assuming source M87: ra 12.514 hr: dec 12.391 deg
Loading hdf5 image:  /project/u2grc/Nikola/newSimulations/KerrLow/ipole/n_-1_res_160/image_torus.out0.04436.h5
   assuming source M87: ra 12.514 hr: dec 12.391 deg
Loading hdf5 image:  /project/u2grc/Nikola/newSimulations/KerrLow/ipole/n_-1_res_160/image_torus.out0.04437.h5
   assuming source M87: ra 12.514 hr: dec 12.391 deg
Loading hdf5 image:  /project/u2grc/Nikola/newSimulations/KerrLow/ipole/n_-1_res_160/image_torus.out0.04438.h5
   assuming source M87: ra 12.514 hr: dec 12.391 deg
Loading hdf5 image:  /project/u2grc/Nikola/newSimulations/KerrLow/ipole/n_-1_res_160/image_torus.out0.04439.h5
   assuming source M87: ra 12.514 hr: dec 12.391 deg
Loading hdf5 image:  /project/u2grc/Nikola/newSimulations/KerrLow/ipole/n_-1_res_160/image_torus.out0.04440.h5
   assuming source M87: ra 12.514 hr: dec 12.391 deg
Loading hdf5 image:  /project/u2grc/Nikola/newSimulations/KerrLow/ipole/n_-1_res_160/image_torus.out0.04441.h5
   assuming source M87: ra 12.514 hr: dec 12.391 deg
Loading hdf5 image:  /project/u2grc/Nikola/newSimulations/KerrLow/ipole/n_-1_res_160/image_torus.out0.04442.h5
   assuming source M87: ra 12.514 hr: dec 12.391 deg
Loading hdf5 image:  /project/u2grc/Nikola/newSimulations/KerrLow/ipole/n_-1_res_160/image_torus.out0.04443.h5
   assuming source M87: ra 12.514 hr: dec 12.391 deg
Loading hdf5 image:  /project/u2grc/Nikola/newSimulations/KerrLow/ipole/n_-1_res_160/image_torus.out0.04444.h5
   assuming source M87: ra 12.514 hr: dec 12.391 deg
Loading hdf5 image:  /project/u2grc/Nikola/newSimulations/KerrLow/ipole/n_-1_res_160/image_torus.out0.04445.h5
   assuming source M87: ra 12.514 hr: dec 12.391 deg
Loading hdf5 image:  /project/u2grc/Nikola/newSimulations/KerrLow/ipole/n_-1_res_160/image_torus.out0.04446.h5
   assuming source M87: ra 12.514 hr: dec 12.391 deg
Loading hdf5 image:  /project/u2grc/Nikola/newSimulations/KerrLow/ipole/n_-1_res_160/image_torus.out0.04447.h5
   assuming source M87: ra 12.514 hr: dec 12.391 deg
Loading hdf5 image:  /project/u2grc/Nikola/newSimulations/KerrLow/ipole/n_-1_res_160/image_torus.out0.04448.h5
   assuming source M87: ra 12.514 hr: dec 12.391 deg
Loading hdf5 image:  /project/u2grc/Nikola/newSimulations/KerrLow/ipole/n_-1_res_160/image_torus.out0.04449.h5
   assuming source M87: ra 12.514 hr: dec 12.391 deg
Loading hdf5 image:  /project/u2grc/Nikola/newSimulations/KerrLow/ipole/n_-1_res_160/image_torus.out0.04450.h5
   assuming source M87: ra 12.514 hr: dec 12.391 deg
Loading hdf5 image:  /project/u2grc/Nikola/newSimulations/KerrLow/ipole/n_-1_res_160/image_torus.out0.04451.h5
   assuming source M87: ra 12.514 hr: dec 12.391 deg
Loading hdf5 image:  /project/u2grc/Nikola/newSimulations/KerrLow/ipole/n_-1_res_160/image_torus.out0.04452.h5
   assuming source M87: ra 12.514 hr: dec 12.391 deg
Loading hdf5 image:  /project/u2grc/Nikola/newSimulations/KerrLow/ipole/n_-1_res_160/image_torus.out0.04453.h5
   assuming source M87: ra 12.514 hr: dec 12.391 deg
Loading hdf5 image:  /project/u2grc/Nikola/newSimulations/KerrLow/ipole/n_-1_res_160/image_torus.out0.04454.h5
   assuming source M87: ra 12.514 hr: dec 12.391 deg
Loading hdf5 image:  /project/u2grc/Nikola/newSimulations/KerrLow/ipole/n_-1_res_160/image_torus.out0.04455.h5
   assuming source M87: ra 12.514 hr: dec 12.391 deg
Loading hdf5 image:  /project/u2grc/Nikola/newSimulations/KerrLow/ipole/n_-1_res_160/image_torus.out0.04456.h5
   assuming source M87: ra 12.514 hr: dec 12.391 deg
Loading hdf5 image:  /project/u2grc/Nikola/newSimulations/KerrLow/ipole/n_-1_res_160/image_torus.out0.04457.h5
   assuming source M87: ra 12.514 hr: dec 12.391 deg
Loading hdf5 image:  /project/u2grc/Nikola/newSimulations/KerrLow/ipole/n_-1_res_160/image_torus.out0.04458.h5
   assuming source M87: ra 12.514 hr: dec 12.391 deg
Loading hdf5 image:  /project/u2grc/Nikola/newSimulations/KerrLow/ipole/n_-1_res_160/image_torus.out0.04459.h5
   assuming source M87: ra 12.514 hr: dec 12.391 deg
Loading hdf5 image:  /project/u2grc/Nikola/newSimulations/KerrLow/ipole/n_-1_res_160/image_torus.out0.04460.h5
   assuming source M87: ra 12.514 hr: dec 12.391 deg
Loading hdf5 image:  /project/u2grc/Nikola/newSimulations/KerrLow/ipole/n_-1_res_160/image_torus.out0.04461.h5
   assuming source M87: ra 12.514 hr: dec 12.391 deg
Loading hdf5 image:  /project/u2grc/Nikola/newSimulations/KerrLow/ipole/n_-1_res_160/image_torus.out0.04462.h5
   assuming source M87: ra 12.514 hr: dec 12.391 deg
Loading hdf5 image:  /project/u2grc/Nikola/newSimulations/KerrLow/ipole/n_-1_res_160/image_torus.out0.04463.h5
   assuming source M87: ra 12.514 hr: dec 12.391 deg
Loading hdf5 image:  /project/u2grc/Nikola/newSimulations/KerrLow/ipole/n_-1_res_160/image_torus.out0.04464.h5
   assuming source M87: ra 12.514 hr: dec 12.391 deg
Loading hdf5 image:  /project/u2grc/Nikola/newSimulations/KerrLow/ipole/n_-1_res_160/image_torus.out0.04465.h5
   assuming source M87: ra 12.514 hr: dec 12.391 deg
Loading hdf5 image:  /project/u2grc/Nikola/newSimulations/KerrLow/ipole/n_-1_res_160/image_torus.out0.04466.h5
   assuming source M87: ra 12.514 hr: dec 12.391 deg
Loading hdf5 image:  /project/u2grc/Nikola/newSimulations/KerrLow/ipole/n_-1_res_160/image_torus.out0.04467.h5
   assuming source M87: ra 12.514 hr: dec 12.391 deg
Loading hdf5 image:  /project/u2grc/Nikola/newSimulations/KerrLow/ipole/n_-1_res_160/image_torus.out0.04468.h5
   assuming source M87: ra 12.514 hr: dec 12.391 deg
Loading hdf5 image:  /project/u2grc/Nikola/newSimulations/KerrLow/ipole/n_-1_res_160/image_torus.out0.04469.h5
   assuming source M87: ra 12.514 hr: dec 12.391 deg
Loading hdf5 image:  /project/u2grc/Nikola/newSimulations/KerrLow/ipole/n_-1_res_160/image_torus.out0.04470.h5
   assuming source M87: ra 12.514 hr: dec 12.391 deg
Loading hdf5 image:  /project/u2grc/Nikola/newSimulations/KerrLow/ipole/n_-1_res_160/image_torus.out0.04471.h5
   assuming source M87: ra 12.514 hr: dec 12.391 deg
Loading hdf5 image:  /project/u2grc/Nikola/newSimulations/KerrLow/ipole/n_-1_res_160/image_torus.out0.04472.h5
   assuming source M87: ra 12.514 hr: dec 12.391 deg
Loading hdf5 image:  /project/u2grc/Nikola/newSimulations/KerrLow/ipole/n_-1_res_160/image_torus.out0.04473.h5
   assuming source M87: ra 12.514 hr: dec 12.391 deg
Loading hdf5 image:  /project/u2grc/Nikola/newSimulations/KerrLow/ipole/n_-1_res_160/image_torus.out0.04474.h5
   assuming source M87: ra 12.514 hr: dec 12.391 deg
Loading hdf5 image:  /project/u2grc/Nikola/newSimulations/KerrLow/ipole/n_-1_res_160/image_torus.out0.04475.h5
   assuming source M87: ra 12.514 hr: dec 12.391 deg
Loading hdf5 image:  /project/u2grc/Nikola/newSimulations/KerrLow/ipole/n_-1_res_160/image_torus.out0.04476.h5
   assuming source M87: ra 12.514 hr: dec 12.391 deg
Loading hdf5 image:  /project/u2grc/Nikola/newSimulations/KerrLow/ipole/n_-1_res_160/image_torus.out0.04477.h5
   assuming source M87: ra 12.514 hr: dec 12.391 deg
Loading hdf5 image:  /project/u2grc/Nikola/newSimulations/KerrLow/ipole/n_-1_res_160/image_torus.out0.04478.h5
   assuming source M87: ra 12.514 hr: dec 12.391 deg
Loading hdf5 image:  /project/u2grc/Nikola/newSimulations/KerrLow/ipole/n_-1_res_160/image_torus.out0.04479.h5
   assuming source M87: ra 12.514 hr: dec 12.391 deg
Loading hdf5 image:  /project/u2grc/Nikola/newSimulations/KerrLow/ipole/n_-1_res_160/image_torus.out0.04480.h5
   assuming source M87: ra 12.514 hr: dec 12.391 deg
Loading hdf5 image:  /project/u2grc/Nikola/newSimulations/KerrLow/ipole/n_-1_res_160/image_torus.out0.04481.h5
   assuming source M87: ra 12.514 hr: dec 12.391 deg
Loading hdf5 image:  /project/u2grc/Nikola/newSimulations/KerrLow/ipole/n_-1_res_160/image_torus.out0.04482.h5
   assuming source M87: ra 12.514 hr: dec 12.391 deg
Loading hdf5 image:  /project/u2grc/Nikola/newSimulations/KerrLow/ipole/n_-1_res_160/image_torus.out0.04483.h5
   assuming source M87: ra 12.514 hr: dec 12.391 deg
Loading hdf5 image:  /project/u2grc/Nikola/newSimulations/KerrLow/ipole/n_-1_res_160/image_torus.out0.04484.h5
   assuming source M87: ra 12.514 hr: dec 12.391 deg
Loading hdf5 image:  /project/u2grc/Nikola/newSimulations/KerrLow/ipole/n_-1_res_160/image_torus.out0.04485.h5
   assuming source M87: ra 12.514 hr: dec 12.391 deg
Loading hdf5 image:  /project/u2grc/Nikola/newSimulations/KerrLow/ipole/n_-1_res_160/image_torus.out0.04486.h5
   assuming source M87: ra 12.514 hr: dec 12.391 deg
Loading hdf5 image:  /project/u2grc/Nikola/newSimulations/KerrLow/ipole/n_-1_res_160/image_torus.out0.04487.h5
   assuming source M87: ra 12.514 hr: dec 12.391 deg
Loading hdf5 image:  /project/u2grc/Nikola/newSimulations/KerrLow/ipole/n_-1_res_160/image_torus.out0.04488.h5
   assuming source M87: ra 12.514 hr: dec 12.391 deg
Loading hdf5 image:  /project/u2grc/Nikola/newSimulations/KerrLow/ipole/n_-1_res_160/image_torus.out0.04489.h5
   assuming source M87: ra 12.514 hr: dec 12.391 deg
Loading hdf5 image:  /project/u2grc/Nikola/newSimulations/KerrLow/ipole/n_-1_res_160/image_torus.out0.04490.h5
   assuming source M87: ra 12.514 hr: dec 12.391 deg
Loading hdf5 image:  /project/u2grc/Nikola/newSimulations/KerrLow/ipole/n_-1_res_160/image_torus.out0.04491.h5
   assuming source M87: ra 12.514 hr: dec 12.391 deg
Loading hdf5 image:  /project/u2grc/Nikola/newSimulations/KerrLow/ipole/n_-1_res_160/image_torus.out0.04492.h5
   assuming source M87: ra 12.514 hr: dec 12.391 deg
Loading hdf5 image:  /project/u2grc/Nikola/newSimulations/KerrLow/ipole/n_-1_res_160/image_torus.out0.04493.h5
   assuming source M87: ra 12.514 hr: dec 12.391 deg
Loading hdf5 image:  /project/u2grc/Nikola/newSimulations/KerrLow/ipole/n_-1_res_160/image_torus.out0.04494.h5
   assuming source M87: ra 12.514 hr: dec 12.391 deg
Loading hdf5 image:  /project/u2grc/Nikola/newSimulations/KerrLow/ipole/n_-1_res_160/image_torus.out0.04495.h5
   assuming source M87: ra 12.514 hr: dec 12.391 deg
Loading hdf5 image:  /project/u2grc/Nikola/newSimulations/KerrLow/ipole/n_-1_res_160/image_torus.out0.04496.h5
   assuming source M87: ra 12.514 hr: dec 12.391 deg
Loading hdf5 image:  /project/u2grc/Nikola/newSimulations/KerrLow/ipole/n_-1_res_160/image_torus.out0.04497.h5
   assuming source M87: ra 12.514 hr: dec 12.391 deg
Loading hdf5 image:  /project/u2grc/Nikola/newSimulations/KerrLow/ipole/n_-1_res_160/image_torus.out0.04498.h5
   assuming source M87: ra 12.514 hr: dec 12.391 deg
Loading hdf5 image:  /project/u2grc/Nikola/newSimulations/KerrLow/ipole/n_-1_res_160/image_torus.out0.04499.h5
   assuming source M87: ra 12.514 hr: dec 12.391 deg
Loading hdf5 image:  /project/u2grc/Nikola/newSimulations/KerrLow/ipole/n_-1_res_160/image_torus.out0.04500.h5
   assuming source M87: ra 12.514 hr: dec 12.391 deg
Loading hdf5 image:  /project/u2grc/Nikola/newSimulations/KerrLow/ipole/n_-1_res_160/image_torus.out0.04501.h5
   assuming source M87: ra 12.514 hr: dec 12.391 deg
Loading hdf5 image:  /project/u2grc/Nikola/newSimulations/KerrLow/ipole/n_-1_res_160/image_torus.out0.04502.h5
   assuming source M87: ra 12.514 hr: dec 12.391 deg
Loading hdf5 image:  /project/u2grc/Nikola/newSimulations/KerrLow/ipole/n_-1_res_160/image_torus.out0.04503.h5
   assuming source M87: ra 12.514 hr: dec 12.391 deg
Loading hdf5 image:  /project/u2grc/Nikola/newSimulations/KerrLow/ipole/n_-1_res_160/image_torus.out0.04504.h5
   assuming source M87: ra 12.514 hr: dec 12.391 deg
Loading hdf5 image:  /project/u2grc/Nikola/newSimulations/KerrLow/ipole/n_-1_res_160/image_torus.out0.04505.h5
   assuming source M87: ra 12.514 hr: dec 12.391 deg
Loading hdf5 image:  /project/u2grc/Nikola/newSimulations/KerrLow/ipole/n_-1_res_160/image_torus.out0.04506.h5
   assuming source M87: ra 12.514 hr: dec 12.391 deg
Loading hdf5 image:  /project/u2grc/Nikola/newSimulations/KerrLow/ipole/n_-1_res_160/image_torus.out0.04507.h5
   assuming source M87: ra 12.514 hr: dec 12.391 deg
Loading hdf5 image:  /project/u2grc/Nikola/newSimulations/KerrLow/ipole/n_-1_res_160/image_torus.out0.04508.h5
   assuming source M87: ra 12.514 hr: dec 12.391 deg
Loading hdf5 image:  /project/u2grc/Nikola/newSimulations/KerrLow/ipole/n_-1_res_160/image_torus.out0.04509.h5
   assuming source M87: ra 12.514 hr: dec 12.391 deg
Loading hdf5 image:  /project/u2grc/Nikola/newSimulations/KerrLow/ipole/n_-1_res_160/image_torus.out0.04510.h5
   assuming source M87: ra 12.514 hr: dec 12.391 deg
Loading hdf5 image:  /project/u2grc/Nikola/newSimulations/KerrLow/ipole/n_-1_res_160/image_torus.out0.04511.h5
   assuming source M87: ra 12.514 hr: dec 12.391 deg
Loading hdf5 image:  /project/u2grc/Nikola/newSimulations/KerrLow/ipole/n_-1_res_160/image_torus.out0.04512.h5
   assuming source M87: ra 12.514 hr: dec 12.391 deg
Loading hdf5 image:  /project/u2grc/Nikola/newSimulations/KerrLow/ipole/n_-1_res_160/image_torus.out0.04513.h5
   assuming source M87: ra 12.514 hr: dec 12.391 deg
Loading hdf5 image:  /project/u2grc/Nikola/newSimulations/KerrLow/ipole/n_-1_res_160/image_torus.out0.04514.h5
   assuming source M87: ra 12.514 hr: dec 12.391 deg
Loading hdf5 image:  /project/u2grc/Nikola/newSimulations/KerrLow/ipole/n_-1_res_160/image_torus.out0.04515.h5
   assuming source M87: ra 12.514 hr: dec 12.391 deg
Loading hdf5 image:  /project/u2grc/Nikola/newSimulations/KerrLow/ipole/n_-1_res_160/image_torus.out0.04516.h5
   assuming source M87: ra 12.514 hr: dec 12.391 deg
Loading hdf5 image:  /project/u2grc/Nikola/newSimulations/KerrLow/ipole/n_-1_res_160/image_torus.out0.04517.h5
   assuming source M87: ra 12.514 hr: dec 12.391 deg
Loading hdf5 image:  /project/u2grc/Nikola/newSimulations/KerrLow/ipole/n_-1_res_160/image_torus.out0.04518.h5
   assuming source M87: ra 12.514 hr: dec 12.391 deg
Loading hdf5 image:  /project/u2grc/Nikola/newSimulations/KerrLow/ipole/n_-1_res_160/image_torus.out0.04519.h5
   assuming source M87: ra 12.514 hr: dec 12.391 deg
Loading hdf5 image:  /project/u2grc/Nikola/newSimulations/KerrLow/ipole/n_-1_res_160/image_torus.out0.04520.h5
   assuming source M87: ra 12.514 hr: dec 12.391 deg
Loading hdf5 image:  /project/u2grc/Nikola/newSimulations/KerrLow/ipole/n_-1_res_160/image_torus.out0.04521.h5
   assuming source M87: ra 12.514 hr: dec 12.391 deg
Loading hdf5 image:  /project/u2grc/Nikola/newSimulations/KerrLow/ipole/n_-1_res_160/image_torus.out0.04522.h5
   assuming source M87: ra 12.514 hr: dec 12.391 deg
Loading hdf5 image:  /project/u2grc/Nikola/newSimulations/KerrLow/ipole/n_-1_res_160/image_torus.out0.04523.h5
   assuming source M87: ra 12.514 hr: dec 12.391 deg
Loading hdf5 image:  /project/u2grc/Nikola/newSimulations/KerrLow/ipole/n_-1_res_160/image_torus.out0.04524.h5
   assuming source M87: ra 12.514 hr: dec 12.391 deg
Loading hdf5 image:  /project/u2grc/Nikola/newSimulations/KerrLow/ipole/n_-1_res_160/image_torus.out0.04525.h5
   assuming source M87: ra 12.514 hr: dec 12.391 deg
Loading hdf5 image:  /project/u2grc/Nikola/newSimulations/KerrLow/ipole/n_-1_res_160/image_torus.out0.04526.h5
   assuming source M87: ra 12.514 hr: dec 12.391 deg
Loading hdf5 image:  /project/u2grc/Nikola/newSimulations/KerrLow/ipole/n_-1_res_160/image_torus.out0.04527.h5
   assuming source M87: ra 12.514 hr: dec 12.391 deg
Loading hdf5 image:  /project/u2grc/Nikola/newSimulations/KerrLow/ipole/n_-1_res_160/image_torus.out0.04528.h5
   assuming source M87: ra 12.514 hr: dec 12.391 deg
Loading hdf5 image:  /project/u2grc/Nikola/newSimulations/KerrLow/ipole/n_-1_res_160/image_torus.out0.04529.h5
   assuming source M87: ra 12.514 hr: dec 12.391 deg
Loading hdf5 image:  /project/u2grc/Nikola/newSimulations/KerrLow/ipole/n_-1_res_160/image_torus.out0.04530.h5
   assuming source M87: ra 12.514 hr: dec 12.391 deg
Loading hdf5 image:  /project/u2grc/Nikola/newSimulations/KerrLow/ipole/n_-1_res_160/image_torus.out0.04531.h5
   assuming source M87: ra 12.514 hr: dec 12.391 deg
Loading hdf5 image:  /project/u2grc/Nikola/newSimulations/KerrLow/ipole/n_-1_res_160/image_torus.out0.04532.h5
   assuming source M87: ra 12.514 hr: dec 12.391 deg
Loading hdf5 image:  /project/u2grc/Nikola/newSimulations/KerrLow/ipole/n_-1_res_160/image_torus.out0.04533.h5
   assuming source M87: ra 12.514 hr: dec 12.391 deg
Loading hdf5 image:  /project/u2grc/Nikola/newSimulations/KerrLow/ipole/n_-1_res_160/image_torus.out0.04534.h5
   assuming source M87: ra 12.514 hr: dec 12.391 deg
Loading hdf5 image:  /project/u2grc/Nikola/newSimulations/KerrLow/ipole/n_-1_res_160/image_torus.out0.04535.h5
   assuming source M87: ra 12.514 hr: dec 12.391 deg
Loading hdf5 image:  /project/u2grc/Nikola/newSimulations/KerrLow/ipole/n_-1_res_160/image_torus.out0.04536.h5
   assuming source M87: ra 12.514 hr: dec 12.391 deg
Loading hdf5 image:  /project/u2grc/Nikola/newSimulations/KerrLow/ipole/n_-1_res_160/image_torus.out0.04537.h5
   assuming source M87: ra 12.514 hr: dec 12.391 deg
Loading hdf5 image:  /project/u2grc/Nikola/newSimulations/KerrLow/ipole/n_-1_res_160/image_torus.out0.04538.h5
   assuming source M87: ra 12.514 hr: dec 12.391 deg
Loading hdf5 image:  /project/u2grc/Nikola/newSimulations/KerrLow/ipole/n_-1_res_160/image_torus.out0.04539.h5
   assuming source M87: ra 12.514 hr: dec 12.391 deg
Loading hdf5 image:  /project/u2grc/Nikola/newSimulations/KerrLow/ipole/n_-1_res_160/image_torus.out0.04540.h5
   assuming source M87: ra 12.514 hr: dec 12.391 deg
Loading hdf5 image:  /project/u2grc/Nikola/newSimulations/KerrLow/ipole/n_-1_res_160/image_torus.out0.04541.h5
   assuming source M87: ra 12.514 hr: dec 12.391 deg
Loading hdf5 image:  /project/u2grc/Nikola/newSimulations/KerrLow/ipole/n_-1_res_160/image_torus.out0.04542.h5
   assuming source M87: ra 12.514 hr: dec 12.391 deg
Loading hdf5 image:  /project/u2grc/Nikola/newSimulations/KerrLow/ipole/n_-1_res_160/image_torus.out0.04543.h5
   assuming source M87: ra 12.514 hr: dec 12.391 deg
Loading hdf5 image:  /project/u2grc/Nikola/newSimulations/KerrLow/ipole/n_-1_res_160/image_torus.out0.04544.h5
   assuming source M87: ra 12.514 hr: dec 12.391 deg
Loading hdf5 image:  /project/u2grc/Nikola/newSimulations/KerrLow/ipole/n_-1_res_160/image_torus.out0.04545.h5
   assuming source M87: ra 12.514 hr: dec 12.391 deg
Loading hdf5 image:  /project/u2grc/Nikola/newSimulations/KerrLow/ipole/n_-1_res_160/image_torus.out0.04546.h5
   assuming source M87: ra 12.514 hr: dec 12.391 deg
Loading hdf5 image:  /project/u2grc/Nikola/newSimulations/KerrLow/ipole/n_-1_res_160/image_torus.out0.04547.h5
   assuming source M87: ra 12.514 hr: dec 12.391 deg
Loading hdf5 image:  /project/u2grc/Nikola/newSimulations/KerrLow/ipole/n_-1_res_160/image_torus.out0.04548.h5
   assuming source M87: ra 12.514 hr: dec 12.391 deg
Loading hdf5 image:  /project/u2grc/Nikola/newSimulations/KerrLow/ipole/n_-1_res_160/image_torus.out0.04549.h5
   assuming source M87: ra 12.514 hr: dec 12.391 deg
Loading hdf5 image:  /project/u2grc/Nikola/newSimulations/KerrLow/ipole/n_-1_res_160/image_torus.out0.04550.h5
   assuming source M87: ra 12.514 hr: dec 12.391 deg
Loading hdf5 image:  /project/u2grc/Nikola/newSimulations/KerrLow/ipole/n_-1_res_160/image_torus.out0.04551.h5
   assuming source M87: ra 12.514 hr: dec 12.391 deg
Loading hdf5 image:  /project/u2grc/Nikola/newSimulations/KerrLow/ipole/n_-1_res_160/image_torus.out0.04552.h5
   assuming source M87: ra 12.514 hr: dec 12.391 deg
Loading hdf5 image:  /project/u2grc/Nikola/newSimulations/KerrLow/ipole/n_-1_res_160/image_torus.out0.04553.h5
   assuming source M87: ra 12.514 hr: dec 12.391 deg
Loading hdf5 image:  /project/u2grc/Nikola/newSimulations/KerrLow/ipole/n_-1_res_160/image_torus.out0.04554.h5
   assuming source M87: ra 12.514 hr: dec 12.391 deg
Loading hdf5 image:  /project/u2grc/Nikola/newSimulations/KerrLow/ipole/n_-1_res_160/image_torus.out0.04555.h5
   assuming source M87: ra 12.514 hr: dec 12.391 deg
Loading hdf5 image:  /project/u2grc/Nikola/newSimulations/KerrLow/ipole/n_-1_res_160/image_torus.out0.04556.h5
   assuming source M87: ra 12.514 hr: dec 12.391 deg
Loading hdf5 image:  /project/u2grc/Nikola/newSimulations/KerrLow/ipole/n_-1_res_160/image_torus.out0.04557.h5
   assuming source M87: ra 12.514 hr: dec 12.391 deg
Loading hdf5 image:  /project/u2grc/Nikola/newSimulations/KerrLow/ipole/n_-1_res_160/image_torus.out0.04558.h5
   assuming source M87: ra 12.514 hr: dec 12.391 deg
Loading hdf5 image:  /project/u2grc/Nikola/newSimulations/KerrLow/ipole/n_-1_res_160/image_torus.out0.04559.h5
   assuming source M87: ra 12.514 hr: dec 12.391 deg
Loading hdf5 image:  /project/u2grc/Nikola/newSimulations/KerrLow/ipole/n_-1_res_160/image_torus.out0.04560.h5
   assuming source M87: ra 12.514 hr: dec 12.391 deg
Loading hdf5 image:  /project/u2grc/Nikola/newSimulations/KerrLow/ipole/n_-1_res_160/image_torus.out0.04561.h5
   assuming source M87: ra 12.514 hr: dec 12.391 deg
Loading hdf5 image:  /project/u2grc/Nikola/newSimulations/KerrLow/ipole/n_-1_res_160/image_torus.out0.04562.h5
   assuming source M87: ra 12.514 hr: dec 12.391 deg
Loading hdf5 image:  /project/u2grc/Nikola/newSimulations/KerrLow/ipole/n_-1_res_160/image_torus.out0.04563.h5
   assuming source M87: ra 12.514 hr: dec 12.391 deg
Loading hdf5 image:  /project/u2grc/Nikola/newSimulations/KerrLow/ipole/n_-1_res_160/image_torus.out0.04564.h5
   assuming source M87: ra 12.514 hr: dec 12.391 deg
Loading hdf5 image:  /project/u2grc/Nikola/newSimulations/KerrLow/ipole/n_-1_res_160/image_torus.out0.04565.h5
   assuming source M87: ra 12.514 hr: dec 12.391 deg
Loading hdf5 image:  /project/u2grc/Nikola/newSimulations/KerrLow/ipole/n_-1_res_160/image_torus.out0.04566.h5
   assuming source M87: ra 12.514 hr: dec 12.391 deg
Loading hdf5 image:  /project/u2grc/Nikola/newSimulations/KerrLow/ipole/n_-1_res_160/image_torus.out0.04567.h5
   assuming source M87: ra 12.514 hr: dec 12.391 deg
Loading hdf5 image:  /project/u2grc/Nikola/newSimulations/KerrLow/ipole/n_-1_res_160/image_torus.out0.04568.h5
   assuming source M87: ra 12.514 hr: dec 12.391 deg
Loading hdf5 image:  /project/u2grc/Nikola/newSimulations/KerrLow/ipole/n_-1_res_160/image_torus.out0.04569.h5
   assuming source M87: ra 12.514 hr: dec 12.391 deg
Loading hdf5 image:  /project/u2grc/Nikola/newSimulations/KerrLow/ipole/n_-1_res_160/image_torus.out0.04570.h5
   assuming source M87: ra 12.514 hr: dec 12.391 deg
Loading hdf5 image:  /project/u2grc/Nikola/newSimulations/KerrLow/ipole/n_-1_res_160/image_torus.out0.04571.h5
   assuming source M87: ra 12.514 hr: dec 12.391 deg
Loading hdf5 image:  /project/u2grc/Nikola/newSimulations/KerrLow/ipole/n_-1_res_160/image_torus.out0.04572.h5
   assuming source M87: ra 12.514 hr: dec 12.391 deg
Loading hdf5 image:  /project/u2grc/Nikola/newSimulations/KerrLow/ipole/n_-1_res_160/image_torus.out0.04573.h5
   assuming source M87: ra 12.514 hr: dec 12.391 deg
Loading hdf5 image:  /project/u2grc/Nikola/newSimulations/KerrLow/ipole/n_-1_res_160/image_torus.out0.04574.h5
   assuming source M87: ra 12.514 hr: dec 12.391 deg
Loading hdf5 image:  /project/u2grc/Nikola/newSimulations/KerrLow/ipole/n_-1_res_160/image_torus.out0.04575.h5
   assuming source M87: ra 12.514 hr: dec 12.391 deg
Loading hdf5 image:  /project/u2grc/Nikola/newSimulations/KerrLow/ipole/n_-1_res_160/image_torus.out0.04576.h5
   assuming source M87: ra 12.514 hr: dec 12.391 deg
Loading hdf5 image:  /project/u2grc/Nikola/newSimulations/KerrLow/ipole/n_-1_res_160/image_torus.out0.04577.h5
   assuming source M87: ra 12.514 hr: dec 12.391 deg
Loading hdf5 image:  /project/u2grc/Nikola/newSimulations/KerrLow/ipole/n_-1_res_160/image_torus.out0.04578.h5
   assuming source M87: ra 12.514 hr: dec 12.391 deg
Loading hdf5 image:  /project/u2grc/Nikola/newSimulations/KerrLow/ipole/n_-1_res_160/image_torus.out0.04579.h5
   assuming source M87: ra 12.514 hr: dec 12.391 deg
Loading hdf5 image:  /project/u2grc/Nikola/newSimulations/KerrLow/ipole/n_-1_res_160/image_torus.out0.04580.h5
   assuming source M87: ra 12.514 hr: dec 12.391 deg
Loading hdf5 image:  /project/u2grc/Nikola/newSimulations/KerrLow/ipole/n_-1_res_160/image_torus.out0.04581.h5
   assuming source M87: ra 12.514 hr: dec 12.391 deg
Loading hdf5 image:  /project/u2grc/Nikola/newSimulations/KerrLow/ipole/n_-1_res_160/image_torus.out0.04582.h5
   assuming source M87: ra 12.514 hr: dec 12.391 deg
Loading hdf5 image:  /project/u2grc/Nikola/newSimulations/KerrLow/ipole/n_-1_res_160/image_torus.out0.04583.h5
   assuming source M87: ra 12.514 hr: dec 12.391 deg
Loading hdf5 image:  /project/u2grc/Nikola/newSimulations/KerrLow/ipole/n_-1_res_160/image_torus.out0.04584.h5
   assuming source M87: ra 12.514 hr: dec 12.391 deg
Loading hdf5 image:  /project/u2grc/Nikola/newSimulations/KerrLow/ipole/n_-1_res_160/image_torus.out0.04585.h5
   assuming source M87: ra 12.514 hr: dec 12.391 deg
Loading hdf5 image:  /project/u2grc/Nikola/newSimulations/KerrLow/ipole/n_-1_res_160/image_torus.out0.04586.h5
   assuming source M87: ra 12.514 hr: dec 12.391 deg
Loading hdf5 image:  /project/u2grc/Nikola/newSimulations/KerrLow/ipole/n_-1_res_160/image_torus.out0.04587.h5
   assuming source M87: ra 12.514 hr: dec 12.391 deg
Loading hdf5 image:  /project/u2grc/Nikola/newSimulations/KerrLow/ipole/n_-1_res_160/image_torus.out0.04588.h5
   assuming source M87: ra 12.514 hr: dec 12.391 deg
Loading hdf5 image:  /project/u2grc/Nikola/newSimulations/KerrLow/ipole/n_-1_res_160/image_torus.out0.04589.h5
   assuming source M87: ra 12.514 hr: dec 12.391 deg
Loading hdf5 image:  /project/u2grc/Nikola/newSimulations/KerrLow/ipole/n_-1_res_160/image_torus.out0.04590.h5
   assuming source M87: ra 12.514 hr: dec 12.391 deg
Loading hdf5 image:  /project/u2grc/Nikola/newSimulations/KerrLow/ipole/n_-1_res_160/image_torus.out0.04591.h5
   assuming source M87: ra 12.514 hr: dec 12.391 deg
Loading hdf5 image:  /project/u2grc/Nikola/newSimulations/KerrLow/ipole/n_-1_res_160/image_torus.out0.04592.h5
   assuming source M87: ra 12.514 hr: dec 12.391 deg
Loading hdf5 image:  /project/u2grc/Nikola/newSimulations/KerrLow/ipole/n_-1_res_160/image_torus.out0.04593.h5
   assuming source M87: ra 12.514 hr: dec 12.391 deg
Loading hdf5 image:  /project/u2grc/Nikola/newSimulations/KerrLow/ipole/n_-1_res_160/image_torus.out0.04594.h5
   assuming source M87: ra 12.514 hr: dec 12.391 deg
Loading hdf5 image:  /project/u2grc/Nikola/newSimulations/KerrLow/ipole/n_-1_res_160/image_torus.out0.04595.h5
   assuming source M87: ra 12.514 hr: dec 12.391 deg
Loading hdf5 image:  /project/u2grc/Nikola/newSimulations/KerrLow/ipole/n_-1_res_160/image_torus.out0.04596.h5
   assuming source M87: ra 12.514 hr: dec 12.391 deg
Loading hdf5 image:  /project/u2grc/Nikola/newSimulations/KerrLow/ipole/n_-1_res_160/image_torus.out0.04597.h5
   assuming source M87: ra 12.514 hr: dec 12.391 deg
Loading hdf5 image:  /project/u2grc/Nikola/newSimulations/KerrLow/ipole/n_-1_res_160/image_torus.out0.04598.h5
   assuming source M87: ra 12.514 hr: dec 12.391 deg
Loading hdf5 image:  /project/u2grc/Nikola/newSimulations/KerrLow/ipole/n_-1_res_160/image_torus.out0.04599.h5
   assuming source M87: ra 12.514 hr: dec 12.391 deg
Loading hdf5 image:  /project/u2grc/Nikola/newSimulations/KerrLow/ipole/n_-1_res_160/image_torus.out0.04600.h5
   assuming source M87: ra 12.514 hr: dec 12.391 deg
Loading hdf5 image:  /project/u2grc/Nikola/newSimulations/KerrLow/ipole/n_-1_res_160/image_torus.out0.04601.h5
   assuming source M87: ra 12.514 hr: dec 12.391 deg
Loading hdf5 image:  /project/u2grc/Nikola/newSimulations/KerrLow/ipole/n_-1_res_160/image_torus.out0.04602.h5
   assuming source M87: ra 12.514 hr: dec 12.391 deg
Loading hdf5 image:  /project/u2grc/Nikola/newSimulations/KerrLow/ipole/n_-1_res_160/image_torus.out0.04603.h5
   assuming source M87: ra 12.514 hr: dec 12.391 deg
Loading hdf5 image:  /project/u2grc/Nikola/newSimulations/KerrLow/ipole/n_-1_res_160/image_torus.out0.04604.h5
   assuming source M87: ra 12.514 hr: dec 12.391 deg
Loading hdf5 image:  /project/u2grc/Nikola/newSimulations/KerrLow/ipole/n_-1_res_160/image_torus.out0.04605.h5
   assuming source M87: ra 12.514 hr: dec 12.391 deg
Loading hdf5 image:  /project/u2grc/Nikola/newSimulations/KerrLow/ipole/n_-1_res_160/image_torus.out0.04606.h5
   assuming source M87: ra 12.514 hr: dec 12.391 deg
Loading hdf5 image:  /project/u2grc/Nikola/newSimulations/KerrLow/ipole/n_-1_res_160/image_torus.out0.04607.h5
   assuming source M87: ra 12.514 hr: dec 12.391 deg
Loading hdf5 image:  /project/u2grc/Nikola/newSimulations/KerrLow/ipole/n_-1_res_160/image_torus.out0.04608.h5
   assuming source M87: ra 12.514 hr: dec 12.391 deg
Loading hdf5 image:  /project/u2grc/Nikola/newSimulations/KerrLow/ipole/n_-1_res_160/image_torus.out0.04609.h5
   assuming source M87: ra 12.514 hr: dec 12.391 deg
Loading hdf5 image:  /project/u2grc/Nikola/newSimulations/KerrLow/ipole/n_-1_res_160/image_torus.out0.04610.h5
   assuming source M87: ra 12.514 hr: dec 12.391 deg
Loading hdf5 image:  /project/u2grc/Nikola/newSimulations/KerrLow/ipole/n_-1_res_160/image_torus.out0.04611.h5
   assuming source M87: ra 12.514 hr: dec 12.391 deg
Loading hdf5 image:  /project/u2grc/Nikola/newSimulations/KerrLow/ipole/n_-1_res_160/image_torus.out0.04612.h5
   assuming source M87: ra 12.514 hr: dec 12.391 deg
Loading hdf5 image:  /project/u2grc/Nikola/newSimulations/KerrLow/ipole/n_-1_res_160/image_torus.out0.04613.h5
   assuming source M87: ra 12.514 hr: dec 12.391 deg
Loading hdf5 image:  /project/u2grc/Nikola/newSimulations/KerrLow/ipole/n_-1_res_160/image_torus.out0.04614.h5
   assuming source M87: ra 12.514 hr: dec 12.391 deg
Loading hdf5 image:  /project/u2grc/Nikola/newSimulations/KerrLow/ipole/n_-1_res_160/image_torus.out0.04615.h5
   assuming source M87: ra 12.514 hr: dec 12.391 deg
Loading hdf5 image:  /project/u2grc/Nikola/newSimulations/KerrLow/ipole/n_-1_res_160/image_torus.out0.04616.h5
   assuming source M87: ra 12.514 hr: dec 12.391 deg
Loading hdf5 image:  /project/u2grc/Nikola/newSimulations/KerrLow/ipole/n_-1_res_160/image_torus.out0.04617.h5
   assuming source M87: ra 12.514 hr: dec 12.391 deg
Loading hdf5 image:  /project/u2grc/Nikola/newSimulations/KerrLow/ipole/n_-1_res_160/image_torus.out0.04618.h5
   assuming source M87: ra 12.514 hr: dec 12.391 deg
Loading hdf5 image:  /project/u2grc/Nikola/newSimulations/KerrLow/ipole/n_-1_res_160/image_torus.out0.04619.h5
   assuming source M87: ra 12.514 hr: dec 12.391 deg
Loading hdf5 image:  /project/u2grc/Nikola/newSimulations/KerrLow/ipole/n_-1_res_160/image_torus.out0.04620.h5
   assuming source M87: ra 12.514 hr: dec 12.391 deg
Loading hdf5 image:  /project/u2grc/Nikola/newSimulations/KerrLow/ipole/n_-1_res_160/image_torus.out0.04621.h5
   assuming source M87: ra 12.514 hr: dec 12.391 deg
Loading hdf5 image:  /project/u2grc/Nikola/newSimulations/KerrLow/ipole/n_-1_res_160/image_torus.out0.04622.h5
   assuming source M87: ra 12.514 hr: dec 12.391 deg
Loading hdf5 image:  /project/u2grc/Nikola/newSimulations/KerrLow/ipole/n_-1_res_160/image_torus.out0.04623.h5
   assuming source M87: ra 12.514 hr: dec 12.391 deg
Loading hdf5 image:  /project/u2grc/Nikola/newSimulations/KerrLow/ipole/n_-1_res_160/image_torus.out0.04624.h5
   assuming source M87: ra 12.514 hr: dec 12.391 deg
Loading hdf5 image:  /project/u2grc/Nikola/newSimulations/KerrLow/ipole/n_-1_res_160/image_torus.out0.04625.h5
   assuming source M87: ra 12.514 hr: dec 12.391 deg
Loading hdf5 image:  /project/u2grc/Nikola/newSimulations/KerrLow/ipole/n_-1_res_160/image_torus.out0.04626.h5
   assuming source M87: ra 12.514 hr: dec 12.391 deg
Loading hdf5 image:  /project/u2grc/Nikola/newSimulations/KerrLow/ipole/n_-1_res_160/image_torus.out0.04627.h5
   assuming source M87: ra 12.514 hr: dec 12.391 deg
Loading hdf5 image:  /project/u2grc/Nikola/newSimulations/KerrLow/ipole/n_-1_res_160/image_torus.out0.04628.h5
   assuming source M87: ra 12.514 hr: dec 12.391 deg
Loading hdf5 image:  /project/u2grc/Nikola/newSimulations/KerrLow/ipole/n_-1_res_160/image_torus.out0.04629.h5
   assuming source M87: ra 12.514 hr: dec 12.391 deg
Loading hdf5 image:  /project/u2grc/Nikola/newSimulations/KerrLow/ipole/n_-1_res_160/image_torus.out0.04630.h5
   assuming source M87: ra 12.514 hr: dec 12.391 deg
Loading hdf5 image:  /project/u2grc/Nikola/newSimulations/KerrLow/ipole/n_-1_res_160/image_torus.out0.04631.h5
   assuming source M87: ra 12.514 hr: dec 12.391 deg
Loading hdf5 image:  /project/u2grc/Nikola/newSimulations/KerrLow/ipole/n_-1_res_160/image_torus.out0.04632.h5
   assuming source M87: ra 12.514 hr: dec 12.391 deg
Loading hdf5 image:  /project/u2grc/Nikola/newSimulations/KerrLow/ipole/n_-1_res_160/image_torus.out0.04633.h5
   assuming source M87: ra 12.514 hr: dec 12.391 deg
Loading hdf5 image:  /project/u2grc/Nikola/newSimulations/KerrLow/ipole/n_-1_res_160/image_torus.out0.04634.h5
   assuming source M87: ra 12.514 hr: dec 12.391 deg
Loading hdf5 image:  /project/u2grc/Nikola/newSimulations/KerrLow/ipole/n_-1_res_160/image_torus.out0.04635.h5
   assuming source M87: ra 12.514 hr: dec 12.391 deg
Loading hdf5 image:  /project/u2grc/Nikola/newSimulations/KerrLow/ipole/n_-1_res_160/image_torus.out0.04636.h5
   assuming source M87: ra 12.514 hr: dec 12.391 deg
Loading hdf5 image:  /project/u2grc/Nikola/newSimulations/KerrLow/ipole/n_-1_res_160/image_torus.out0.04637.h5
   assuming source M87: ra 12.514 hr: dec 12.391 deg
Loading hdf5 image:  /project/u2grc/Nikola/newSimulations/KerrLow/ipole/n_-1_res_160/image_torus.out0.04638.h5
   assuming source M87: ra 12.514 hr: dec 12.391 deg
Loading hdf5 image:  /project/u2grc/Nikola/newSimulations/KerrLow/ipole/n_-1_res_160/image_torus.out0.04639.h5
   assuming source M87: ra 12.514 hr: dec 12.391 deg
Loading hdf5 image:  /project/u2grc/Nikola/newSimulations/KerrLow/ipole/n_-1_res_160/image_torus.out0.04640.h5
   assuming source M87: ra 12.514 hr: dec 12.391 deg
Loading hdf5 image:  /project/u2grc/Nikola/newSimulations/KerrLow/ipole/n_-1_res_160/image_torus.out0.04641.h5
   assuming source M87: ra 12.514 hr: dec 12.391 deg
Loading hdf5 image:  /project/u2grc/Nikola/newSimulations/KerrLow/ipole/n_-1_res_160/image_torus.out0.04642.h5
   assuming source M87: ra 12.514 hr: dec 12.391 deg
Loading hdf5 image:  /project/u2grc/Nikola/newSimulations/KerrLow/ipole/n_-1_res_160/image_torus.out0.04643.h5
   assuming source M87: ra 12.514 hr: dec 12.391 deg
Loading hdf5 image:  /project/u2grc/Nikola/newSimulations/KerrLow/ipole/n_-1_res_160/image_torus.out0.04644.h5
   assuming source M87: ra 12.514 hr: dec 12.391 deg
Loading hdf5 image:  /project/u2grc/Nikola/newSimulations/KerrLow/ipole/n_-1_res_160/image_torus.out0.04645.h5
   assuming source M87: ra 12.514 hr: dec 12.391 deg
Loading hdf5 image:  /project/u2grc/Nikola/newSimulations/KerrLow/ipole/n_-1_res_160/image_torus.out0.04646.h5
   assuming source M87: ra 12.514 hr: dec 12.391 deg
Loading hdf5 image:  /project/u2grc/Nikola/newSimulations/KerrLow/ipole/n_-1_res_160/image_torus.out0.04647.h5
   assuming source M87: ra 12.514 hr: dec 12.391 deg
Loading hdf5 image:  /project/u2grc/Nikola/newSimulations/KerrLow/ipole/n_-1_res_160/image_torus.out0.04648.h5
   assuming source M87: ra 12.514 hr: dec 12.391 deg
Loading hdf5 image:  /project/u2grc/Nikola/newSimulations/KerrLow/ipole/n_-1_res_160/image_torus.out0.04649.h5
   assuming source M87: ra 12.514 hr: dec 12.391 deg
Loading hdf5 image:  /project/u2grc/Nikola/newSimulations/KerrLow/ipole/n_-1_res_160/image_torus.out0.04650.h5
   assuming source M87: ra 12.514 hr: dec 12.391 deg
Loading hdf5 image:  /project/u2grc/Nikola/newSimulations/KerrLow/ipole/n_-1_res_160/image_torus.out0.04651.h5
   assuming source M87: ra 12.514 hr: dec 12.391 deg
Loading hdf5 image:  /project/u2grc/Nikola/newSimulations/KerrLow/ipole/n_-1_res_160/image_torus.out0.04652.h5
   assuming source M87: ra 12.514 hr: dec 12.391 deg
Loading hdf5 image:  /project/u2grc/Nikola/newSimulations/KerrLow/ipole/n_-1_res_160/image_torus.out0.04653.h5
   assuming source M87: ra 12.514 hr: dec 12.391 deg
Loading hdf5 image:  /project/u2grc/Nikola/newSimulations/KerrLow/ipole/n_-1_res_160/image_torus.out0.04654.h5
   assuming source M87: ra 12.514 hr: dec 12.391 deg
Loading hdf5 image:  /project/u2grc/Nikola/newSimulations/KerrLow/ipole/n_-1_res_160/image_torus.out0.04655.h5
   assuming source M87: ra 12.514 hr: dec 12.391 deg
Loading hdf5 image:  /project/u2grc/Nikola/newSimulations/KerrLow/ipole/n_-1_res_160/image_torus.out0.04656.h5
   assuming source M87: ra 12.514 hr: dec 12.391 deg
Loading hdf5 image:  /project/u2grc/Nikola/newSimulations/KerrLow/ipole/n_-1_res_160/image_torus.out0.04657.h5
   assuming source M87: ra 12.514 hr: dec 12.391 deg
Loading hdf5 image:  /project/u2grc/Nikola/newSimulations/KerrLow/ipole/n_-1_res_160/image_torus.out0.04658.h5
   assuming source M87: ra 12.514 hr: dec 12.391 deg
Loading hdf5 image:  /project/u2grc/Nikola/newSimulations/KerrLow/ipole/n_-1_res_160/image_torus.out0.04659.h5
   assuming source M87: ra 12.514 hr: dec 12.391 deg
Loading hdf5 image:  /project/u2grc/Nikola/newSimulations/KerrLow/ipole/n_-1_res_160/image_torus.out0.04660.h5
   assuming source M87: ra 12.514 hr: dec 12.391 deg
Loading hdf5 image:  /project/u2grc/Nikola/newSimulations/KerrLow/ipole/n_-1_res_160/image_torus.out0.04661.h5
   assuming source M87: ra 12.514 hr: dec 12.391 deg
Loading hdf5 image:  /project/u2grc/Nikola/newSimulations/KerrLow/ipole/n_-1_res_160/image_torus.out0.04662.h5
   assuming source M87: ra 12.514 hr: dec 12.391 deg
Loading hdf5 image:  /project/u2grc/Nikola/newSimulations/KerrLow/ipole/n_-1_res_160/image_torus.out0.04663.h5
   assuming source M87: ra 12.514 hr: dec 12.391 deg
Loading hdf5 image:  /project/u2grc/Nikola/newSimulations/KerrLow/ipole/n_-1_res_160/image_torus.out0.04664.h5
   assuming source M87: ra 12.514 hr: dec 12.391 deg
Loading hdf5 image:  /project/u2grc/Nikola/newSimulations/KerrLow/ipole/n_-1_res_160/image_torus.out0.04665.h5
   assuming source M87: ra 12.514 hr: dec 12.391 deg
Loading hdf5 image:  /project/u2grc/Nikola/newSimulations/KerrLow/ipole/n_-1_res_160/image_torus.out0.04666.h5
   assuming source M87: ra 12.514 hr: dec 12.391 deg
Loading hdf5 image:  /project/u2grc/Nikola/newSimulations/KerrLow/ipole/n_-1_res_160/image_torus.out0.04667.h5
   assuming source M87: ra 12.514 hr: dec 12.391 deg
Loading hdf5 image:  /project/u2grc/Nikola/newSimulations/KerrLow/ipole/n_-1_res_160/image_torus.out0.04668.h5
   assuming source M87: ra 12.514 hr: dec 12.391 deg
Loading hdf5 image:  /project/u2grc/Nikola/newSimulations/KerrLow/ipole/n_-1_res_160/image_torus.out0.04669.h5
   assuming source M87: ra 12.514 hr: dec 12.391 deg
Loading hdf5 image:  /project/u2grc/Nikola/newSimulations/KerrLow/ipole/n_-1_res_160/image_torus.out0.04670.h5
   assuming source M87: ra 12.514 hr: dec 12.391 deg
Loading hdf5 image:  /project/u2grc/Nikola/newSimulations/KerrLow/ipole/n_-1_res_160/image_torus.out0.04671.h5
   assuming source M87: ra 12.514 hr: dec 12.391 deg
Loading hdf5 image:  /project/u2grc/Nikola/newSimulations/KerrLow/ipole/n_-1_res_160/image_torus.out0.04672.h5
   assuming source M87: ra 12.514 hr: dec 12.391 deg
Loading hdf5 image:  /project/u2grc/Nikola/newSimulations/KerrLow/ipole/n_-1_res_160/image_torus.out0.04673.h5
   assuming source M87: ra 12.514 hr: dec 12.391 deg
Loading hdf5 image:  /project/u2grc/Nikola/newSimulations/KerrLow/ipole/n_-1_res_160/image_torus.out0.04674.h5
   assuming source M87: ra 12.514 hr: dec 12.391 deg
Loading hdf5 image:  /project/u2grc/Nikola/newSimulations/KerrLow/ipole/n_-1_res_160/image_torus.out0.04675.h5
   assuming source M87: ra 12.514 hr: dec 12.391 deg
Loading hdf5 image:  /project/u2grc/Nikola/newSimulations/KerrLow/ipole/n_-1_res_160/image_torus.out0.04676.h5
   assuming source M87: ra 12.514 hr: dec 12.391 deg
Loading hdf5 image:  /project/u2grc/Nikola/newSimulations/KerrLow/ipole/n_-1_res_160/image_torus.out0.04677.h5
   assuming source M87: ra 12.514 hr: dec 12.391 deg
Loading hdf5 image:  /project/u2grc/Nikola/newSimulations/KerrLow/ipole/n_-1_res_160/image_torus.out0.04678.h5
   assuming source M87: ra 12.514 hr: dec 12.391 deg
Loading hdf5 image:  /project/u2grc/Nikola/newSimulations/KerrLow/ipole/n_-1_res_160/image_torus.out0.04679.h5
   assuming source M87: ra 12.514 hr: dec 12.391 deg
Loading hdf5 image:  /project/u2grc/Nikola/newSimulations/KerrLow/ipole/n_-1_res_160/image_torus.out0.04680.h5
   assuming source M87: ra 12.514 hr: dec 12.391 deg
Loading hdf5 image:  /project/u2grc/Nikola/newSimulations/KerrLow/ipole/n_-1_res_160/image_torus.out0.04681.h5
   assuming source M87: ra 12.514 hr: dec 12.391 deg
Loading hdf5 image:  /project/u2grc/Nikola/newSimulations/KerrLow/ipole/n_-1_res_160/image_torus.out0.04682.h5
   assuming source M87: ra 12.514 hr: dec 12.391 deg
Loading hdf5 image:  /project/u2grc/Nikola/newSimulations/KerrLow/ipole/n_-1_res_160/image_torus.out0.04683.h5
   assuming source M87: ra 12.514 hr: dec 12.391 deg
Loading hdf5 image:  /project/u2grc/Nikola/newSimulations/KerrLow/ipole/n_-1_res_160/image_torus.out0.04684.h5
   assuming source M87: ra 12.514 hr: dec 12.391 deg
Loading hdf5 image:  /project/u2grc/Nikola/newSimulations/KerrLow/ipole/n_-1_res_160/image_torus.out0.04685.h5
   assuming source M87: ra 12.514 hr: dec 12.391 deg
Loading hdf5 image:  /project/u2grc/Nikola/newSimulations/KerrLow/ipole/n_-1_res_160/image_torus.out0.04686.h5
   assuming source M87: ra 12.514 hr: dec 12.391 deg
Loading hdf5 image:  /project/u2grc/Nikola/newSimulations/KerrLow/ipole/n_-1_res_160/image_torus.out0.04687.h5
   assuming source M87: ra 12.514 hr: dec 12.391 deg
Loading hdf5 image:  /project/u2grc/Nikola/newSimulations/KerrLow/ipole/n_-1_res_160/image_torus.out0.04688.h5
   assuming source M87: ra 12.514 hr: dec 12.391 deg
Loading hdf5 image:  /project/u2grc/Nikola/newSimulations/KerrLow/ipole/n_-1_res_160/image_torus.out0.04689.h5
   assuming source M87: ra 12.514 hr: dec 12.391 deg
Loading hdf5 image:  /project/u2grc/Nikola/newSimulations/KerrLow/ipole/n_-1_res_160/image_torus.out0.04690.h5
   assuming source M87: ra 12.514 hr: dec 12.391 deg
Loading hdf5 image:  /project/u2grc/Nikola/newSimulations/KerrLow/ipole/n_-1_res_160/image_torus.out0.04691.h5
   assuming source M87: ra 12.514 hr: dec 12.391 deg
Loading hdf5 image:  /project/u2grc/Nikola/newSimulations/KerrLow/ipole/n_-1_res_160/image_torus.out0.04692.h5
   assuming source M87: ra 12.514 hr: dec 12.391 deg
Loading hdf5 image:  /project/u2grc/Nikola/newSimulations/KerrLow/ipole/n_-1_res_160/image_torus.out0.04693.h5
   assuming source M87: ra 12.514 hr: dec 12.391 deg
Loading hdf5 image:  /project/u2grc/Nikola/newSimulations/KerrLow/ipole/n_-1_res_160/image_torus.out0.04694.h5
   assuming source M87: ra 12.514 hr: dec 12.391 deg
Loading hdf5 image:  /project/u2grc/Nikola/newSimulations/KerrLow/ipole/n_-1_res_160/image_torus.out0.04695.h5
   assuming source M87: ra 12.514 hr: dec 12.391 deg
Loading hdf5 image:  /project/u2grc/Nikola/newSimulations/KerrLow/ipole/n_-1_res_160/image_torus.out0.04696.h5
   assuming source M87: ra 12.514 hr: dec 12.391 deg
Loading hdf5 image:  /project/u2grc/Nikola/newSimulations/KerrLow/ipole/n_-1_res_160/image_torus.out0.04697.h5
   assuming source M87: ra 12.514 hr: dec 12.391 deg
Loading hdf5 image:  /project/u2grc/Nikola/newSimulations/KerrLow/ipole/n_-1_res_160/image_torus.out0.04698.h5
   assuming source M87: ra 12.514 hr: dec 12.391 deg
Loading hdf5 image:  /project/u2grc/Nikola/newSimulations/KerrLow/ipole/n_-1_res_160/image_torus.out0.04699.h5
   assuming source M87: ra 12.514 hr: dec 12.391 deg
Loading hdf5 image:  /project/u2grc/Nikola/newSimulations/KerrLow/ipole/n_-1_res_160/image_torus.out0.04700.h5
   assuming source M87: ra 12.514 hr: dec 12.391 deg
Loading hdf5 image:  /project/u2grc/Nikola/newSimulations/KerrLow/ipole/n_-1_res_160/image_torus.out0.04701.h5
   assuming source M87: ra 12.514 hr: dec 12.391 deg
Loading hdf5 image:  /project/u2grc/Nikola/newSimulations/KerrLow/ipole/n_-1_res_160/image_torus.out0.04702.h5
   assuming source M87: ra 12.514 hr: dec 12.391 deg
Loading hdf5 image:  /project/u2grc/Nikola/newSimulations/KerrLow/ipole/n_-1_res_160/image_torus.out0.04703.h5
   assuming source M87: ra 12.514 hr: dec 12.391 deg
Loading hdf5 image:  /project/u2grc/Nikola/newSimulations/KerrLow/ipole/n_-1_res_160/image_torus.out0.04704.h5
   assuming source M87: ra 12.514 hr: dec 12.391 deg
Loading hdf5 image:  /project/u2grc/Nikola/newSimulations/KerrLow/ipole/n_-1_res_160/image_torus.out0.04705.h5
   assuming source M87: ra 12.514 hr: dec 12.391 deg
Loading hdf5 image:  /project/u2grc/Nikola/newSimulations/KerrLow/ipole/n_-1_res_160/image_torus.out0.04706.h5
   assuming source M87: ra 12.514 hr: dec 12.391 deg
Loading hdf5 image:  /project/u2grc/Nikola/newSimulations/KerrLow/ipole/n_-1_res_160/image_torus.out0.04707.h5
   assuming source M87: ra 12.514 hr: dec 12.391 deg
Loading hdf5 image:  /project/u2grc/Nikola/newSimulations/KerrLow/ipole/n_-1_res_160/image_torus.out0.04708.h5
   assuming source M87: ra 12.514 hr: dec 12.391 deg
Loading hdf5 image:  /project/u2grc/Nikola/newSimulations/KerrLow/ipole/n_-1_res_160/image_torus.out0.04709.h5
   assuming source M87: ra 12.514 hr: dec 12.391 deg
Loading hdf5 image:  /project/u2grc/Nikola/newSimulations/KerrLow/ipole/n_-1_res_160/image_torus.out0.04710.h5
   assuming source M87: ra 12.514 hr: dec 12.391 deg
Loading hdf5 image:  /project/u2grc/Nikola/newSimulations/KerrLow/ipole/n_-1_res_160/image_torus.out0.04711.h5
   assuming source M87: ra 12.514 hr: dec 12.391 deg
Loading hdf5 image:  /project/u2grc/Nikola/newSimulations/KerrLow/ipole/n_-1_res_160/image_torus.out0.04712.h5
   assuming source M87: ra 12.514 hr: dec 12.391 deg
Loading hdf5 image:  /project/u2grc/Nikola/newSimulations/KerrLow/ipole/n_-1_res_160/image_torus.out0.04713.h5
   assuming source M87: ra 12.514 hr: dec 12.391 deg
Loading hdf5 image:  /project/u2grc/Nikola/newSimulations/KerrLow/ipole/n_-1_res_160/image_torus.out0.04714.h5
   assuming source M87: ra 12.514 hr: dec 12.391 deg
Loading hdf5 image:  /project/u2grc/Nikola/newSimulations/KerrLow/ipole/n_-1_res_160/image_torus.out0.04715.h5
   assuming source M87: ra 12.514 hr: dec 12.391 deg
Loading hdf5 image:  /project/u2grc/Nikola/newSimulations/KerrLow/ipole/n_-1_res_160/image_torus.out0.04716.h5
   assuming source M87: ra 12.514 hr: dec 12.391 deg
Loading hdf5 image:  /project/u2grc/Nikola/newSimulations/KerrLow/ipole/n_-1_res_160/image_torus.out0.04717.h5
   assuming source M87: ra 12.514 hr: dec 12.391 deg
Loading hdf5 image:  /project/u2grc/Nikola/newSimulations/KerrLow/ipole/n_-1_res_160/image_torus.out0.04718.h5
   assuming source M87: ra 12.514 hr: dec 12.391 deg
Loading hdf5 image:  /project/u2grc/Nikola/newSimulations/KerrLow/ipole/n_-1_res_160/image_torus.out0.04719.h5
   assuming source M87: ra 12.514 hr: dec 12.391 deg
Loading hdf5 image:  /project/u2grc/Nikola/newSimulations/KerrLow/ipole/n_-1_res_160/image_torus.out0.04720.h5
   assuming source M87: ra 12.514 hr: dec 12.391 deg
Loading hdf5 image:  /project/u2grc/Nikola/newSimulations/KerrLow/ipole/n_-1_res_160/image_torus.out0.04721.h5
   assuming source M87: ra 12.514 hr: dec 12.391 deg
Loading hdf5 image:  /project/u2grc/Nikola/newSimulations/KerrLow/ipole/n_-1_res_160/image_torus.out0.04722.h5
   assuming source M87: ra 12.514 hr: dec 12.391 deg
Loading hdf5 image:  /project/u2grc/Nikola/newSimulations/KerrLow/ipole/n_-1_res_160/image_torus.out0.04723.h5
   assuming source M87: ra 12.514 hr: dec 12.391 deg
Loading hdf5 image:  /project/u2grc/Nikola/newSimulations/KerrLow/ipole/n_-1_res_160/image_torus.out0.04724.h5
   assuming source M87: ra 12.514 hr: dec 12.391 deg
Loading hdf5 image:  /project/u2grc/Nikola/newSimulations/KerrLow/ipole/n_-1_res_160/image_torus.out0.04725.h5
   assuming source M87: ra 12.514 hr: dec 12.391 deg
Loading hdf5 image:  /project/u2grc/Nikola/newSimulations/KerrLow/ipole/n_-1_res_160/image_torus.out0.04726.h5
   assuming source M87: ra 12.514 hr: dec 12.391 deg
Loading hdf5 image:  /project/u2grc/Nikola/newSimulations/KerrLow/ipole/n_-1_res_160/image_torus.out0.04727.h5
   assuming source M87: ra 12.514 hr: dec 12.391 deg
Loading hdf5 image:  /project/u2grc/Nikola/newSimulations/KerrLow/ipole/n_-1_res_160/image_torus.out0.04728.h5
   assuming source M87: ra 12.514 hr: dec 12.391 deg
Loading hdf5 image:  /project/u2grc/Nikola/newSimulations/KerrLow/ipole/n_-1_res_160/image_torus.out0.04729.h5
   assuming source M87: ra 12.514 hr: dec 12.391 deg
Loading hdf5 image:  /project/u2grc/Nikola/newSimulations/KerrLow/ipole/n_-1_res_160/image_torus.out0.04730.h5
   assuming source M87: ra 12.514 hr: dec 12.391 deg
Loading hdf5 image:  /project/u2grc/Nikola/newSimulations/KerrLow/ipole/n_-1_res_160/image_torus.out0.04731.h5
   assuming source M87: ra 12.514 hr: dec 12.391 deg
Loading hdf5 image:  /project/u2grc/Nikola/newSimulations/KerrLow/ipole/n_-1_res_160/image_torus.out0.04732.h5
   assuming source M87: ra 12.514 hr: dec 12.391 deg
Loading hdf5 image:  /project/u2grc/Nikola/newSimulations/KerrLow/ipole/n_-1_res_160/image_torus.out0.04733.h5
   assuming source M87: ra 12.514 hr: dec 12.391 deg
Loading hdf5 image:  /project/u2grc/Nikola/newSimulations/KerrLow/ipole/n_-1_res_160/image_torus.out0.04734.h5
   assuming source M87: ra 12.514 hr: dec 12.391 deg
Loading hdf5 image:  /project/u2grc/Nikola/newSimulations/KerrLow/ipole/n_-1_res_160/image_torus.out0.04735.h5
   assuming source M87: ra 12.514 hr: dec 12.391 deg
Loading hdf5 image:  /project/u2grc/Nikola/newSimulations/KerrLow/ipole/n_-1_res_160/image_torus.out0.04736.h5
   assuming source M87: ra 12.514 hr: dec 12.391 deg
Loading hdf5 image:  /project/u2grc/Nikola/newSimulations/KerrLow/ipole/n_-1_res_160/image_torus.out0.04737.h5
   assuming source M87: ra 12.514 hr: dec 12.391 deg
Loading hdf5 image:  /project/u2grc/Nikola/newSimulations/KerrLow/ipole/n_-1_res_160/image_torus.out0.04738.h5
   assuming source M87: ra 12.514 hr: dec 12.391 deg
Loading hdf5 image:  /project/u2grc/Nikola/newSimulations/KerrLow/ipole/n_-1_res_160/image_torus.out0.04739.h5
   assuming source M87: ra 12.514 hr: dec 12.391 deg
Loading hdf5 image:  /project/u2grc/Nikola/newSimulations/KerrLow/ipole/n_-1_res_160/image_torus.out0.04740.h5
   assuming source M87: ra 12.514 hr: dec 12.391 deg
Loading hdf5 image:  /project/u2grc/Nikola/newSimulations/KerrLow/ipole/n_-1_res_160/image_torus.out0.04741.h5
   assuming source M87: ra 12.514 hr: dec 12.391 deg
Loading hdf5 image:  /project/u2grc/Nikola/newSimulations/KerrLow/ipole/n_-1_res_160/image_torus.out0.04742.h5
   assuming source M87: ra 12.514 hr: dec 12.391 deg
Loading hdf5 image:  /project/u2grc/Nikola/newSimulations/KerrLow/ipole/n_-1_res_160/image_torus.out0.04743.h5
   assuming source M87: ra 12.514 hr: dec 12.391 deg
Loading hdf5 image:  /project/u2grc/Nikola/newSimulations/KerrLow/ipole/n_-1_res_160/image_torus.out0.04744.h5
   assuming source M87: ra 12.514 hr: dec 12.391 deg
Loading hdf5 image:  /project/u2grc/Nikola/newSimulations/KerrLow/ipole/n_-1_res_160/image_torus.out0.04745.h5
   assuming source M87: ra 12.514 hr: dec 12.391 deg
Loading hdf5 image:  /project/u2grc/Nikola/newSimulations/KerrLow/ipole/n_-1_res_160/image_torus.out0.04746.h5
   assuming source M87: ra 12.514 hr: dec 12.391 deg
Loading hdf5 image:  /project/u2grc/Nikola/newSimulations/KerrLow/ipole/n_-1_res_160/image_torus.out0.04747.h5
   assuming source M87: ra 12.514 hr: dec 12.391 deg
Loading hdf5 image:  /project/u2grc/Nikola/newSimulations/KerrLow/ipole/n_-1_res_160/image_torus.out0.04748.h5
   assuming source M87: ra 12.514 hr: dec 12.391 deg
Loading hdf5 image:  /project/u2grc/Nikola/newSimulations/KerrLow/ipole/n_-1_res_160/image_torus.out0.04749.h5
   assuming source M87: ra 12.514 hr: dec 12.391 deg
Loading hdf5 image:  /project/u2grc/Nikola/newSimulations/KerrLow/ipole/n_-1_res_160/image_torus.out0.04750.h5
   assuming source M87: ra 12.514 hr: dec 12.391 deg
Loading hdf5 image:  /project/u2grc/Nikola/newSimulations/KerrLow/ipole/n_-1_res_160/image_torus.out0.04751.h5
   assuming source M87: ra 12.514 hr: dec 12.391 deg
Loading hdf5 image:  /project/u2grc/Nikola/newSimulations/KerrLow/ipole/n_-1_res_160/image_torus.out0.04752.h5
   assuming source M87: ra 12.514 hr: dec 12.391 deg
Loading hdf5 image:  /project/u2grc/Nikola/newSimulations/KerrLow/ipole/n_-1_res_160/image_torus.out0.04753.h5
   assuming source M87: ra 12.514 hr: dec 12.391 deg
Loading hdf5 image:  /project/u2grc/Nikola/newSimulations/KerrLow/ipole/n_-1_res_160/image_torus.out0.04754.h5
   assuming source M87: ra 12.514 hr: dec 12.391 deg
Loading hdf5 image:  /project/u2grc/Nikola/newSimulations/KerrLow/ipole/n_-1_res_160/image_torus.out0.04755.h5
   assuming source M87: ra 12.514 hr: dec 12.391 deg
Loading hdf5 image:  /project/u2grc/Nikola/newSimulations/KerrLow/ipole/n_-1_res_160/image_torus.out0.04756.h5
   assuming source M87: ra 12.514 hr: dec 12.391 deg
Loading hdf5 image:  /project/u2grc/Nikola/newSimulations/KerrLow/ipole/n_-1_res_160/image_torus.out0.04757.h5
   assuming source M87: ra 12.514 hr: dec 12.391 deg
Loading hdf5 image:  /project/u2grc/Nikola/newSimulations/KerrLow/ipole/n_-1_res_160/image_torus.out0.04758.h5
   assuming source M87: ra 12.514 hr: dec 12.391 deg
Loading hdf5 image:  /project/u2grc/Nikola/newSimulations/KerrLow/ipole/n_-1_res_160/image_torus.out0.04759.h5
   assuming source M87: ra 12.514 hr: dec 12.391 deg
Loading hdf5 image:  /project/u2grc/Nikola/newSimulations/KerrLow/ipole/n_-1_res_160/image_torus.out0.04760.h5
   assuming source M87: ra 12.514 hr: dec 12.391 deg
Loading hdf5 image:  /project/u2grc/Nikola/newSimulations/KerrLow/ipole/n_-1_res_160/image_torus.out0.04761.h5
   assuming source M87: ra 12.514 hr: dec 12.391 deg
Loading hdf5 image:  /project/u2grc/Nikola/newSimulations/KerrLow/ipole/n_-1_res_160/image_torus.out0.04762.h5
   assuming source M87: ra 12.514 hr: dec 12.391 deg
Loading hdf5 image:  /project/u2grc/Nikola/newSimulations/KerrLow/ipole/n_-1_res_160/image_torus.out0.04763.h5
   assuming source M87: ra 12.514 hr: dec 12.391 deg
Loading hdf5 image:  /project/u2grc/Nikola/newSimulations/KerrLow/ipole/n_-1_res_160/image_torus.out0.04764.h5
   assuming source M87: ra 12.514 hr: dec 12.391 deg
Loading hdf5 image:  /project/u2grc/Nikola/newSimulations/KerrLow/ipole/n_-1_res_160/image_torus.out0.04765.h5
   assuming source M87: ra 12.514 hr: dec 12.391 deg
Loading hdf5 image:  /project/u2grc/Nikola/newSimulations/KerrLow/ipole/n_-1_res_160/image_torus.out0.04766.h5
   assuming source M87: ra 12.514 hr: dec 12.391 deg
Loading hdf5 image:  /project/u2grc/Nikola/newSimulations/KerrLow/ipole/n_-1_res_160/image_torus.out0.04767.h5
   assuming source M87: ra 12.514 hr: dec 12.391 deg
Loading hdf5 image:  /project/u2grc/Nikola/newSimulations/KerrLow/ipole/n_-1_res_160/image_torus.out0.04768.h5
   assuming source M87: ra 12.514 hr: dec 12.391 deg
Loading hdf5 image:  /project/u2grc/Nikola/newSimulations/KerrLow/ipole/n_-1_res_160/image_torus.out0.04769.h5
   assuming source M87: ra 12.514 hr: dec 12.391 deg
Loading hdf5 image:  /project/u2grc/Nikola/newSimulations/KerrLow/ipole/n_-1_res_160/image_torus.out0.04770.h5
   assuming source M87: ra 12.514 hr: dec 12.391 deg
Loading hdf5 image:  /project/u2grc/Nikola/newSimulations/KerrLow/ipole/n_-1_res_160/image_torus.out0.04771.h5
   assuming source M87: ra 12.514 hr: dec 12.391 deg
Loading hdf5 image:  /project/u2grc/Nikola/newSimulations/KerrLow/ipole/n_-1_res_160/image_torus.out0.04772.h5
   assuming source M87: ra 12.514 hr: dec 12.391 deg
Loading hdf5 image:  /project/u2grc/Nikola/newSimulations/KerrLow/ipole/n_-1_res_160/image_torus.out0.04773.h5
   assuming source M87: ra 12.514 hr: dec 12.391 deg
Loading hdf5 image:  /project/u2grc/Nikola/newSimulations/KerrLow/ipole/n_-1_res_160/image_torus.out0.04774.h5
   assuming source M87: ra 12.514 hr: dec 12.391 deg
Loading hdf5 image:  /project/u2grc/Nikola/newSimulations/KerrLow/ipole/n_-1_res_160/image_torus.out0.04775.h5
   assuming source M87: ra 12.514 hr: dec 12.391 deg
Loading hdf5 image:  /project/u2grc/Nikola/newSimulations/KerrLow/ipole/n_-1_res_160/image_torus.out0.04776.h5
   assuming source M87: ra 12.514 hr: dec 12.391 deg
Loading hdf5 image:  /project/u2grc/Nikola/newSimulations/KerrLow/ipole/n_-1_res_160/image_torus.out0.04777.h5
   assuming source M87: ra 12.514 hr: dec 12.391 deg
Loading hdf5 image:  /project/u2grc/Nikola/newSimulations/KerrLow/ipole/n_-1_res_160/image_torus.out0.04778.h5
   assuming source M87: ra 12.514 hr: dec 12.391 deg
Loading hdf5 image:  /project/u2grc/Nikola/newSimulations/KerrLow/ipole/n_-1_res_160/image_torus.out0.04779.h5
   assuming source M87: ra 12.514 hr: dec 12.391 deg
Loading hdf5 image:  /project/u2grc/Nikola/newSimulations/KerrLow/ipole/n_-1_res_160/image_torus.out0.04780.h5
   assuming source M87: ra 12.514 hr: dec 12.391 deg
Loading hdf5 image:  /project/u2grc/Nikola/newSimulations/KerrLow/ipole/n_-1_res_160/image_torus.out0.04781.h5
   assuming source M87: ra 12.514 hr: dec 12.391 deg
Loading hdf5 image:  /project/u2grc/Nikola/newSimulations/KerrLow/ipole/n_-1_res_160/image_torus.out0.04782.h5
   assuming source M87: ra 12.514 hr: dec 12.391 deg
Loading hdf5 image:  /project/u2grc/Nikola/newSimulations/KerrLow/ipole/n_-1_res_160/image_torus.out0.04783.h5
   assuming source M87: ra 12.514 hr: dec 12.391 deg
Loading hdf5 image:  /project/u2grc/Nikola/newSimulations/KerrLow/ipole/n_-1_res_160/image_torus.out0.04784.h5
   assuming source M87: ra 12.514 hr: dec 12.391 deg
Loading hdf5 image:  /project/u2grc/Nikola/newSimulations/KerrLow/ipole/n_-1_res_160/image_torus.out0.04785.h5
   assuming source M87: ra 12.514 hr: dec 12.391 deg
Loading hdf5 image:  /project/u2grc/Nikola/newSimulations/KerrLow/ipole/n_-1_res_160/image_torus.out0.04786.h5
   assuming source M87: ra 12.514 hr: dec 12.391 deg
Loading hdf5 image:  /project/u2grc/Nikola/newSimulations/KerrLow/ipole/n_-1_res_160/image_torus.out0.04787.h5
   assuming source M87: ra 12.514 hr: dec 12.391 deg
Loading hdf5 image:  /project/u2grc/Nikola/newSimulations/KerrLow/ipole/n_-1_res_160/image_torus.out0.04788.h5
   assuming source M87: ra 12.514 hr: dec 12.391 deg
Loading hdf5 image:  /project/u2grc/Nikola/newSimulations/KerrLow/ipole/n_-1_res_160/image_torus.out0.04789.h5
   assuming source M87: ra 12.514 hr: dec 12.391 deg
Loading hdf5 image:  /project/u2grc/Nikola/newSimulations/KerrLow/ipole/n_-1_res_160/image_torus.out0.04790.h5
   assuming source M87: ra 12.514 hr: dec 12.391 deg
Loading hdf5 image:  /project/u2grc/Nikola/newSimulations/KerrLow/ipole/n_-1_res_160/image_torus.out0.04791.h5
   assuming source M87: ra 12.514 hr: dec 12.391 deg
Loading hdf5 image:  /project/u2grc/Nikola/newSimulations/KerrLow/ipole/n_-1_res_160/image_torus.out0.04792.h5
   assuming source M87: ra 12.514 hr: dec 12.391 deg
Loading hdf5 image:  /project/u2grc/Nikola/newSimulations/KerrLow/ipole/n_-1_res_160/image_torus.out0.04793.h5
   assuming source M87: ra 12.514 hr: dec 12.391 deg
Loading hdf5 image:  /project/u2grc/Nikola/newSimulations/KerrLow/ipole/n_-1_res_160/image_torus.out0.04794.h5
   assuming source M87: ra 12.514 hr: dec 12.391 deg
Loading hdf5 image:  /project/u2grc/Nikola/newSimulations/KerrLow/ipole/n_-1_res_160/image_torus.out0.04795.h5
   assuming source M87: ra 12.514 hr: dec 12.391 deg
Loading hdf5 image:  /project/u2grc/Nikola/newSimulations/KerrLow/ipole/n_-1_res_160/image_torus.out0.04796.h5
   assuming source M87: ra 12.514 hr: dec 12.391 deg
Loading hdf5 image:  /project/u2grc/Nikola/newSimulations/KerrLow/ipole/n_-1_res_160/image_torus.out0.04797.h5
   assuming source M87: ra 12.514 hr: dec 12.391 deg
Loading hdf5 image:  /project/u2grc/Nikola/newSimulations/KerrLow/ipole/n_-1_res_160/image_torus.out0.04798.h5
   assuming source M87: ra 12.514 hr: dec 12.391 deg
Loading hdf5 image:  /project/u2grc/Nikola/newSimulations/KerrLow/ipole/n_-1_res_160/image_torus.out0.04799.h5
   assuming source M87: ra 12.514 hr: dec 12.391 deg
Loading hdf5 image:  /project/u2grc/Nikola/newSimulations/KerrLow/ipole/n_-1_res_160/image_torus.out0.04800.h5
   assuming source M87: ra 12.514 hr: dec 12.391 deg
Loading hdf5 image:  /project/u2grc/Nikola/newSimulations/KerrLow/ipole/n_-1_res_160/image_torus.out0.04801.h5
   assuming source M87: ra 12.514 hr: dec 12.391 deg
Loading hdf5 image:  /project/u2grc/Nikola/newSimulations/KerrLow/ipole/n_-1_res_160/image_torus.out0.04802.h5
   assuming source M87: ra 12.514 hr: dec 12.391 deg
Loading hdf5 image:  /project/u2grc/Nikola/newSimulations/KerrLow/ipole/n_-1_res_160/image_torus.out0.04803.h5
   assuming source M87: ra 12.514 hr: dec 12.391 deg
Loading hdf5 image:  /project/u2grc/Nikola/newSimulations/KerrLow/ipole/n_-1_res_160/image_torus.out0.04804.h5
   assuming source M87: ra 12.514 hr: dec 12.391 deg
Loading hdf5 image:  /project/u2grc/Nikola/newSimulations/KerrLow/ipole/n_-1_res_160/image_torus.out0.04805.h5
   assuming source M87: ra 12.514 hr: dec 12.391 deg
Loading hdf5 image:  /project/u2grc/Nikola/newSimulations/KerrLow/ipole/n_-1_res_160/image_torus.out0.04806.h5
   assuming source M87: ra 12.514 hr: dec 12.391 deg
Loading hdf5 image:  /project/u2grc/Nikola/newSimulations/KerrLow/ipole/n_-1_res_160/image_torus.out0.04807.h5
   assuming source M87: ra 12.514 hr: dec 12.391 deg
Loading hdf5 image:  /project/u2grc/Nikola/newSimulations/KerrLow/ipole/n_-1_res_160/image_torus.out0.04808.h5
   assuming source M87: ra 12.514 hr: dec 12.391 deg
Loading hdf5 image:  /project/u2grc/Nikola/newSimulations/KerrLow/ipole/n_-1_res_160/image_torus.out0.04809.h5
   assuming source M87: ra 12.514 hr: dec 12.391 deg
Loading hdf5 image:  /project/u2grc/Nikola/newSimulations/KerrLow/ipole/n_-1_res_160/image_torus.out0.04810.h5
   assuming source M87: ra 12.514 hr: dec 12.391 deg
Loading hdf5 image:  /project/u2grc/Nikola/newSimulations/KerrLow/ipole/n_-1_res_160/image_torus.out0.04811.h5
   assuming source M87: ra 12.514 hr: dec 12.391 deg
Loading hdf5 image:  /project/u2grc/Nikola/newSimulations/KerrLow/ipole/n_-1_res_160/image_torus.out0.04812.h5
   assuming source M87: ra 12.514 hr: dec 12.391 deg
Loading hdf5 image:  /project/u2grc/Nikola/newSimulations/KerrLow/ipole/n_-1_res_160/image_torus.out0.04813.h5
   assuming source M87: ra 12.514 hr: dec 12.391 deg
Loading hdf5 image:  /project/u2grc/Nikola/newSimulations/KerrLow/ipole/n_-1_res_160/image_torus.out0.04814.h5
   assuming source M87: ra 12.514 hr: dec 12.391 deg
Loading hdf5 image:  /project/u2grc/Nikola/newSimulations/KerrLow/ipole/n_-1_res_160/image_torus.out0.04815.h5
   assuming source M87: ra 12.514 hr: dec 12.391 deg
Loading hdf5 image:  /project/u2grc/Nikola/newSimulations/KerrLow/ipole/n_-1_res_160/image_torus.out0.04816.h5
   assuming source M87: ra 12.514 hr: dec 12.391 deg
Loading hdf5 image:  /project/u2grc/Nikola/newSimulations/KerrLow/ipole/n_-1_res_160/image_torus.out0.04817.h5
   assuming source M87: ra 12.514 hr: dec 12.391 deg
Loading hdf5 image:  /project/u2grc/Nikola/newSimulations/KerrLow/ipole/n_-1_res_160/image_torus.out0.04818.h5
   assuming source M87: ra 12.514 hr: dec 12.391 deg
Loading hdf5 image:  /project/u2grc/Nikola/newSimulations/KerrLow/ipole/n_-1_res_160/image_torus.out0.04819.h5
   assuming source M87: ra 12.514 hr: dec 12.391 deg
Loading hdf5 image:  /project/u2grc/Nikola/newSimulations/KerrLow/ipole/n_-1_res_160/image_torus.out0.04820.h5
   assuming source M87: ra 12.514 hr: dec 12.391 deg
Loading hdf5 image:  /project/u2grc/Nikola/newSimulations/KerrLow/ipole/n_-1_res_160/image_torus.out0.04821.h5
   assuming source M87: ra 12.514 hr: dec 12.391 deg
Loading hdf5 image:  /project/u2grc/Nikola/newSimulations/KerrLow/ipole/n_-1_res_160/image_torus.out0.04822.h5
   assuming source M87: ra 12.514 hr: dec 12.391 deg
Loading hdf5 image:  /project/u2grc/Nikola/newSimulations/KerrLow/ipole/n_-1_res_160/image_torus.out0.04823.h5
   assuming source M87: ra 12.514 hr: dec 12.391 deg
Loading hdf5 image:  /project/u2grc/Nikola/newSimulations/KerrLow/ipole/n_-1_res_160/image_torus.out0.04824.h5
   assuming source M87: ra 12.514 hr: dec 12.391 deg
Loading hdf5 image:  /project/u2grc/Nikola/newSimulations/KerrLow/ipole/n_-1_res_160/image_torus.out0.04825.h5
   assuming source M87: ra 12.514 hr: dec 12.391 deg
Loading hdf5 image:  /project/u2grc/Nikola/newSimulations/KerrLow/ipole/n_-1_res_160/image_torus.out0.04826.h5
   assuming source M87: ra 12.514 hr: dec 12.391 deg
Loading hdf5 image:  /project/u2grc/Nikola/newSimulations/KerrLow/ipole/n_-1_res_160/image_torus.out0.04827.h5
   assuming source M87: ra 12.514 hr: dec 12.391 deg
Loading hdf5 image:  /project/u2grc/Nikola/newSimulations/KerrLow/ipole/n_-1_res_160/image_torus.out0.04828.h5
   assuming source M87: ra 12.514 hr: dec 12.391 deg
Loading hdf5 image:  /project/u2grc/Nikola/newSimulations/KerrLow/ipole/n_-1_res_160/image_torus.out0.04829.h5
   assuming source M87: ra 12.514 hr: dec 12.391 deg
Loading hdf5 image:  /project/u2grc/Nikola/newSimulations/KerrLow/ipole/n_-1_res_160/image_torus.out0.04830.h5
   assuming source M87: ra 12.514 hr: dec 12.391 deg
Loading hdf5 image:  /project/u2grc/Nikola/newSimulations/KerrLow/ipole/n_-1_res_160/image_torus.out0.04831.h5
   assuming source M87: ra 12.514 hr: dec 12.391 deg
Loading hdf5 image:  /project/u2grc/Nikola/newSimulations/KerrLow/ipole/n_-1_res_160/image_torus.out0.04832.h5
   assuming source M87: ra 12.514 hr: dec 12.391 deg
Loading hdf5 image:  /project/u2grc/Nikola/newSimulations/KerrLow/ipole/n_-1_res_160/image_torus.out0.04833.h5
   assuming source M87: ra 12.514 hr: dec 12.391 deg
Loading hdf5 image:  /project/u2grc/Nikola/newSimulations/KerrLow/ipole/n_-1_res_160/image_torus.out0.04834.h5
   assuming source M87: ra 12.514 hr: dec 12.391 deg
Loading hdf5 image:  /project/u2grc/Nikola/newSimulations/KerrLow/ipole/n_-1_res_160/image_torus.out0.04835.h5
   assuming source M87: ra 12.514 hr: dec 12.391 deg
Loading hdf5 image:  /project/u2grc/Nikola/newSimulations/KerrLow/ipole/n_-1_res_160/image_torus.out0.04836.h5
   assuming source M87: ra 12.514 hr: dec 12.391 deg
Loading hdf5 image:  /project/u2grc/Nikola/newSimulations/KerrLow/ipole/n_-1_res_160/image_torus.out0.04837.h5
   assuming source M87: ra 12.514 hr: dec 12.391 deg
Loading hdf5 image:  /project/u2grc/Nikola/newSimulations/KerrLow/ipole/n_-1_res_160/image_torus.out0.04838.h5
   assuming source M87: ra 12.514 hr: dec 12.391 deg
Loading hdf5 image:  /project/u2grc/Nikola/newSimulations/KerrLow/ipole/n_-1_res_160/image_torus.out0.04839.h5
   assuming source M87: ra 12.514 hr: dec 12.391 deg
Loading hdf5 image:  /project/u2grc/Nikola/newSimulations/KerrLow/ipole/n_-1_res_160/image_torus.out0.04840.h5
   assuming source M87: ra 12.514 hr: dec 12.391 deg
Loading hdf5 image:  /project/u2grc/Nikola/newSimulations/KerrLow/ipole/n_-1_res_160/image_torus.out0.04841.h5
   assuming source M87: ra 12.514 hr: dec 12.391 deg
Loading hdf5 image:  /project/u2grc/Nikola/newSimulations/KerrLow/ipole/n_-1_res_160/image_torus.out0.04842.h5
   assuming source M87: ra 12.514 hr: dec 12.391 deg
Loading hdf5 image:  /project/u2grc/Nikola/newSimulations/KerrLow/ipole/n_-1_res_160/image_torus.out0.04843.h5
   assuming source M87: ra 12.514 hr: dec 12.391 deg
Loading hdf5 image:  /project/u2grc/Nikola/newSimulations/KerrLow/ipole/n_-1_res_160/image_torus.out0.04844.h5
   assuming source M87: ra 12.514 hr: dec 12.391 deg
Loading hdf5 image:  /project/u2grc/Nikola/newSimulations/KerrLow/ipole/n_-1_res_160/image_torus.out0.04845.h5
   assuming source M87: ra 12.514 hr: dec 12.391 deg
Loading hdf5 image:  /project/u2grc/Nikola/newSimulations/KerrLow/ipole/n_-1_res_160/image_torus.out0.04846.h5
   assuming source M87: ra 12.514 hr: dec 12.391 deg
Loading hdf5 image:  /project/u2grc/Nikola/newSimulations/KerrLow/ipole/n_-1_res_160/image_torus.out0.04847.h5
   assuming source M87: ra 12.514 hr: dec 12.391 deg
Loading hdf5 image:  /project/u2grc/Nikola/newSimulations/KerrLow/ipole/n_-1_res_160/image_torus.out0.04848.h5
   assuming source M87: ra 12.514 hr: dec 12.391 deg
Loading hdf5 image:  /project/u2grc/Nikola/newSimulations/KerrLow/ipole/n_-1_res_160/image_torus.out0.04849.h5
   assuming source M87: ra 12.514 hr: dec 12.391 deg
Loading hdf5 image:  /project/u2grc/Nikola/newSimulations/KerrLow/ipole/n_-1_res_160/image_torus.out0.04850.h5
   assuming source M87: ra 12.514 hr: dec 12.391 deg
Loading hdf5 image:  /project/u2grc/Nikola/newSimulations/KerrLow/ipole/n_-1_res_160/image_torus.out0.04851.h5
   assuming source M87: ra 12.514 hr: dec 12.391 deg
Loading hdf5 image:  /project/u2grc/Nikola/newSimulations/KerrLow/ipole/n_-1_res_160/image_torus.out0.04852.h5
   assuming source M87: ra 12.514 hr: dec 12.391 deg
Loading hdf5 image:  /project/u2grc/Nikola/newSimulations/KerrLow/ipole/n_-1_res_160/image_torus.out0.04853.h5
   assuming source M87: ra 12.514 hr: dec 12.391 deg
Loading hdf5 image:  /project/u2grc/Nikola/newSimulations/KerrLow/ipole/n_-1_res_160/image_torus.out0.04854.h5
   assuming source M87: ra 12.514 hr: dec 12.391 deg
Loading hdf5 image:  /project/u2grc/Nikola/newSimulations/KerrLow/ipole/n_-1_res_160/image_torus.out0.04855.h5
   assuming source M87: ra 12.514 hr: dec 12.391 deg
Loading hdf5 image:  /project/u2grc/Nikola/newSimulations/KerrLow/ipole/n_-1_res_160/image_torus.out0.04856.h5
   assuming source M87: ra 12.514 hr: dec 12.391 deg
Loading hdf5 image:  /project/u2grc/Nikola/newSimulations/KerrLow/ipole/n_-1_res_160/image_torus.out0.04857.h5
   assuming source M87: ra 12.514 hr: dec 12.391 deg
Loading hdf5 image:  /project/u2grc/Nikola/newSimulations/KerrLow/ipole/n_-1_res_160/image_torus.out0.04858.h5
   assuming source M87: ra 12.514 hr: dec 12.391 deg
Loading hdf5 image:  /project/u2grc/Nikola/newSimulations/KerrLow/ipole/n_-1_res_160/image_torus.out0.04859.h5
   assuming source M87: ra 12.514 hr: dec 12.391 deg
Loading hdf5 image:  /project/u2grc/Nikola/newSimulations/KerrLow/ipole/n_-1_res_160/image_torus.out0.04860.h5
   assuming source M87: ra 12.514 hr: dec 12.391 deg
Loading hdf5 image:  /project/u2grc/Nikola/newSimulations/KerrLow/ipole/n_-1_res_160/image_torus.out0.04861.h5
   assuming source M87: ra 12.514 hr: dec 12.391 deg
Loading hdf5 image:  /project/u2grc/Nikola/newSimulations/KerrLow/ipole/n_-1_res_160/image_torus.out0.04862.h5
   assuming source M87: ra 12.514 hr: dec 12.391 deg
Loading hdf5 image:  /project/u2grc/Nikola/newSimulations/KerrLow/ipole/n_-1_res_160/image_torus.out0.04863.h5
   assuming source M87: ra 12.514 hr: dec 12.391 deg
Loading hdf5 image:  /project/u2grc/Nikola/newSimulations/KerrLow/ipole/n_-1_res_160/image_torus.out0.04864.h5
   assuming source M87: ra 12.514 hr: dec 12.391 deg
Loading hdf5 image:  /project/u2grc/Nikola/newSimulations/KerrLow/ipole/n_-1_res_160/image_torus.out0.04865.h5
   assuming source M87: ra 12.514 hr: dec 12.391 deg
Loading hdf5 image:  /project/u2grc/Nikola/newSimulations/KerrLow/ipole/n_-1_res_160/image_torus.out0.04866.h5
   assuming source M87: ra 12.514 hr: dec 12.391 deg
Loading hdf5 image:  /project/u2grc/Nikola/newSimulations/KerrLow/ipole/n_-1_res_160/image_torus.out0.04867.h5
   assuming source M87: ra 12.514 hr: dec 12.391 deg
Loading hdf5 image:  /project/u2grc/Nikola/newSimulations/KerrLow/ipole/n_-1_res_160/image_torus.out0.04868.h5
   assuming source M87: ra 12.514 hr: dec 12.391 deg
Loading hdf5 image:  /project/u2grc/Nikola/newSimulations/KerrLow/ipole/n_-1_res_160/image_torus.out0.04869.h5
   assuming source M87: ra 12.514 hr: dec 12.391 deg
Loading hdf5 image:  /project/u2grc/Nikola/newSimulations/KerrLow/ipole/n_-1_res_160/image_torus.out0.04870.h5
   assuming source M87: ra 12.514 hr: dec 12.391 deg
Loading hdf5 image:  /project/u2grc/Nikola/newSimulations/KerrLow/ipole/n_-1_res_160/image_torus.out0.04871.h5
   assuming source M87: ra 12.514 hr: dec 12.391 deg
Loading hdf5 image:  /project/u2grc/Nikola/newSimulations/KerrLow/ipole/n_-1_res_160/image_torus.out0.04872.h5
   assuming source M87: ra 12.514 hr: dec 12.391 deg
Loading hdf5 image:  /project/u2grc/Nikola/newSimulations/KerrLow/ipole/n_-1_res_160/image_torus.out0.04873.h5
   assuming source M87: ra 12.514 hr: dec 12.391 deg
Loading hdf5 image:  /project/u2grc/Nikola/newSimulations/KerrLow/ipole/n_-1_res_160/image_torus.out0.04874.h5
   assuming source M87: ra 12.514 hr: dec 12.391 deg
Loading hdf5 image:  /project/u2grc/Nikola/newSimulations/KerrLow/ipole/n_-1_res_160/image_torus.out0.04875.h5
   assuming source M87: ra 12.514 hr: dec 12.391 deg
Loading hdf5 image:  /project/u2grc/Nikola/newSimulations/KerrLow/ipole/n_-1_res_160/image_torus.out0.04876.h5
   assuming source M87: ra 12.514 hr: dec 12.391 deg
Loading hdf5 image:  /project/u2grc/Nikola/newSimulations/KerrLow/ipole/n_-1_res_160/image_torus.out0.04877.h5
   assuming source M87: ra 12.514 hr: dec 12.391 deg
Loading hdf5 image:  /project/u2grc/Nikola/newSimulations/KerrLow/ipole/n_-1_res_160/image_torus.out0.04878.h5
   assuming source M87: ra 12.514 hr: dec 12.391 deg
Loading hdf5 image:  /project/u2grc/Nikola/newSimulations/KerrLow/ipole/n_-1_res_160/image_torus.out0.04879.h5
   assuming source M87: ra 12.514 hr: dec 12.391 deg
Loading hdf5 image:  /project/u2grc/Nikola/newSimulations/KerrLow/ipole/n_-1_res_160/image_torus.out0.04880.h5
   assuming source M87: ra 12.514 hr: dec 12.391 deg
Loading hdf5 image:  /project/u2grc/Nikola/newSimulations/KerrLow/ipole/n_-1_res_160/image_torus.out0.04881.h5
   assuming source M87: ra 12.514 hr: dec 12.391 deg
Loading hdf5 image:  /project/u2grc/Nikola/newSimulations/KerrLow/ipole/n_-1_res_160/image_torus.out0.04882.h5
   assuming source M87: ra 12.514 hr: dec 12.391 deg
Loading hdf5 image:  /project/u2grc/Nikola/newSimulations/KerrLow/ipole/n_-1_res_160/image_torus.out0.04883.h5
   assuming source M87: ra 12.514 hr: dec 12.391 deg
Loading hdf5 image:  /project/u2grc/Nikola/newSimulations/KerrLow/ipole/n_-1_res_160/image_torus.out0.04884.h5
   assuming source M87: ra 12.514 hr: dec 12.391 deg
Loading hdf5 image:  /project/u2grc/Nikola/newSimulations/KerrLow/ipole/n_-1_res_160/image_torus.out0.04885.h5
   assuming source M87: ra 12.514 hr: dec 12.391 deg
Loading hdf5 image:  /project/u2grc/Nikola/newSimulations/KerrLow/ipole/n_-1_res_160/image_torus.out0.04886.h5
   assuming source M87: ra 12.514 hr: dec 12.391 deg
Loading hdf5 image:  /project/u2grc/Nikola/newSimulations/KerrLow/ipole/n_-1_res_160/image_torus.out0.04887.h5
   assuming source M87: ra 12.514 hr: dec 12.391 deg
Loading hdf5 image:  /project/u2grc/Nikola/newSimulations/KerrLow/ipole/n_-1_res_160/image_torus.out0.04888.h5
   assuming source M87: ra 12.514 hr: dec 12.391 deg
Loading hdf5 image:  /project/u2grc/Nikola/newSimulations/KerrLow/ipole/n_-1_res_160/image_torus.out0.04889.h5
   assuming source M87: ra 12.514 hr: dec 12.391 deg
Loading hdf5 image:  /project/u2grc/Nikola/newSimulations/KerrLow/ipole/n_-1_res_160/image_torus.out0.04890.h5
   assuming source M87: ra 12.514 hr: dec 12.391 deg
Loading hdf5 image:  /project/u2grc/Nikola/newSimulations/KerrLow/ipole/n_-1_res_160/image_torus.out0.04891.h5
   assuming source M87: ra 12.514 hr: dec 12.391 deg
Loading hdf5 image:  /project/u2grc/Nikola/newSimulations/KerrLow/ipole/n_-1_res_160/image_torus.out0.04892.h5
   assuming source M87: ra 12.514 hr: dec 12.391 deg
Loading hdf5 image:  /project/u2grc/Nikola/newSimulations/KerrLow/ipole/n_-1_res_160/image_torus.out0.04893.h5
   assuming source M87: ra 12.514 hr: dec 12.391 deg
Loading hdf5 image:  /project/u2grc/Nikola/newSimulations/KerrLow/ipole/n_-1_res_160/image_torus.out0.04894.h5
   assuming source M87: ra 12.514 hr: dec 12.391 deg
Loading hdf5 image:  /project/u2grc/Nikola/newSimulations/KerrLow/ipole/n_-1_res_160/image_torus.out0.04895.h5
   assuming source M87: ra 12.514 hr: dec 12.391 deg
Loading hdf5 image:  /project/u2grc/Nikola/newSimulations/KerrLow/ipole/n_-1_res_160/image_torus.out0.04896.h5
   assuming source M87: ra 12.514 hr: dec 12.391 deg
Loading hdf5 image:  /project/u2grc/Nikola/newSimulations/KerrLow/ipole/n_-1_res_160/image_torus.out0.04897.h5
   assuming source M87: ra 12.514 hr: dec 12.391 deg
Loading hdf5 image:  /project/u2grc/Nikola/newSimulations/KerrLow/ipole/n_-1_res_160/image_torus.out0.04898.h5
   assuming source M87: ra 12.514 hr: dec 12.391 deg
Loading hdf5 image:  /project/u2grc/Nikola/newSimulations/KerrLow/ipole/n_-1_res_160/image_torus.out0.04899.h5
   assuming source M87: ra 12.514 hr: dec 12.391 deg
Loading hdf5 image:  /project/u2grc/Nikola/newSimulations/KerrLow/ipole/n_-1_res_160/image_torus.out0.04900.h5
   assuming source M87: ra 12.514 hr: dec 12.391 deg
Loading hdf5 image:  /project/u2grc/Nikola/newSimulations/KerrLow/ipole/n_-1_res_160/image_torus.out0.04901.h5
   assuming source M87: ra 12.514 hr: dec 12.391 deg
Loading hdf5 image:  /project/u2grc/Nikola/newSimulations/KerrLow/ipole/n_-1_res_160/image_torus.out0.04902.h5
   assuming source M87: ra 12.514 hr: dec 12.391 deg
Loading hdf5 image:  /project/u2grc/Nikola/newSimulations/KerrLow/ipole/n_-1_res_160/image_torus.out0.04903.h5
   assuming source M87: ra 12.514 hr: dec 12.391 deg
Loading hdf5 image:  /project/u2grc/Nikola/newSimulations/KerrLow/ipole/n_-1_res_160/image_torus.out0.04904.h5
   assuming source M87: ra 12.514 hr: dec 12.391 deg
Loading hdf5 image:  /project/u2grc/Nikola/newSimulations/KerrLow/ipole/n_-1_res_160/image_torus.out0.04905.h5
   assuming source M87: ra 12.514 hr: dec 12.391 deg
Loading hdf5 image:  /project/u2grc/Nikola/newSimulations/KerrLow/ipole/n_-1_res_160/image_torus.out0.04906.h5
   assuming source M87: ra 12.514 hr: dec 12.391 deg
Loading hdf5 image:  /project/u2grc/Nikola/newSimulations/KerrLow/ipole/n_-1_res_160/image_torus.out0.04907.h5
   assuming source M87: ra 12.514 hr: dec 12.391 deg
Loading hdf5 image:  /project/u2grc/Nikola/newSimulations/KerrLow/ipole/n_-1_res_160/image_torus.out0.04908.h5
   assuming source M87: ra 12.514 hr: dec 12.391 deg
Loading hdf5 image:  /project/u2grc/Nikola/newSimulations/KerrLow/ipole/n_-1_res_160/image_torus.out0.04909.h5
   assuming source M87: ra 12.514 hr: dec 12.391 deg
Loading hdf5 image:  /project/u2grc/Nikola/newSimulations/KerrLow/ipole/n_-1_res_160/image_torus.out0.04910.h5
   assuming source M87: ra 12.514 hr: dec 12.391 deg
Loading hdf5 image:  /project/u2grc/Nikola/newSimulations/KerrLow/ipole/n_-1_res_160/image_torus.out0.04911.h5
   assuming source M87: ra 12.514 hr: dec 12.391 deg
Loading hdf5 image:  /project/u2grc/Nikola/newSimulations/KerrLow/ipole/n_-1_res_160/image_torus.out0.04912.h5
   assuming source M87: ra 12.514 hr: dec 12.391 deg
Loading hdf5 image:  /project/u2grc/Nikola/newSimulations/KerrLow/ipole/n_-1_res_160/image_torus.out0.04913.h5
   assuming source M87: ra 12.514 hr: dec 12.391 deg
Loading hdf5 image:  /project/u2grc/Nikola/newSimulations/KerrLow/ipole/n_-1_res_160/image_torus.out0.04914.h5
   assuming source M87: ra 12.514 hr: dec 12.391 deg
Loading hdf5 image:  /project/u2grc/Nikola/newSimulations/KerrLow/ipole/n_-1_res_160/image_torus.out0.04915.h5
   assuming source M87: ra 12.514 hr: dec 12.391 deg
Loading hdf5 image:  /project/u2grc/Nikola/newSimulations/KerrLow/ipole/n_-1_res_160/image_torus.out0.04916.h5
   assuming source M87: ra 12.514 hr: dec 12.391 deg
Loading hdf5 image:  /project/u2grc/Nikola/newSimulations/KerrLow/ipole/n_-1_res_160/image_torus.out0.04917.h5
   assuming source M87: ra 12.514 hr: dec 12.391 deg
Loading hdf5 image:  /project/u2grc/Nikola/newSimulations/KerrLow/ipole/n_-1_res_160/image_torus.out0.04918.h5
   assuming source M87: ra 12.514 hr: dec 12.391 deg
Loading hdf5 image:  /project/u2grc/Nikola/newSimulations/KerrLow/ipole/n_-1_res_160/image_torus.out0.04919.h5
   assuming source M87: ra 12.514 hr: dec 12.391 deg
Loading hdf5 image:  /project/u2grc/Nikola/newSimulations/KerrLow/ipole/n_-1_res_160/image_torus.out0.04920.h5
   assuming source M87: ra 12.514 hr: dec 12.391 deg
Loading hdf5 image:  /project/u2grc/Nikola/newSimulations/KerrLow/ipole/n_-1_res_160/image_torus.out0.04921.h5
   assuming source M87: ra 12.514 hr: dec 12.391 deg
Loading hdf5 image:  /project/u2grc/Nikola/newSimulations/KerrLow/ipole/n_-1_res_160/image_torus.out0.04922.h5
   assuming source M87: ra 12.514 hr: dec 12.391 deg
Loading hdf5 image:  /project/u2grc/Nikola/newSimulations/KerrLow/ipole/n_-1_res_160/image_torus.out0.04923.h5
   assuming source M87: ra 12.514 hr: dec 12.391 deg
Loading hdf5 image:  /project/u2grc/Nikola/newSimulations/KerrLow/ipole/n_-1_res_160/image_torus.out0.04924.h5
   assuming source M87: ra 12.514 hr: dec 12.391 deg
Loading hdf5 image:  /project/u2grc/Nikola/newSimulations/KerrLow/ipole/n_-1_res_160/image_torus.out0.04925.h5
   assuming source M87: ra 12.514 hr: dec 12.391 deg
Loading hdf5 image:  /project/u2grc/Nikola/newSimulations/KerrLow/ipole/n_-1_res_160/image_torus.out0.04926.h5
   assuming source M87: ra 12.514 hr: dec 12.391 deg
Loading hdf5 image:  /project/u2grc/Nikola/newSimulations/KerrLow/ipole/n_-1_res_160/image_torus.out0.04927.h5
   assuming source M87: ra 12.514 hr: dec 12.391 deg
Loading hdf5 image:  /project/u2grc/Nikola/newSimulations/KerrLow/ipole/n_-1_res_160/image_torus.out0.04928.h5
   assuming source M87: ra 12.514 hr: dec 12.391 deg
Loading hdf5 image:  /project/u2grc/Nikola/newSimulations/KerrLow/ipole/n_-1_res_160/image_torus.out0.04929.h5
   assuming source M87: ra 12.514 hr: dec 12.391 deg
Loading hdf5 image:  /project/u2grc/Nikola/newSimulations/KerrLow/ipole/n_-1_res_160/image_torus.out0.04930.h5
   assuming source M87: ra 12.514 hr: dec 12.391 deg
Loading hdf5 image:  /project/u2grc/Nikola/newSimulations/KerrLow/ipole/n_-1_res_160/image_torus.out0.04931.h5
   assuming source M87: ra 12.514 hr: dec 12.391 deg
Loading hdf5 image:  /project/u2grc/Nikola/newSimulations/KerrLow/ipole/n_-1_res_160/image_torus.out0.04932.h5
   assuming source M87: ra 12.514 hr: dec 12.391 deg
Loading hdf5 image:  /project/u2grc/Nikola/newSimulations/KerrLow/ipole/n_-1_res_160/image_torus.out0.04933.h5
   assuming source M87: ra 12.514 hr: dec 12.391 deg
Loading hdf5 image:  /project/u2grc/Nikola/newSimulations/KerrLow/ipole/n_-1_res_160/image_torus.out0.04934.h5
   assuming source M87: ra 12.514 hr: dec 12.391 deg
Loading hdf5 image:  /project/u2grc/Nikola/newSimulations/KerrLow/ipole/n_-1_res_160/image_torus.out0.04935.h5
   assuming source M87: ra 12.514 hr: dec 12.391 deg
Loading hdf5 image:  /project/u2grc/Nikola/newSimulations/KerrLow/ipole/n_-1_res_160/image_torus.out0.04936.h5
   assuming source M87: ra 12.514 hr: dec 12.391 deg
Loading hdf5 image:  /project/u2grc/Nikola/newSimulations/KerrLow/ipole/n_-1_res_160/image_torus.out0.04937.h5
   assuming source M87: ra 12.514 hr: dec 12.391 deg
Loading hdf5 image:  /project/u2grc/Nikola/newSimulations/KerrLow/ipole/n_-1_res_160/image_torus.out0.04938.h5
   assuming source M87: ra 12.514 hr: dec 12.391 deg
Loading hdf5 image:  /project/u2grc/Nikola/newSimulations/KerrLow/ipole/n_-1_res_160/image_torus.out0.04939.h5
   assuming source M87: ra 12.514 hr: dec 12.391 deg
Loading hdf5 image:  /project/u2grc/Nikola/newSimulations/KerrLow/ipole/n_-1_res_160/image_torus.out0.04940.h5
   assuming source M87: ra 12.514 hr: dec 12.391 deg
Loading hdf5 image:  /project/u2grc/Nikola/newSimulations/KerrLow/ipole/n_-1_res_160/image_torus.out0.04941.h5
   assuming source M87: ra 12.514 hr: dec 12.391 deg
Loading hdf5 image:  /project/u2grc/Nikola/newSimulations/KerrLow/ipole/n_-1_res_160/image_torus.out0.04942.h5
   assuming source M87: ra 12.514 hr: dec 12.391 deg
Loading hdf5 image:  /project/u2grc/Nikola/newSimulations/KerrLow/ipole/n_-1_res_160/image_torus.out0.04943.h5
   assuming source M87: ra 12.514 hr: dec 12.391 deg
Loading hdf5 image:  /project/u2grc/Nikola/newSimulations/KerrLow/ipole/n_-1_res_160/image_torus.out0.04944.h5
   assuming source M87: ra 12.514 hr: dec 12.391 deg
Loading hdf5 image:  /project/u2grc/Nikola/newSimulations/KerrLow/ipole/n_-1_res_160/image_torus.out0.04945.h5
   assuming source M87: ra 12.514 hr: dec 12.391 deg
Loading hdf5 image:  /project/u2grc/Nikola/newSimulations/KerrLow/ipole/n_-1_res_160/image_torus.out0.04946.h5
   assuming source M87: ra 12.514 hr: dec 12.391 deg
Loading hdf5 image:  /project/u2grc/Nikola/newSimulations/KerrLow/ipole/n_-1_res_160/image_torus.out0.04947.h5
   assuming source M87: ra 12.514 hr: dec 12.391 deg
Loading hdf5 image:  /project/u2grc/Nikola/newSimulations/KerrLow/ipole/n_-1_res_160/image_torus.out0.04948.h5
   assuming source M87: ra 12.514 hr: dec 12.391 deg
Loading hdf5 image:  /project/u2grc/Nikola/newSimulations/KerrLow/ipole/n_-1_res_160/image_torus.out0.04949.h5
   assuming source M87: ra 12.514 hr: dec 12.391 deg
Loading hdf5 image:  /project/u2grc/Nikola/newSimulations/KerrLow/ipole/n_-1_res_160/image_torus.out0.04950.h5
   assuming source M87: ra 12.514 hr: dec 12.391 deg
Loading hdf5 image:  /project/u2grc/Nikola/newSimulations/KerrLow/ipole/n_-1_res_160/image_torus.out0.04951.h5
   assuming source M87: ra 12.514 hr: dec 12.391 deg
Loading hdf5 image:  /project/u2grc/Nikola/newSimulations/KerrLow/ipole/n_-1_res_160/image_torus.out0.04952.h5
   assuming source M87: ra 12.514 hr: dec 12.391 deg
Loading hdf5 image:  /project/u2grc/Nikola/newSimulations/KerrLow/ipole/n_-1_res_160/image_torus.out0.04953.h5
   assuming source M87: ra 12.514 hr: dec 12.391 deg
Loading hdf5 image:  /project/u2grc/Nikola/newSimulations/KerrLow/ipole/n_-1_res_160/image_torus.out0.04954.h5
   assuming source M87: ra 12.514 hr: dec 12.391 deg
Loading hdf5 image:  /project/u2grc/Nikola/newSimulations/KerrLow/ipole/n_-1_res_160/image_torus.out0.04955.h5
   assuming source M87: ra 12.514 hr: dec 12.391 deg
Loading hdf5 image:  /project/u2grc/Nikola/newSimulations/KerrLow/ipole/n_-1_res_160/image_torus.out0.04956.h5
   assuming source M87: ra 12.514 hr: dec 12.391 deg
Loading hdf5 image:  /project/u2grc/Nikola/newSimulations/KerrLow/ipole/n_-1_res_160/image_torus.out0.04957.h5
   assuming source M87: ra 12.514 hr: dec 12.391 deg
Loading hdf5 image:  /project/u2grc/Nikola/newSimulations/KerrLow/ipole/n_-1_res_160/image_torus.out0.04958.h5
   assuming source M87: ra 12.514 hr: dec 12.391 deg
Loading hdf5 image:  /project/u2grc/Nikola/newSimulations/KerrLow/ipole/n_-1_res_160/image_torus.out0.04959.h5
   assuming source M87: ra 12.514 hr: dec 12.391 deg
Loading hdf5 image:  /project/u2grc/Nikola/newSimulations/KerrLow/ipole/n_-1_res_160/image_torus.out0.04960.h5
   assuming source M87: ra 12.514 hr: dec 12.391 deg
Loading hdf5 image:  /project/u2grc/Nikola/newSimulations/KerrLow/ipole/n_-1_res_160/image_torus.out0.04961.h5
   assuming source M87: ra 12.514 hr: dec 12.391 deg
Loading hdf5 image:  /project/u2grc/Nikola/newSimulations/KerrLow/ipole/n_-1_res_160/image_torus.out0.04962.h5
   assuming source M87: ra 12.514 hr: dec 12.391 deg
Loading hdf5 image:  /project/u2grc/Nikola/newSimulations/KerrLow/ipole/n_-1_res_160/image_torus.out0.04963.h5
   assuming source M87: ra 12.514 hr: dec 12.391 deg
Loading hdf5 image:  /project/u2grc/Nikola/newSimulations/KerrLow/ipole/n_-1_res_160/image_torus.out0.04964.h5
   assuming source M87: ra 12.514 hr: dec 12.391 deg
Loading hdf5 image:  /project/u2grc/Nikola/newSimulations/KerrLow/ipole/n_-1_res_160/image_torus.out0.04965.h5
   assuming source M87: ra 12.514 hr: dec 12.391 deg
Loading hdf5 image:  /project/u2grc/Nikola/newSimulations/KerrLow/ipole/n_-1_res_160/image_torus.out0.04966.h5
   assuming source M87: ra 12.514 hr: dec 12.391 deg
Loading hdf5 image:  /project/u2grc/Nikola/newSimulations/KerrLow/ipole/n_-1_res_160/image_torus.out0.04967.h5
   assuming source M87: ra 12.514 hr: dec 12.391 deg
Loading hdf5 image:  /project/u2grc/Nikola/newSimulations/KerrLow/ipole/n_-1_res_160/image_torus.out0.04968.h5
   assuming source M87: ra 12.514 hr: dec 12.391 deg
Loading hdf5 image:  /project/u2grc/Nikola/newSimulations/KerrLow/ipole/n_-1_res_160/image_torus.out0.04969.h5
   assuming source M87: ra 12.514 hr: dec 12.391 deg
Loading hdf5 image:  /project/u2grc/Nikola/newSimulations/KerrLow/ipole/n_-1_res_160/image_torus.out0.04970.h5
   assuming source M87: ra 12.514 hr: dec 12.391 deg
Loading hdf5 image:  /project/u2grc/Nikola/newSimulations/KerrLow/ipole/n_-1_res_160/image_torus.out0.04971.h5
   assuming source M87: ra 12.514 hr: dec 12.391 deg
Loading hdf5 image:  /project/u2grc/Nikola/newSimulations/KerrLow/ipole/n_-1_res_160/image_torus.out0.04972.h5
   assuming source M87: ra 12.514 hr: dec 12.391 deg
Loading hdf5 image:  /project/u2grc/Nikola/newSimulations/KerrLow/ipole/n_-1_res_160/image_torus.out0.04973.h5
   assuming source M87: ra 12.514 hr: dec 12.391 deg
Loading hdf5 image:  /project/u2grc/Nikola/newSimulations/KerrLow/ipole/n_-1_res_160/image_torus.out0.04974.h5
   assuming source M87: ra 12.514 hr: dec 12.391 deg
Loading hdf5 image:  /project/u2grc/Nikola/newSimulations/KerrLow/ipole/n_-1_res_160/image_torus.out0.04975.h5
   assuming source M87: ra 12.514 hr: dec 12.391 deg
Loading hdf5 image:  /project/u2grc/Nikola/newSimulations/KerrLow/ipole/n_-1_res_160/image_torus.out0.04976.h5
   assuming source M87: ra 12.514 hr: dec 12.391 deg
Loading hdf5 image:  /project/u2grc/Nikola/newSimulations/KerrLow/ipole/n_-1_res_160/image_torus.out0.04977.h5
   assuming source M87: ra 12.514 hr: dec 12.391 deg
Loading hdf5 image:  /project/u2grc/Nikola/newSimulations/KerrLow/ipole/n_-1_res_160/image_torus.out0.04978.h5
   assuming source M87: ra 12.514 hr: dec 12.391 deg
Loading hdf5 image:  /project/u2grc/Nikola/newSimulations/KerrLow/ipole/n_-1_res_160/image_torus.out0.04979.h5
   assuming source M87: ra 12.514 hr: dec 12.391 deg
Loading hdf5 image:  /project/u2grc/Nikola/newSimulations/KerrLow/ipole/n_-1_res_160/image_torus.out0.04980.h5
   assuming source M87: ra 12.514 hr: dec 12.391 deg
Loading hdf5 image:  /project/u2grc/Nikola/newSimulations/KerrLow/ipole/n_-1_res_160/image_torus.out0.04981.h5
   assuming source M87: ra 12.514 hr: dec 12.391 deg
Loading hdf5 image:  /project/u2grc/Nikola/newSimulations/KerrLow/ipole/n_-1_res_160/image_torus.out0.04982.h5
   assuming source M87: ra 12.514 hr: dec 12.391 deg
Loading hdf5 image:  /project/u2grc/Nikola/newSimulations/KerrLow/ipole/n_-1_res_160/image_torus.out0.04983.h5
   assuming source M87: ra 12.514 hr: dec 12.391 deg
Loading hdf5 image:  /project/u2grc/Nikola/newSimulations/KerrLow/ipole/n_-1_res_160/image_torus.out0.04984.h5
   assuming source M87: ra 12.514 hr: dec 12.391 deg
Loading hdf5 image:  /project/u2grc/Nikola/newSimulations/KerrLow/ipole/n_-1_res_160/image_torus.out0.04985.h5
   assuming source M87: ra 12.514 hr: dec 12.391 deg
Loading hdf5 image:  /project/u2grc/Nikola/newSimulations/KerrLow/ipole/n_-1_res_160/image_torus.out0.04986.h5
   assuming source M87: ra 12.514 hr: dec 12.391 deg
Loading hdf5 image:  /project/u2grc/Nikola/newSimulations/KerrLow/ipole/n_-1_res_160/image_torus.out0.04987.h5
   assuming source M87: ra 12.514 hr: dec 12.391 deg
Loading hdf5 image:  /project/u2grc/Nikola/newSimulations/KerrLow/ipole/n_-1_res_160/image_torus.out0.04988.h5
   assuming source M87: ra 12.514 hr: dec 12.391 deg
Loading hdf5 image:  /project/u2grc/Nikola/newSimulations/KerrLow/ipole/n_-1_res_160/image_torus.out0.04989.h5
   assuming source M87: ra 12.514 hr: dec 12.391 deg
Loading hdf5 image:  /project/u2grc/Nikola/newSimulations/KerrLow/ipole/n_-1_res_160/image_torus.out0.04990.h5
   assuming source M87: ra 12.514 hr: dec 12.391 deg
Loading hdf5 image:  /project/u2grc/Nikola/newSimulations/KerrLow/ipole/n_-1_res_160/image_torus.out0.04991.h5
   assuming source M87: ra 12.514 hr: dec 12.391 deg
Loading hdf5 image:  /project/u2grc/Nikola/newSimulations/KerrLow/ipole/n_-1_res_160/image_torus.out0.04992.h5
   assuming source M87: ra 12.514 hr: dec 12.391 deg
Loading hdf5 image:  /project/u2grc/Nikola/newSimulations/KerrLow/ipole/n_-1_res_160/image_torus.out0.04993.h5
   assuming source M87: ra 12.514 hr: dec 12.391 deg
Loading hdf5 image:  /project/u2grc/Nikola/newSimulations/KerrLow/ipole/n_-1_res_160/image_torus.out0.04994.h5
   assuming source M87: ra 12.514 hr: dec 12.391 deg
Loading hdf5 image:  /project/u2grc/Nikola/newSimulations/KerrLow/ipole/n_-1_res_160/image_torus.out0.04995.h5
   assuming source M87: ra 12.514 hr: dec 12.391 deg
Loading hdf5 image:  /project/u2grc/Nikola/newSimulations/KerrLow/ipole/n_-1_res_160/image_torus.out0.04996.h5
   assuming source M87: ra 12.514 hr: dec 12.391 deg
Loading hdf5 image:  /project/u2grc/Nikola/newSimulations/KerrLow/ipole/n_-1_res_160/image_torus.out0.04997.h5
   assuming source M87: ra 12.514 hr: dec 12.391 deg
Loading hdf5 image:  /project/u2grc/Nikola/newSimulations/KerrLow/ipole/n_-1_res_160/image_torus.out0.04998.h5
   assuming source M87: ra 12.514 hr: dec 12.391 deg
Loading hdf5 image:  /project/u2grc/Nikola/newSimulations/KerrLow/ipole/n_-1_res_160/image_torus.out0.04999.h5
   assuming source M87: ra 12.514 hr: dec 12.391 deg
Loading hdf5 image:  /project/u2grc/Nikola/newSimulations/KerrLow/ipole/n_-1_res_160/image_torus.out0.05000.h5
   assuming source M87: ra 12.514 hr: dec 12.391 deg
Loading hdf5 image:  /project/u2grc/Nikola/newSimulations/KerrLow/ipole/n_-1_res_160/image_torus.out0.05001.h5
   assuming source M87: ra 12.514 hr: dec 12.391 deg
Loading hdf5 image:  /project/u2grc/Nikola/newSimulations/KerrLow/ipole/n_-1_res_160/image_torus.out0.05002.h5
   assuming source M87: ra 12.514 hr: dec 12.391 deg
Loading hdf5 image:  /project/u2grc/Nikola/newSimulations/KerrLow/ipole/n_-1_res_160/image_torus.out0.05003.h5
   assuming source M87: ra 12.514 hr: dec 12.391 deg
Loading hdf5 image:  /project/u2grc/Nikola/newSimulations/KerrLow/ipole/n_-1_res_160/image_torus.out0.05004.h5
   assuming source M87: ra 12.514 hr: dec 12.391 deg
Loading hdf5 image:  /project/u2grc/Nikola/newSimulations/KerrLow/ipole/n_-1_res_160/image_torus.out0.05005.h5
   assuming source M87: ra 12.514 hr: dec 12.391 deg
Loading hdf5 image:  /project/u2grc/Nikola/newSimulations/KerrLow/ipole/n_-1_res_160/image_torus.out0.05006.h5
   assuming source M87: ra 12.514 hr: dec 12.391 deg
Loading hdf5 image:  /project/u2grc/Nikola/newSimulations/KerrLow/ipole/n_-1_res_160/image_torus.out0.05007.h5
   assuming source M87: ra 12.514 hr: dec 12.391 deg
Loading hdf5 image:  /project/u2grc/Nikola/newSimulations/KerrLow/ipole/n_-1_res_160/image_torus.out0.05008.h5
   assuming source M87: ra 12.514 hr: dec 12.391 deg
Loading hdf5 image:  /project/u2grc/Nikola/newSimulations/KerrLow/ipole/n_-1_res_160/image_torus.out0.05009.h5
   assuming source M87: ra 12.514 hr: dec 12.391 deg
Loading hdf5 image:  /project/u2grc/Nikola/newSimulations/KerrLow/ipole/n_-1_res_160/image_torus.out0.05010.h5
   assuming source M87: ra 12.514 hr: dec 12.391 deg
Loading hdf5 image:  /project/u2grc/Nikola/newSimulations/KerrLow/ipole/n_-1_res_160/image_torus.out0.05011.h5
   assuming source M87: ra 12.514 hr: dec 12.391 deg
Loading hdf5 image:  /project/u2grc/Nikola/newSimulations/KerrLow/ipole/n_-1_res_160/image_torus.out0.05012.h5
   assuming source M87: ra 12.514 hr: dec 12.391 deg
Loading hdf5 image:  /project/u2grc/Nikola/newSimulations/KerrLow/ipole/n_-1_res_160/image_torus.out0.05013.h5
   assuming source M87: ra 12.514 hr: dec 12.391 deg
Loading hdf5 image:  /project/u2grc/Nikola/newSimulations/KerrLow/ipole/n_-1_res_160/image_torus.out0.05014.h5
   assuming source M87: ra 12.514 hr: dec 12.391 deg
Loading hdf5 image:  /project/u2grc/Nikola/newSimulations/KerrLow/ipole/n_-1_res_160/image_torus.out0.05015.h5
   assuming source M87: ra 12.514 hr: dec 12.391 deg
Loading hdf5 image:  /project/u2grc/Nikola/newSimulations/KerrLow/ipole/n_-1_res_160/image_torus.out0.05016.h5
   assuming source M87: ra 12.514 hr: dec 12.391 deg
Loading hdf5 image:  /project/u2grc/Nikola/newSimulations/KerrLow/ipole/n_-1_res_160/image_torus.out0.05017.h5
   assuming source M87: ra 12.514 hr: dec 12.391 deg
Loading hdf5 image:  /project/u2grc/Nikola/newSimulations/KerrLow/ipole/n_-1_res_160/image_torus.out0.05018.h5
   assuming source M87: ra 12.514 hr: dec 12.391 deg
Loading hdf5 image:  /project/u2grc/Nikola/newSimulations/KerrLow/ipole/n_-1_res_160/image_torus.out0.05019.h5
   assuming source M87: ra 12.514 hr: dec 12.391 deg
Loading hdf5 image:  /project/u2grc/Nikola/newSimulations/KerrLow/ipole/n_-1_res_160/image_torus.out0.05020.h5
   assuming source M87: ra 12.514 hr: dec 12.391 deg
Loading hdf5 image:  /project/u2grc/Nikola/newSimulations/KerrLow/ipole/n_-1_res_160/image_torus.out0.05021.h5
   assuming source M87: ra 12.514 hr: dec 12.391 deg
Loading hdf5 image:  /project/u2grc/Nikola/newSimulations/KerrLow/ipole/n_-1_res_160/image_torus.out0.05022.h5
   assuming source M87: ra 12.514 hr: dec 12.391 deg
Loading hdf5 image:  /project/u2grc/Nikola/newSimulations/KerrLow/ipole/n_-1_res_160/image_torus.out0.05023.h5
   assuming source M87: ra 12.514 hr: dec 12.391 deg
Loading hdf5 image:  /project/u2grc/Nikola/newSimulations/KerrLow/ipole/n_-1_res_160/image_torus.out0.05024.h5
   assuming source M87: ra 12.514 hr: dec 12.391 deg
Loading hdf5 image:  /project/u2grc/Nikola/newSimulations/KerrLow/ipole/n_-1_res_160/image_torus.out0.05025.h5
   assuming source M87: ra 12.514 hr: dec 12.391 deg
Loading hdf5 image:  /project/u2grc/Nikola/newSimulations/KerrLow/ipole/n_-1_res_160/image_torus.out0.05026.h5
   assuming source M87: ra 12.514 hr: dec 12.391 deg
Loading hdf5 image:  /project/u2grc/Nikola/newSimulations/KerrLow/ipole/n_-1_res_160/image_torus.out0.05027.h5
   assuming source M87: ra 12.514 hr: dec 12.391 deg
Loading hdf5 image:  /project/u2grc/Nikola/newSimulations/KerrLow/ipole/n_-1_res_160/image_torus.out0.05028.h5
   assuming source M87: ra 12.514 hr: dec 12.391 deg
Loading hdf5 image:  /project/u2grc/Nikola/newSimulations/KerrLow/ipole/n_-1_res_160/image_torus.out0.05029.h5
   assuming source M87: ra 12.514 hr: dec 12.391 deg
Loading hdf5 image:  /project/u2grc/Nikola/newSimulations/KerrLow/ipole/n_-1_res_160/image_torus.out0.05030.h5
   assuming source M87: ra 12.514 hr: dec 12.391 deg
Loading hdf5 image:  /project/u2grc/Nikola/newSimulations/KerrLow/ipole/n_-1_res_160/image_torus.out0.05031.h5
   assuming source M87: ra 12.514 hr: dec 12.391 deg
Loading hdf5 image:  /project/u2grc/Nikola/newSimulations/KerrLow/ipole/n_-1_res_160/image_torus.out0.05032.h5
   assuming source M87: ra 12.514 hr: dec 12.391 deg
Loading hdf5 image:  /project/u2grc/Nikola/newSimulations/KerrLow/ipole/n_-1_res_160/image_torus.out0.05033.h5
   assuming source M87: ra 12.514 hr: dec 12.391 deg
Loading hdf5 image:  /project/u2grc/Nikola/newSimulations/KerrLow/ipole/n_-1_res_160/image_torus.out0.05034.h5
   assuming source M87: ra 12.514 hr: dec 12.391 deg
Loading hdf5 image:  /project/u2grc/Nikola/newSimulations/KerrLow/ipole/n_-1_res_160/image_torus.out0.05035.h5
   assuming source M87: ra 12.514 hr: dec 12.391 deg
Loading hdf5 image:  /project/u2grc/Nikola/newSimulations/KerrLow/ipole/n_-1_res_160/image_torus.out0.05036.h5
   assuming source M87: ra 12.514 hr: dec 12.391 deg
Loading hdf5 image:  /project/u2grc/Nikola/newSimulations/KerrLow/ipole/n_-1_res_160/image_torus.out0.05037.h5
   assuming source M87: ra 12.514 hr: dec 12.391 deg
Loading hdf5 image:  /project/u2grc/Nikola/newSimulations/KerrLow/ipole/n_-1_res_160/image_torus.out0.05038.h5
   assuming source M87: ra 12.514 hr: dec 12.391 deg
Loading hdf5 image:  /project/u2grc/Nikola/newSimulations/KerrLow/ipole/n_-1_res_160/image_torus.out0.05039.h5
   assuming source M87: ra 12.514 hr: dec 12.391 deg
Loading hdf5 image:  /project/u2grc/Nikola/newSimulations/KerrLow/ipole/n_-1_res_160/image_torus.out0.05040.h5
   assuming source M87: ra 12.514 hr: dec 12.391 deg
Loading hdf5 image:  /project/u2grc/Nikola/newSimulations/KerrLow/ipole/n_-1_res_160/image_torus.out0.05041.h5
   assuming source M87: ra 12.514 hr: dec 12.391 deg
Loading hdf5 image:  /project/u2grc/Nikola/newSimulations/KerrLow/ipole/n_-1_res_160/image_torus.out0.05042.h5
   assuming source M87: ra 12.514 hr: dec 12.391 deg
Loading hdf5 image:  /project/u2grc/Nikola/newSimulations/KerrLow/ipole/n_-1_res_160/image_torus.out0.05043.h5
   assuming source M87: ra 12.514 hr: dec 12.391 deg
Loading hdf5 image:  /project/u2grc/Nikola/newSimulations/KerrLow/ipole/n_-1_res_160/image_torus.out0.05044.h5
   assuming source M87: ra 12.514 hr: dec 12.391 deg
Loading hdf5 image:  /project/u2grc/Nikola/newSimulations/KerrLow/ipole/n_-1_res_160/image_torus.out0.05045.h5
   assuming source M87: ra 12.514 hr: dec 12.391 deg
Loading hdf5 image:  /project/u2grc/Nikola/newSimulations/KerrLow/ipole/n_-1_res_160/image_torus.out0.05046.h5
   assuming source M87: ra 12.514 hr: dec 12.391 deg
Loading hdf5 image:  /project/u2grc/Nikola/newSimulations/KerrLow/ipole/n_-1_res_160/image_torus.out0.05047.h5
   assuming source M87: ra 12.514 hr: dec 12.391 deg
Loading hdf5 image:  /project/u2grc/Nikola/newSimulations/KerrLow/ipole/n_-1_res_160/image_torus.out0.05048.h5
   assuming source M87: ra 12.514 hr: dec 12.391 deg
Loading hdf5 image:  /project/u2grc/Nikola/newSimulations/KerrLow/ipole/n_-1_res_160/image_torus.out0.05049.h5
   assuming source M87: ra 12.514 hr: dec 12.391 deg
Loading hdf5 image:  /project/u2grc/Nikola/newSimulations/KerrLow/ipole/n_-1_res_160/image_torus.out0.05050.h5
   assuming source M87: ra 12.514 hr: dec 12.391 deg
Loading hdf5 image:  /project/u2grc/Nikola/newSimulations/KerrLow/ipole/n_-1_res_160/image_torus.out0.05051.h5
   assuming source M87: ra 12.514 hr: dec 12.391 deg
Loading hdf5 image:  /project/u2grc/Nikola/newSimulations/KerrLow/ipole/n_-1_res_160/image_torus.out0.05052.h5
   assuming source M87: ra 12.514 hr: dec 12.391 deg
Loading hdf5 image:  /project/u2grc/Nikola/newSimulations/KerrLow/ipole/n_-1_res_160/image_torus.out0.05053.h5
   assuming source M87: ra 12.514 hr: dec 12.391 deg
Loading hdf5 image:  /project/u2grc/Nikola/newSimulations/KerrLow/ipole/n_-1_res_160/image_torus.out0.05054.h5
   assuming source M87: ra 12.514 hr: dec 12.391 deg
Loading hdf5 image:  /project/u2grc/Nikola/newSimulations/KerrLow/ipole/n_-1_res_160/image_torus.out0.05055.h5
   assuming source M87: ra 12.514 hr: dec 12.391 deg
Loading hdf5 image:  /project/u2grc/Nikola/newSimulations/KerrLow/ipole/n_-1_res_160/image_torus.out0.05056.h5
   assuming source M87: ra 12.514 hr: dec 12.391 deg
Loading hdf5 image:  /project/u2grc/Nikola/newSimulations/KerrLow/ipole/n_-1_res_160/image_torus.out0.05057.h5
   assuming source M87: ra 12.514 hr: dec 12.391 deg
Loading hdf5 image:  /project/u2grc/Nikola/newSimulations/KerrLow/ipole/n_-1_res_160/image_torus.out0.05058.h5
   assuming source M87: ra 12.514 hr: dec 12.391 deg
Loading hdf5 image:  /project/u2grc/Nikola/newSimulations/KerrLow/ipole/n_-1_res_160/image_torus.out0.05059.h5
   assuming source M87: ra 12.514 hr: dec 12.391 deg
Loading hdf5 image:  /project/u2grc/Nikola/newSimulations/KerrLow/ipole/n_-1_res_160/image_torus.out0.05060.h5
   assuming source M87: ra 12.514 hr: dec 12.391 deg
Loading hdf5 image:  /project/u2grc/Nikola/newSimulations/KerrLow/ipole/n_-1_res_160/image_torus.out0.05061.h5
   assuming source M87: ra 12.514 hr: dec 12.391 deg
Loading hdf5 image:  /project/u2grc/Nikola/newSimulations/KerrLow/ipole/n_-1_res_160/image_torus.out0.05062.h5
   assuming source M87: ra 12.514 hr: dec 12.391 deg
Loading hdf5 image:  /project/u2grc/Nikola/newSimulations/KerrLow/ipole/n_-1_res_160/image_torus.out0.05063.h5
   assuming source M87: ra 12.514 hr: dec 12.391 deg
Loading hdf5 image:  /project/u2grc/Nikola/newSimulations/KerrLow/ipole/n_-1_res_160/image_torus.out0.05064.h5
   assuming source M87: ra 12.514 hr: dec 12.391 deg
Loading hdf5 image:  /project/u2grc/Nikola/newSimulations/KerrLow/ipole/n_-1_res_160/image_torus.out0.05065.h5
   assuming source M87: ra 12.514 hr: dec 12.391 deg
Loading hdf5 image:  /project/u2grc/Nikola/newSimulations/KerrLow/ipole/n_-1_res_160/image_torus.out0.05066.h5
   assuming source M87: ra 12.514 hr: dec 12.391 deg
Loading hdf5 image:  /project/u2grc/Nikola/newSimulations/KerrLow/ipole/n_-1_res_160/image_torus.out0.05067.h5
   assuming source M87: ra 12.514 hr: dec 12.391 deg
Loading hdf5 image:  /project/u2grc/Nikola/newSimulations/KerrLow/ipole/n_-1_res_160/image_torus.out0.05068.h5
   assuming source M87: ra 12.514 hr: dec 12.391 deg
Loading hdf5 image:  /project/u2grc/Nikola/newSimulations/KerrLow/ipole/n_-1_res_160/image_torus.out0.05069.h5
   assuming source M87: ra 12.514 hr: dec 12.391 deg
Loading hdf5 image:  /project/u2grc/Nikola/newSimulations/KerrLow/ipole/n_-1_res_160/image_torus.out0.05070.h5
   assuming source M87: ra 12.514 hr: dec 12.391 deg
Loading hdf5 image:  /project/u2grc/Nikola/newSimulations/KerrLow/ipole/n_-1_res_160/image_torus.out0.05071.h5
   assuming source M87: ra 12.514 hr: dec 12.391 deg
Loading hdf5 image:  /project/u2grc/Nikola/newSimulations/KerrLow/ipole/n_-1_res_160/image_torus.out0.05072.h5
   assuming source M87: ra 12.514 hr: dec 12.391 deg
Loading hdf5 image:  /project/u2grc/Nikola/newSimulations/KerrLow/ipole/n_-1_res_160/image_torus.out0.05073.h5
   assuming source M87: ra 12.514 hr: dec 12.391 deg
Loading hdf5 image:  /project/u2grc/Nikola/newSimulations/KerrLow/ipole/n_-1_res_160/image_torus.out0.05074.h5
   assuming source M87: ra 12.514 hr: dec 12.391 deg
Loading hdf5 image:  /project/u2grc/Nikola/newSimulations/KerrLow/ipole/n_-1_res_160/image_torus.out0.05075.h5
   assuming source M87: ra 12.514 hr: dec 12.391 deg
Loading hdf5 image:  /project/u2grc/Nikola/newSimulations/KerrLow/ipole/n_-1_res_160/image_torus.out0.05076.h5
   assuming source M87: ra 12.514 hr: dec 12.391 deg
Loading hdf5 image:  /project/u2grc/Nikola/newSimulations/KerrLow/ipole/n_-1_res_160/image_torus.out0.05077.h5
   assuming source M87: ra 12.514 hr: dec 12.391 deg
Loading hdf5 image:  /project/u2grc/Nikola/newSimulations/KerrLow/ipole/n_-1_res_160/image_torus.out0.05078.h5
   assuming source M87: ra 12.514 hr: dec 12.391 deg
Loading hdf5 image:  /project/u2grc/Nikola/newSimulations/KerrLow/ipole/n_-1_res_160/image_torus.out0.05079.h5
   assuming source M87: ra 12.514 hr: dec 12.391 deg
Loading hdf5 image:  /project/u2grc/Nikola/newSimulations/KerrLow/ipole/n_-1_res_160/image_torus.out0.05080.h5
   assuming source M87: ra 12.514 hr: dec 12.391 deg
Loading hdf5 image:  /project/u2grc/Nikola/newSimulations/KerrLow/ipole/n_-1_res_160/image_torus.out0.05081.h5
   assuming source M87: ra 12.514 hr: dec 12.391 deg
Loading hdf5 image:  /project/u2grc/Nikola/newSimulations/KerrLow/ipole/n_-1_res_160/image_torus.out0.05082.h5
   assuming source M87: ra 12.514 hr: dec 12.391 deg
Loading hdf5 image:  /project/u2grc/Nikola/newSimulations/KerrLow/ipole/n_-1_res_160/image_torus.out0.05083.h5
   assuming source M87: ra 12.514 hr: dec 12.391 deg
Loading hdf5 image:  /project/u2grc/Nikola/newSimulations/KerrLow/ipole/n_-1_res_160/image_torus.out0.05084.h5
   assuming source M87: ra 12.514 hr: dec 12.391 deg
Loading hdf5 image:  /project/u2grc/Nikola/newSimulations/KerrLow/ipole/n_-1_res_160/image_torus.out0.05085.h5
   assuming source M87: ra 12.514 hr: dec 12.391 deg
Loading hdf5 image:  /project/u2grc/Nikola/newSimulations/KerrLow/ipole/n_-1_res_160/image_torus.out0.05086.h5
   assuming source M87: ra 12.514 hr: dec 12.391 deg
Loading hdf5 image:  /project/u2grc/Nikola/newSimulations/KerrLow/ipole/n_-1_res_160/image_torus.out0.05087.h5
   assuming source M87: ra 12.514 hr: dec 12.391 deg
Loading hdf5 image:  /project/u2grc/Nikola/newSimulations/KerrLow/ipole/n_-1_res_160/image_torus.out0.05088.h5
   assuming source M87: ra 12.514 hr: dec 12.391 deg
Loading hdf5 image:  /project/u2grc/Nikola/newSimulations/KerrLow/ipole/n_-1_res_160/image_torus.out0.05089.h5
   assuming source M87: ra 12.514 hr: dec 12.391 deg
Loading hdf5 image:  /project/u2grc/Nikola/newSimulations/KerrLow/ipole/n_-1_res_160/image_torus.out0.05090.h5
   assuming source M87: ra 12.514 hr: dec 12.391 deg
Loading hdf5 image:  /project/u2grc/Nikola/newSimulations/KerrLow/ipole/n_-1_res_160/image_torus.out0.05091.h5
   assuming source M87: ra 12.514 hr: dec 12.391 deg
Loading hdf5 image:  /project/u2grc/Nikola/newSimulations/KerrLow/ipole/n_-1_res_160/image_torus.out0.05092.h5
   assuming source M87: ra 12.514 hr: dec 12.391 deg
Loading hdf5 image:  /project/u2grc/Nikola/newSimulations/KerrLow/ipole/n_-1_res_160/image_torus.out0.05093.h5
   assuming source M87: ra 12.514 hr: dec 12.391 deg
Loading hdf5 image:  /project/u2grc/Nikola/newSimulations/KerrLow/ipole/n_-1_res_160/image_torus.out0.05094.h5
   assuming source M87: ra 12.514 hr: dec 12.391 deg
Loading hdf5 image:  /project/u2grc/Nikola/newSimulations/KerrLow/ipole/n_-1_res_160/image_torus.out0.05095.h5
   assuming source M87: ra 12.514 hr: dec 12.391 deg
Loading hdf5 image:  /project/u2grc/Nikola/newSimulations/KerrLow/ipole/n_-1_res_160/image_torus.out0.05096.h5
   assuming source M87: ra 12.514 hr: dec 12.391 deg
Loading hdf5 image:  /project/u2grc/Nikola/newSimulations/KerrLow/ipole/n_-1_res_160/image_torus.out0.05097.h5
   assuming source M87: ra 12.514 hr: dec 12.391 deg
Loading hdf5 image:  /project/u2grc/Nikola/newSimulations/KerrLow/ipole/n_-1_res_160/image_torus.out0.05098.h5
   assuming source M87: ra 12.514 hr: dec 12.391 deg
Loading hdf5 image:  /project/u2grc/Nikola/newSimulations/KerrLow/ipole/n_-1_res_160/image_torus.out0.05099.h5
   assuming source M87: ra 12.514 hr: dec 12.391 deg
Loading hdf5 image:  /project/u2grc/Nikola/newSimulations/KerrLow/ipole/n_-1_res_160/image_torus.out0.05100.h5
   assuming source M87: ra 12.514 hr: dec 12.391 deg
Loading hdf5 image:  /project/u2grc/Nikola/newSimulations/KerrLow/ipole/n_-1_res_160/image_torus.out0.05101.h5
   assuming source M87: ra 12.514 hr: dec 12.391 deg
Loading hdf5 image:  /project/u2grc/Nikola/newSimulations/KerrLow/ipole/n_-1_res_160/image_torus.out0.05102.h5
   assuming source M87: ra 12.514 hr: dec 12.391 deg
Loading hdf5 image:  /project/u2grc/Nikola/newSimulations/KerrLow/ipole/n_-1_res_160/image_torus.out0.05103.h5
   assuming source M87: ra 12.514 hr: dec 12.391 deg
Loading hdf5 image:  /project/u2grc/Nikola/newSimulations/KerrLow/ipole/n_-1_res_160/image_torus.out0.05104.h5
   assuming source M87: ra 12.514 hr: dec 12.391 deg
Loading hdf5 image:  /project/u2grc/Nikola/newSimulations/KerrLow/ipole/n_-1_res_160/image_torus.out0.05105.h5
   assuming source M87: ra 12.514 hr: dec 12.391 deg
Loading hdf5 image:  /project/u2grc/Nikola/newSimulations/KerrLow/ipole/n_-1_res_160/image_torus.out0.05106.h5
   assuming source M87: ra 12.514 hr: dec 12.391 deg
Loading hdf5 image:  /project/u2grc/Nikola/newSimulations/KerrLow/ipole/n_-1_res_160/image_torus.out0.05107.h5
   assuming source M87: ra 12.514 hr: dec 12.391 deg
Loading hdf5 image:  /project/u2grc/Nikola/newSimulations/KerrLow/ipole/n_-1_res_160/image_torus.out0.05108.h5
   assuming source M87: ra 12.514 hr: dec 12.391 deg
Loading hdf5 image:  /project/u2grc/Nikola/newSimulations/KerrLow/ipole/n_-1_res_160/image_torus.out0.05109.h5
   assuming source M87: ra 12.514 hr: dec 12.391 deg
Loading hdf5 image:  /project/u2grc/Nikola/newSimulations/KerrLow/ipole/n_-1_res_160/image_torus.out0.05110.h5
   assuming source M87: ra 12.514 hr: dec 12.391 deg
Loading hdf5 image:  /project/u2grc/Nikola/newSimulations/KerrLow/ipole/n_-1_res_160/image_torus.out0.05111.h5
   assuming source M87: ra 12.514 hr: dec 12.391 deg
Loading hdf5 image:  /project/u2grc/Nikola/newSimulations/KerrLow/ipole/n_-1_res_160/image_torus.out0.05112.h5
   assuming source M87: ra 12.514 hr: dec 12.391 deg
Loading hdf5 image:  /project/u2grc/Nikola/newSimulations/KerrLow/ipole/n_-1_res_160/image_torus.out0.05113.h5
   assuming source M87: ra 12.514 hr: dec 12.391 deg
Loading hdf5 image:  /project/u2grc/Nikola/newSimulations/KerrLow/ipole/n_-1_res_160/image_torus.out0.05114.h5
   assuming source M87: ra 12.514 hr: dec 12.391 deg
Loading hdf5 image:  /project/u2grc/Nikola/newSimulations/KerrLow/ipole/n_-1_res_160/image_torus.out0.05115.h5
   assuming source M87: ra 12.514 hr: dec 12.391 deg
Loading hdf5 image:  /project/u2grc/Nikola/newSimulations/KerrLow/ipole/n_-1_res_160/image_torus.out0.05116.h5
   assuming source M87: ra 12.514 hr: dec 12.391 deg
Loading hdf5 image:  /project/u2grc/Nikola/newSimulations/KerrLow/ipole/n_-1_res_160/image_torus.out0.05117.h5
   assuming source M87: ra 12.514 hr: dec 12.391 deg
Loading hdf5 image:  /project/u2grc/Nikola/newSimulations/KerrLow/ipole/n_-1_res_160/image_torus.out0.05118.h5
   assuming source M87: ra 12.514 hr: dec 12.391 deg
Loading hdf5 image:  /project/u2grc/Nikola/newSimulations/KerrLow/ipole/n_-1_res_160/image_torus.out0.05119.h5
   assuming source M87: ra 12.514 hr: dec 12.391 deg
Loading hdf5 image:  /project/u2grc/Nikola/newSimulations/KerrLow/ipole/n_-1_res_160/image_torus.out0.05120.h5
   assuming source M87: ra 12.514 hr: dec 12.391 deg
Loading hdf5 image:  /project/u2grc/Nikola/newSimulations/KerrLow/ipole/n_-1_res_160/image_torus.out0.05121.h5
   assuming source M87: ra 12.514 hr: dec 12.391 deg
Loading hdf5 image:  /project/u2grc/Nikola/newSimulations/KerrLow/ipole/n_-1_res_160/image_torus.out0.05122.h5
   assuming source M87: ra 12.514 hr: dec 12.391 deg
Loading hdf5 image:  /project/u2grc/Nikola/newSimulations/KerrLow/ipole/n_-1_res_160/image_torus.out0.05123.h5
   assuming source M87: ra 12.514 hr: dec 12.391 deg
Loading hdf5 image:  /project/u2grc/Nikola/newSimulations/KerrLow/ipole/n_-1_res_160/image_torus.out0.05124.h5
   assuming source M87: ra 12.514 hr: dec 12.391 deg
Loading hdf5 image:  /project/u2grc/Nikola/newSimulations/KerrLow/ipole/n_-1_res_160/image_torus.out0.05125.h5
   assuming source M87: ra 12.514 hr: dec 12.391 deg
Loading hdf5 image:  /project/u2grc/Nikola/newSimulations/KerrLow/ipole/n_-1_res_160/image_torus.out0.05126.h5
   assuming source M87: ra 12.514 hr: dec 12.391 deg
Loading hdf5 image:  /project/u2grc/Nikola/newSimulations/KerrLow/ipole/n_-1_res_160/image_torus.out0.05127.h5
   assuming source M87: ra 12.514 hr: dec 12.391 deg
Loading hdf5 image:  /project/u2grc/Nikola/newSimulations/KerrLow/ipole/n_-1_res_160/image_torus.out0.05128.h5
   assuming source M87: ra 12.514 hr: dec 12.391 deg
Loading hdf5 image:  /project/u2grc/Nikola/newSimulations/KerrLow/ipole/n_-1_res_160/image_torus.out0.05129.h5
   assuming source M87: ra 12.514 hr: dec 12.391 deg
Loading hdf5 image:  /project/u2grc/Nikola/newSimulations/KerrLow/ipole/n_-1_res_160/image_torus.out0.05130.h5
   assuming source M87: ra 12.514 hr: dec 12.391 deg
Loading hdf5 image:  /project/u2grc/Nikola/newSimulations/KerrLow/ipole/n_-1_res_160/image_torus.out0.05131.h5
   assuming source M87: ra 12.514 hr: dec 12.391 deg
Loading hdf5 image:  /project/u2grc/Nikola/newSimulations/KerrLow/ipole/n_-1_res_160/image_torus.out0.05132.h5
   assuming source M87: ra 12.514 hr: dec 12.391 deg
Loading hdf5 image:  /project/u2grc/Nikola/newSimulations/KerrLow/ipole/n_-1_res_160/image_torus.out0.05133.h5
   assuming source M87: ra 12.514 hr: dec 12.391 deg
Loading hdf5 image:  /project/u2grc/Nikola/newSimulations/KerrLow/ipole/n_-1_res_160/image_torus.out0.05134.h5
   assuming source M87: ra 12.514 hr: dec 12.391 deg
Loading hdf5 image:  /project/u2grc/Nikola/newSimulations/KerrLow/ipole/n_-1_res_160/image_torus.out0.05135.h5
   assuming source M87: ra 12.514 hr: dec 12.391 deg
Loading hdf5 image:  /project/u2grc/Nikola/newSimulations/KerrLow/ipole/n_-1_res_160/image_torus.out0.05136.h5
   assuming source M87: ra 12.514 hr: dec 12.391 deg
Loading hdf5 image:  /project/u2grc/Nikola/newSimulations/KerrLow/ipole/n_-1_res_160/image_torus.out0.05137.h5
   assuming source M87: ra 12.514 hr: dec 12.391 deg
Loading hdf5 image:  /project/u2grc/Nikola/newSimulations/KerrLow/ipole/n_-1_res_160/image_torus.out0.05138.h5
   assuming source M87: ra 12.514 hr: dec 12.391 deg
Loading hdf5 image:  /project/u2grc/Nikola/newSimulations/KerrLow/ipole/n_-1_res_160/image_torus.out0.05139.h5
   assuming source M87: ra 12.514 hr: dec 12.391 deg
Loading hdf5 image:  /project/u2grc/Nikola/newSimulations/KerrLow/ipole/n_-1_res_160/image_torus.out0.05140.h5
   assuming source M87: ra 12.514 hr: dec 12.391 deg
Loading hdf5 image:  /project/u2grc/Nikola/newSimulations/KerrLow/ipole/n_-1_res_160/image_torus.out0.05141.h5
   assuming source M87: ra 12.514 hr: dec 12.391 deg
Loading hdf5 image:  /project/u2grc/Nikola/newSimulations/KerrLow/ipole/n_-1_res_160/image_torus.out0.05142.h5
   assuming source M87: ra 12.514 hr: dec 12.391 deg
Loading hdf5 image:  /project/u2grc/Nikola/newSimulations/KerrLow/ipole/n_-1_res_160/image_torus.out0.05143.h5
   assuming source M87: ra 12.514 hr: dec 12.391 deg
Loading hdf5 image:  /project/u2grc/Nikola/newSimulations/KerrLow/ipole/n_-1_res_160/image_torus.out0.05144.h5
   assuming source M87: ra 12.514 hr: dec 12.391 deg
Loading hdf5 image:  /project/u2grc/Nikola/newSimulations/KerrLow/ipole/n_-1_res_160/image_torus.out0.05145.h5
   assuming source M87: ra 12.514 hr: dec 12.391 deg
Loading hdf5 image:  /project/u2grc/Nikola/newSimulations/KerrLow/ipole/n_-1_res_160/image_torus.out0.05146.h5
   assuming source M87: ra 12.514 hr: dec 12.391 deg
Loading hdf5 image:  /project/u2grc/Nikola/newSimulations/KerrLow/ipole/n_-1_res_160/image_torus.out0.05147.h5
   assuming source M87: ra 12.514 hr: dec 12.391 deg
Loading hdf5 image:  /project/u2grc/Nikola/newSimulations/KerrLow/ipole/n_-1_res_160/image_torus.out0.05148.h5
   assuming source M87: ra 12.514 hr: dec 12.391 deg
Loading hdf5 image:  /project/u2grc/Nikola/newSimulations/KerrLow/ipole/n_-1_res_160/image_torus.out0.05149.h5
   assuming source M87: ra 12.514 hr: dec 12.391 deg
Loading hdf5 image:  /project/u2grc/Nikola/newSimulations/KerrLow/ipole/n_-1_res_160/image_torus.out0.05150.h5
   assuming source M87: ra 12.514 hr: dec 12.391 deg
Loading hdf5 image:  /project/u2grc/Nikola/newSimulations/KerrLow/ipole/n_-1_res_160/image_torus.out0.05151.h5
   assuming source M87: ra 12.514 hr: dec 12.391 deg
Loading hdf5 image:  /project/u2grc/Nikola/newSimulations/KerrLow/ipole/n_-1_res_160/image_torus.out0.05152.h5
   assuming source M87: ra 12.514 hr: dec 12.391 deg
Loading hdf5 image:  /project/u2grc/Nikola/newSimulations/KerrLow/ipole/n_-1_res_160/image_torus.out0.05153.h5
   assuming source M87: ra 12.514 hr: dec 12.391 deg
Loading hdf5 image:  /project/u2grc/Nikola/newSimulations/KerrLow/ipole/n_-1_res_160/image_torus.out0.05154.h5
   assuming source M87: ra 12.514 hr: dec 12.391 deg
Loading hdf5 image:  /project/u2grc/Nikola/newSimulations/KerrLow/ipole/n_-1_res_160/image_torus.out0.05155.h5
   assuming source M87: ra 12.514 hr: dec 12.391 deg
Loading hdf5 image:  /project/u2grc/Nikola/newSimulations/KerrLow/ipole/n_-1_res_160/image_torus.out0.05156.h5
   assuming source M87: ra 12.514 hr: dec 12.391 deg
Loading hdf5 image:  /project/u2grc/Nikola/newSimulations/KerrLow/ipole/n_-1_res_160/image_torus.out0.05157.h5
   assuming source M87: ra 12.514 hr: dec 12.391 deg
Loading hdf5 image:  /project/u2grc/Nikola/newSimulations/KerrLow/ipole/n_-1_res_160/image_torus.out0.05158.h5
   assuming source M87: ra 12.514 hr: dec 12.391 deg
Loading hdf5 image:  /project/u2grc/Nikola/newSimulations/KerrLow/ipole/n_-1_res_160/image_torus.out0.05159.h5
   assuming source M87: ra 12.514 hr: dec 12.391 deg
Loading hdf5 image:  /project/u2grc/Nikola/newSimulations/KerrLow/ipole/n_-1_res_160/image_torus.out0.05160.h5
   assuming source M87: ra 12.514 hr: dec 12.391 deg
Loading hdf5 image:  /project/u2grc/Nikola/newSimulations/KerrLow/ipole/n_-1_res_160/image_torus.out0.05161.h5
   assuming source M87: ra 12.514 hr: dec 12.391 deg
Loading hdf5 image:  /project/u2grc/Nikola/newSimulations/KerrLow/ipole/n_-1_res_160/image_torus.out0.05162.h5
   assuming source M87: ra 12.514 hr: dec 12.391 deg
Loading hdf5 image:  /project/u2grc/Nikola/newSimulations/KerrLow/ipole/n_-1_res_160/image_torus.out0.05163.h5
   assuming source M87: ra 12.514 hr: dec 12.391 deg
Loading hdf5 image:  /project/u2grc/Nikola/newSimulations/KerrLow/ipole/n_-1_res_160/image_torus.out0.05164.h5
   assuming source M87: ra 12.514 hr: dec 12.391 deg
Loading hdf5 image:  /project/u2grc/Nikola/newSimulations/KerrLow/ipole/n_-1_res_160/image_torus.out0.05165.h5
   assuming source M87: ra 12.514 hr: dec 12.391 deg
Loading hdf5 image:  /project/u2grc/Nikola/newSimulations/KerrLow/ipole/n_-1_res_160/image_torus.out0.05166.h5
   assuming source M87: ra 12.514 hr: dec 12.391 deg
Loading hdf5 image:  /project/u2grc/Nikola/newSimulations/KerrLow/ipole/n_-1_res_160/image_torus.out0.05167.h5
   assuming source M87: ra 12.514 hr: dec 12.391 deg
Loading hdf5 image:  /project/u2grc/Nikola/newSimulations/KerrLow/ipole/n_-1_res_160/image_torus.out0.05168.h5
   assuming source M87: ra 12.514 hr: dec 12.391 deg
Loading hdf5 image:  /project/u2grc/Nikola/newSimulations/KerrLow/ipole/n_-1_res_160/image_torus.out0.05169.h5
   assuming source M87: ra 12.514 hr: dec 12.391 deg
Loading hdf5 image:  /project/u2grc/Nikola/newSimulations/KerrLow/ipole/n_-1_res_160/image_torus.out0.05170.h5
   assuming source M87: ra 12.514 hr: dec 12.391 deg
Loading hdf5 image:  /project/u2grc/Nikola/newSimulations/KerrLow/ipole/n_-1_res_160/image_torus.out0.05171.h5
   assuming source M87: ra 12.514 hr: dec 12.391 deg
Loading hdf5 image:  /project/u2grc/Nikola/newSimulations/KerrLow/ipole/n_-1_res_160/image_torus.out0.05172.h5
   assuming source M87: ra 12.514 hr: dec 12.391 deg
Loading hdf5 image:  /project/u2grc/Nikola/newSimulations/KerrLow/ipole/n_-1_res_160/image_torus.out0.05173.h5
   assuming source M87: ra 12.514 hr: dec 12.391 deg
Loading hdf5 image:  /project/u2grc/Nikola/newSimulations/KerrLow/ipole/n_-1_res_160/image_torus.out0.05174.h5
   assuming source M87: ra 12.514 hr: dec 12.391 deg
Loading hdf5 image:  /project/u2grc/Nikola/newSimulations/KerrLow/ipole/n_-1_res_160/image_torus.out0.05175.h5
   assuming source M87: ra 12.514 hr: dec 12.391 deg
Loading hdf5 image:  /project/u2grc/Nikola/newSimulations/KerrLow/ipole/n_-1_res_160/image_torus.out0.05176.h5
   assuming source M87: ra 12.514 hr: dec 12.391 deg
Loading hdf5 image:  /project/u2grc/Nikola/newSimulations/KerrLow/ipole/n_-1_res_160/image_torus.out0.05177.h5
   assuming source M87: ra 12.514 hr: dec 12.391 deg
Loading hdf5 image:  /project/u2grc/Nikola/newSimulations/KerrLow/ipole/n_-1_res_160/image_torus.out0.05178.h5
   assuming source M87: ra 12.514 hr: dec 12.391 deg
Loading hdf5 image:  /project/u2grc/Nikola/newSimulations/KerrLow/ipole/n_-1_res_160/image_torus.out0.05179.h5
   assuming source M87: ra 12.514 hr: dec 12.391 deg
Loading hdf5 image:  /project/u2grc/Nikola/newSimulations/KerrLow/ipole/n_-1_res_160/image_torus.out0.05180.h5
   assuming source M87: ra 12.514 hr: dec 12.391 deg
Loading hdf5 image:  /project/u2grc/Nikola/newSimulations/KerrLow/ipole/n_-1_res_160/image_torus.out0.05181.h5
   assuming source M87: ra 12.514 hr: dec 12.391 deg
Loading hdf5 image:  /project/u2grc/Nikola/newSimulations/KerrLow/ipole/n_-1_res_160/image_torus.out0.05182.h5
   assuming source M87: ra 12.514 hr: dec 12.391 deg
Loading hdf5 image:  /project/u2grc/Nikola/newSimulations/KerrLow/ipole/n_-1_res_160/image_torus.out0.05183.h5
   assuming source M87: ra 12.514 hr: dec 12.391 deg
Loading hdf5 image:  /project/u2grc/Nikola/newSimulations/KerrLow/ipole/n_-1_res_160/image_torus.out0.05184.h5
   assuming source M87: ra 12.514 hr: dec 12.391 deg
Loading hdf5 image:  /project/u2grc/Nikola/newSimulations/KerrLow/ipole/n_-1_res_160/image_torus.out0.05185.h5
   assuming source M87: ra 12.514 hr: dec 12.391 deg
Loading hdf5 image:  /project/u2grc/Nikola/newSimulations/KerrLow/ipole/n_-1_res_160/image_torus.out0.05186.h5
   assuming source M87: ra 12.514 hr: dec 12.391 deg
Loading hdf5 image:  /project/u2grc/Nikola/newSimulations/KerrLow/ipole/n_-1_res_160/image_torus.out0.05187.h5
   assuming source M87: ra 12.514 hr: dec 12.391 deg
Loading hdf5 image:  /project/u2grc/Nikola/newSimulations/KerrLow/ipole/n_-1_res_160/image_torus.out0.05188.h5
   assuming source M87: ra 12.514 hr: dec 12.391 deg
Loading hdf5 image:  /project/u2grc/Nikola/newSimulations/KerrLow/ipole/n_-1_res_160/image_torus.out0.05189.h5
   assuming source M87: ra 12.514 hr: dec 12.391 deg
Loading hdf5 image:  /project/u2grc/Nikola/newSimulations/KerrLow/ipole/n_-1_res_160/image_torus.out0.05190.h5
   assuming source M87: ra 12.514 hr: dec 12.391 deg
Loading hdf5 image:  /project/u2grc/Nikola/newSimulations/KerrLow/ipole/n_-1_res_160/image_torus.out0.05191.h5
   assuming source M87: ra 12.514 hr: dec 12.391 deg
Loading hdf5 image:  /project/u2grc/Nikola/newSimulations/KerrLow/ipole/n_-1_res_160/image_torus.out0.05192.h5
   assuming source M87: ra 12.514 hr: dec 12.391 deg
Loading hdf5 image:  /project/u2grc/Nikola/newSimulations/KerrLow/ipole/n_-1_res_160/image_torus.out0.05193.h5
   assuming source M87: ra 12.514 hr: dec 12.391 deg
Loading hdf5 image:  /project/u2grc/Nikola/newSimulations/KerrLow/ipole/n_-1_res_160/image_torus.out0.05194.h5
   assuming source M87: ra 12.514 hr: dec 12.391 deg
Loading hdf5 image:  /project/u2grc/Nikola/newSimulations/KerrLow/ipole/n_-1_res_160/image_torus.out0.05195.h5
   assuming source M87: ra 12.514 hr: dec 12.391 deg
Loading hdf5 image:  /project/u2grc/Nikola/newSimulations/KerrLow/ipole/n_-1_res_160/image_torus.out0.05196.h5
   assuming source M87: ra 12.514 hr: dec 12.391 deg
Loading hdf5 image:  /project/u2grc/Nikola/newSimulations/KerrLow/ipole/n_-1_res_160/image_torus.out0.05197.h5
   assuming source M87: ra 12.514 hr: dec 12.391 deg
Loading hdf5 image:  /project/u2grc/Nikola/newSimulations/KerrLow/ipole/n_-1_res_160/image_torus.out0.05198.h5
   assuming source M87: ra 12.514 hr: dec 12.391 deg
Loading hdf5 image:  /project/u2grc/Nikola/newSimulations/KerrLow/ipole/n_-1_res_160/image_torus.out0.05199.h5
   assuming source M87: ra 12.514 hr: dec 12.391 deg
Loading hdf5 image:  /project/u2grc/Nikola/newSimulations/KerrLow/ipole/n_-1_res_160/image_torus.out0.05200.h5
   assuming source M87: ra 12.514 hr: dec 12.391 deg
Loading hdf5 image:  /project/u2grc/Nikola/newSimulations/KerrLow/ipole/n_-1_res_160/image_torus.out0.05201.h5
   assuming source M87: ra 12.514 hr: dec 12.391 deg
Loading hdf5 image:  /project/u2grc/Nikola/newSimulations/KerrLow/ipole/n_-1_res_160/image_torus.out0.05202.h5
   assuming source M87: ra 12.514 hr: dec 12.391 deg
Loading hdf5 image:  /project/u2grc/Nikola/newSimulations/KerrLow/ipole/n_-1_res_160/image_torus.out0.05203.h5
   assuming source M87: ra 12.514 hr: dec 12.391 deg
Loading hdf5 image:  /project/u2grc/Nikola/newSimulations/KerrLow/ipole/n_-1_res_160/image_torus.out0.05204.h5
   assuming source M87: ra 12.514 hr: dec 12.391 deg
Loading hdf5 image:  /project/u2grc/Nikola/newSimulations/KerrLow/ipole/n_-1_res_160/image_torus.out0.05205.h5
   assuming source M87: ra 12.514 hr: dec 12.391 deg
Loading hdf5 image:  /project/u2grc/Nikola/newSimulations/KerrLow/ipole/n_-1_res_160/image_torus.out0.05206.h5
   assuming source M87: ra 12.514 hr: dec 12.391 deg
Loading hdf5 image:  /project/u2grc/Nikola/newSimulations/KerrLow/ipole/n_-1_res_160/image_torus.out0.05207.h5
   assuming source M87: ra 12.514 hr: dec 12.391 deg
Loading hdf5 image:  /project/u2grc/Nikola/newSimulations/KerrLow/ipole/n_-1_res_160/image_torus.out0.05208.h5
   assuming source M87: ra 12.514 hr: dec 12.391 deg
Loading hdf5 image:  /project/u2grc/Nikola/newSimulations/KerrLow/ipole/n_-1_res_160/image_torus.out0.05209.h5
   assuming source M87: ra 12.514 hr: dec 12.391 deg
Loading hdf5 image:  /project/u2grc/Nikola/newSimulations/KerrLow/ipole/n_-1_res_160/image_torus.out0.05210.h5
   assuming source M87: ra 12.514 hr: dec 12.391 deg
Loading hdf5 image:  /project/u2grc/Nikola/newSimulations/KerrLow/ipole/n_-1_res_160/image_torus.out0.05211.h5
   assuming source M87: ra 12.514 hr: dec 12.391 deg
Loading hdf5 image:  /project/u2grc/Nikola/newSimulations/KerrLow/ipole/n_-1_res_160/image_torus.out0.05212.h5
   assuming source M87: ra 12.514 hr: dec 12.391 deg
Loading hdf5 image:  /project/u2grc/Nikola/newSimulations/KerrLow/ipole/n_-1_res_160/image_torus.out0.05213.h5
   assuming source M87: ra 12.514 hr: dec 12.391 deg
Loading hdf5 image:  /project/u2grc/Nikola/newSimulations/KerrLow/ipole/n_-1_res_160/image_torus.out0.05214.h5
   assuming source M87: ra 12.514 hr: dec 12.391 deg
Loading hdf5 image:  /project/u2grc/Nikola/newSimulations/KerrLow/ipole/n_-1_res_160/image_torus.out0.05215.h5
   assuming source M87: ra 12.514 hr: dec 12.391 deg
Loading hdf5 image:  /project/u2grc/Nikola/newSimulations/KerrLow/ipole/n_-1_res_160/image_torus.out0.05216.h5
   assuming source M87: ra 12.514 hr: dec 12.391 deg
Loading hdf5 image:  /project/u2grc/Nikola/newSimulations/KerrLow/ipole/n_-1_res_160/image_torus.out0.05217.h5
   assuming source M87: ra 12.514 hr: dec 12.391 deg
Loading hdf5 image:  /project/u2grc/Nikola/newSimulations/KerrLow/ipole/n_-1_res_160/image_torus.out0.05218.h5
   assuming source M87: ra 12.514 hr: dec 12.391 deg
Loading hdf5 image:  /project/u2grc/Nikola/newSimulations/KerrLow/ipole/n_-1_res_160/image_torus.out0.05219.h5
   assuming source M87: ra 12.514 hr: dec 12.391 deg
Loading hdf5 image:  /project/u2grc/Nikola/newSimulations/KerrLow/ipole/n_-1_res_160/image_torus.out0.05220.h5
   assuming source M87: ra 12.514 hr: dec 12.391 deg
Loading hdf5 image:  /project/u2grc/Nikola/newSimulations/KerrLow/ipole/n_-1_res_160/image_torus.out0.05221.h5
   assuming source M87: ra 12.514 hr: dec 12.391 deg
Loading hdf5 image:  /project/u2grc/Nikola/newSimulations/KerrLow/ipole/n_-1_res_160/image_torus.out0.05222.h5
   assuming source M87: ra 12.514 hr: dec 12.391 deg
Loading hdf5 image:  /project/u2grc/Nikola/newSimulations/KerrLow/ipole/n_-1_res_160/image_torus.out0.05223.h5
   assuming source M87: ra 12.514 hr: dec 12.391 deg
Loading hdf5 image:  /project/u2grc/Nikola/newSimulations/KerrLow/ipole/n_-1_res_160/image_torus.out0.05224.h5
   assuming source M87: ra 12.514 hr: dec 12.391 deg
Loading hdf5 image:  /project/u2grc/Nikola/newSimulations/KerrLow/ipole/n_-1_res_160/image_torus.out0.05225.h5
   assuming source M87: ra 12.514 hr: dec 12.391 deg
Loading hdf5 image:  /project/u2grc/Nikola/newSimulations/KerrLow/ipole/n_-1_res_160/image_torus.out0.05226.h5
   assuming source M87: ra 12.514 hr: dec 12.391 deg
Loading hdf5 image:  /project/u2grc/Nikola/newSimulations/KerrLow/ipole/n_-1_res_160/image_torus.out0.05227.h5
   assuming source M87: ra 12.514 hr: dec 12.391 deg
Loading hdf5 image:  /project/u2grc/Nikola/newSimulations/KerrLow/ipole/n_-1_res_160/image_torus.out0.05228.h5
   assuming source M87: ra 12.514 hr: dec 12.391 deg
Loading hdf5 image:  /project/u2grc/Nikola/newSimulations/KerrLow/ipole/n_-1_res_160/image_torus.out0.05229.h5
   assuming source M87: ra 12.514 hr: dec 12.391 deg
Loading hdf5 image:  /project/u2grc/Nikola/newSimulations/KerrLow/ipole/n_-1_res_160/image_torus.out0.05230.h5
   assuming source M87: ra 12.514 hr: dec 12.391 deg
Loading hdf5 image:  /project/u2grc/Nikola/newSimulations/KerrLow/ipole/n_-1_res_160/image_torus.out0.05231.h5
   assuming source M87: ra 12.514 hr: dec 12.391 deg
Loading hdf5 image:  /project/u2grc/Nikola/newSimulations/KerrLow/ipole/n_-1_res_160/image_torus.out0.05232.h5
   assuming source M87: ra 12.514 hr: dec 12.391 deg
Loading hdf5 image:  /project/u2grc/Nikola/newSimulations/KerrLow/ipole/n_-1_res_160/image_torus.out0.05233.h5
   assuming source M87: ra 12.514 hr: dec 12.391 deg
Loading hdf5 image:  /project/u2grc/Nikola/newSimulations/KerrLow/ipole/n_-1_res_160/image_torus.out0.05234.h5
   assuming source M87: ra 12.514 hr: dec 12.391 deg
Loading hdf5 image:  /project/u2grc/Nikola/newSimulations/KerrLow/ipole/n_-1_res_160/image_torus.out0.05235.h5
   assuming source M87: ra 12.514 hr: dec 12.391 deg
Loading hdf5 image:  /project/u2grc/Nikola/newSimulations/KerrLow/ipole/n_-1_res_160/image_torus.out0.05236.h5
   assuming source M87: ra 12.514 hr: dec 12.391 deg
Loading hdf5 image:  /project/u2grc/Nikola/newSimulations/KerrLow/ipole/n_-1_res_160/image_torus.out0.05237.h5
   assuming source M87: ra 12.514 hr: dec 12.391 deg
Loading hdf5 image:  /project/u2grc/Nikola/newSimulations/KerrLow/ipole/n_-1_res_160/image_torus.out0.05238.h5
   assuming source M87: ra 12.514 hr: dec 12.391 deg
Loading hdf5 image:  /project/u2grc/Nikola/newSimulations/KerrLow/ipole/n_-1_res_160/image_torus.out0.05239.h5
   assuming source M87: ra 12.514 hr: dec 12.391 deg
Loading hdf5 image:  /project/u2grc/Nikola/newSimulations/KerrLow/ipole/n_-1_res_160/image_torus.out0.05240.h5
   assuming source M87: ra 12.514 hr: dec 12.391 deg
Loading hdf5 image:  /project/u2grc/Nikola/newSimulations/KerrLow/ipole/n_-1_res_160/image_torus.out0.05241.h5
   assuming source M87: ra 12.514 hr: dec 12.391 deg
Loading hdf5 image:  /project/u2grc/Nikola/newSimulations/KerrLow/ipole/n_-1_res_160/image_torus.out0.05242.h5
   assuming source M87: ra 12.514 hr: dec 12.391 deg
Loading hdf5 image:  /project/u2grc/Nikola/newSimulations/KerrLow/ipole/n_-1_res_160/image_torus.out0.05243.h5
   assuming source M87: ra 12.514 hr: dec 12.391 deg
Loading hdf5 image:  /project/u2grc/Nikola/newSimulations/KerrLow/ipole/n_-1_res_160/image_torus.out0.05244.h5
   assuming source M87: ra 12.514 hr: dec 12.391 deg
Loading hdf5 image:  /project/u2grc/Nikola/newSimulations/KerrLow/ipole/n_-1_res_160/image_torus.out0.05245.h5
   assuming source M87: ra 12.514 hr: dec 12.391 deg
Loading hdf5 image:  /project/u2grc/Nikola/newSimulations/KerrLow/ipole/n_-1_res_160/image_torus.out0.05246.h5
   assuming source M87: ra 12.514 hr: dec 12.391 deg
Loading hdf5 image:  /project/u2grc/Nikola/newSimulations/KerrLow/ipole/n_-1_res_160/image_torus.out0.05247.h5
   assuming source M87: ra 12.514 hr: dec 12.391 deg
Loading hdf5 image:  /project/u2grc/Nikola/newSimulations/KerrLow/ipole/n_-1_res_160/image_torus.out0.05248.h5
   assuming source M87: ra 12.514 hr: dec 12.391 deg
Loading hdf5 image:  /project/u2grc/Nikola/newSimulations/KerrLow/ipole/n_-1_res_160/image_torus.out0.05249.h5
   assuming source M87: ra 12.514 hr: dec 12.391 deg
Loading hdf5 image:  /project/u2grc/Nikola/newSimulations/KerrLow/ipole/n_-1_res_160/image_torus.out0.05250.h5
   assuming source M87: ra 12.514 hr: dec 12.391 deg
Loading hdf5 image:  /project/u2grc/Nikola/newSimulations/KerrLow/ipole/n_-1_res_160/image_torus.out0.05251.h5
   assuming source M87: ra 12.514 hr: dec 12.391 deg
Loading hdf5 image:  /project/u2grc/Nikola/newSimulations/KerrLow/ipole/n_-1_res_160/image_torus.out0.05252.h5
   assuming source M87: ra 12.514 hr: dec 12.391 deg
Loading hdf5 image:  /project/u2grc/Nikola/newSimulations/KerrLow/ipole/n_-1_res_160/image_torus.out0.05253.h5
   assuming source M87: ra 12.514 hr: dec 12.391 deg
Loading hdf5 image:  /project/u2grc/Nikola/newSimulations/KerrLow/ipole/n_-1_res_160/image_torus.out0.05254.h5
   assuming source M87: ra 12.514 hr: dec 12.391 deg
Loading hdf5 image:  /project/u2grc/Nikola/newSimulations/KerrLow/ipole/n_-1_res_160/image_torus.out0.05255.h5
   assuming source M87: ra 12.514 hr: dec 12.391 deg
Loading hdf5 image:  /project/u2grc/Nikola/newSimulations/KerrLow/ipole/n_-1_res_160/image_torus.out0.05256.h5
   assuming source M87: ra 12.514 hr: dec 12.391 deg
Loading hdf5 image:  /project/u2grc/Nikola/newSimulations/KerrLow/ipole/n_-1_res_160/image_torus.out0.05257.h5
   assuming source M87: ra 12.514 hr: dec 12.391 deg
Loading hdf5 image:  /project/u2grc/Nikola/newSimulations/KerrLow/ipole/n_-1_res_160/image_torus.out0.05258.h5
   assuming source M87: ra 12.514 hr: dec 12.391 deg
Loading hdf5 image:  /project/u2grc/Nikola/newSimulations/KerrLow/ipole/n_-1_res_160/image_torus.out0.05259.h5
   assuming source M87: ra 12.514 hr: dec 12.391 deg
Loading hdf5 image:  /project/u2grc/Nikola/newSimulations/KerrLow/ipole/n_-1_res_160/image_torus.out0.05260.h5
   assuming source M87: ra 12.514 hr: dec 12.391 deg
Loading hdf5 image:  /project/u2grc/Nikola/newSimulations/KerrLow/ipole/n_-1_res_160/image_torus.out0.05261.h5
   assuming source M87: ra 12.514 hr: dec 12.391 deg
Loading hdf5 image:  /project/u2grc/Nikola/newSimulations/KerrLow/ipole/n_-1_res_160/image_torus.out0.05262.h5
   assuming source M87: ra 12.514 hr: dec 12.391 deg
Loading hdf5 image:  /project/u2grc/Nikola/newSimulations/KerrLow/ipole/n_-1_res_160/image_torus.out0.05263.h5
   assuming source M87: ra 12.514 hr: dec 12.391 deg
Loading hdf5 image:  /project/u2grc/Nikola/newSimulations/KerrLow/ipole/n_-1_res_160/image_torus.out0.05264.h5
   assuming source M87: ra 12.514 hr: dec 12.391 deg
Loading hdf5 image:  /project/u2grc/Nikola/newSimulations/KerrLow/ipole/n_-1_res_160/image_torus.out0.05265.h5
   assuming source M87: ra 12.514 hr: dec 12.391 deg
Loading hdf5 image:  /project/u2grc/Nikola/newSimulations/KerrLow/ipole/n_-1_res_160/image_torus.out0.05266.h5
   assuming source M87: ra 12.514 hr: dec 12.391 deg
Loading hdf5 image:  /project/u2grc/Nikola/newSimulations/KerrLow/ipole/n_-1_res_160/image_torus.out0.05267.h5
   assuming source M87: ra 12.514 hr: dec 12.391 deg
Loading hdf5 image:  /project/u2grc/Nikola/newSimulations/KerrLow/ipole/n_-1_res_160/image_torus.out0.05268.h5
   assuming source M87: ra 12.514 hr: dec 12.391 deg
Loading hdf5 image:  /project/u2grc/Nikola/newSimulations/KerrLow/ipole/n_-1_res_160/image_torus.out0.05269.h5
   assuming source M87: ra 12.514 hr: dec 12.391 deg
Loading hdf5 image:  /project/u2grc/Nikola/newSimulations/KerrLow/ipole/n_-1_res_160/image_torus.out0.05270.h5
   assuming source M87: ra 12.514 hr: dec 12.391 deg
Loading hdf5 image:  /project/u2grc/Nikola/newSimulations/KerrLow/ipole/n_-1_res_160/image_torus.out0.05271.h5
   assuming source M87: ra 12.514 hr: dec 12.391 deg
Loading hdf5 image:  /project/u2grc/Nikola/newSimulations/KerrLow/ipole/n_-1_res_160/image_torus.out0.05272.h5
   assuming source M87: ra 12.514 hr: dec 12.391 deg
Loading hdf5 image:  /project/u2grc/Nikola/newSimulations/KerrLow/ipole/n_-1_res_160/image_torus.out0.05273.h5
   assuming source M87: ra 12.514 hr: dec 12.391 deg
Loading hdf5 image:  /project/u2grc/Nikola/newSimulations/KerrLow/ipole/n_-1_res_160/image_torus.out0.05274.h5
   assuming source M87: ra 12.514 hr: dec 12.391 deg
Loading hdf5 image:  /project/u2grc/Nikola/newSimulations/KerrLow/ipole/n_-1_res_160/image_torus.out0.05275.h5
   assuming source M87: ra 12.514 hr: dec 12.391 deg
Loading hdf5 image:  /project/u2grc/Nikola/newSimulations/KerrLow/ipole/n_-1_res_160/image_torus.out0.05276.h5
   assuming source M87: ra 12.514 hr: dec 12.391 deg
Loading hdf5 image:  /project/u2grc/Nikola/newSimulations/KerrLow/ipole/n_-1_res_160/image_torus.out0.05277.h5
   assuming source M87: ra 12.514 hr: dec 12.391 deg
Loading hdf5 image:  /project/u2grc/Nikola/newSimulations/KerrLow/ipole/n_-1_res_160/image_torus.out0.05278.h5
   assuming source M87: ra 12.514 hr: dec 12.391 deg
Loading hdf5 image:  /project/u2grc/Nikola/newSimulations/KerrLow/ipole/n_-1_res_160/image_torus.out0.05279.h5
   assuming source M87: ra 12.514 hr: dec 12.391 deg
Loading hdf5 image:  /project/u2grc/Nikola/newSimulations/KerrLow/ipole/n_-1_res_160/image_torus.out0.05280.h5
   assuming source M87: ra 12.514 hr: dec 12.391 deg
Loading hdf5 image:  /project/u2grc/Nikola/newSimulations/KerrLow/ipole/n_-1_res_160/image_torus.out0.05281.h5
   assuming source M87: ra 12.514 hr: dec 12.391 deg
Loading hdf5 image:  /project/u2grc/Nikola/newSimulations/KerrLow/ipole/n_-1_res_160/image_torus.out0.05282.h5
   assuming source M87: ra 12.514 hr: dec 12.391 deg
Loading hdf5 image:  /project/u2grc/Nikola/newSimulations/KerrLow/ipole/n_-1_res_160/image_torus.out0.05283.h5
   assuming source M87: ra 12.514 hr: dec 12.391 deg
Loading hdf5 image:  /project/u2grc/Nikola/newSimulations/KerrLow/ipole/n_-1_res_160/image_torus.out0.05284.h5
   assuming source M87: ra 12.514 hr: dec 12.391 deg
Loading hdf5 image:  /project/u2grc/Nikola/newSimulations/KerrLow/ipole/n_-1_res_160/image_torus.out0.05285.h5
   assuming source M87: ra 12.514 hr: dec 12.391 deg
Loading hdf5 image:  /project/u2grc/Nikola/newSimulations/KerrLow/ipole/n_-1_res_160/image_torus.out0.05286.h5
   assuming source M87: ra 12.514 hr: dec 12.391 deg
Loading hdf5 image:  /project/u2grc/Nikola/newSimulations/KerrLow/ipole/n_-1_res_160/image_torus.out0.05287.h5
   assuming source M87: ra 12.514 hr: dec 12.391 deg
Loading hdf5 image:  /project/u2grc/Nikola/newSimulations/KerrLow/ipole/n_-1_res_160/image_torus.out0.05288.h5
   assuming source M87: ra 12.514 hr: dec 12.391 deg
Loading hdf5 image:  /project/u2grc/Nikola/newSimulations/KerrLow/ipole/n_-1_res_160/image_torus.out0.05289.h5
   assuming source M87: ra 12.514 hr: dec 12.391 deg
Loading hdf5 image:  /project/u2grc/Nikola/newSimulations/KerrLow/ipole/n_-1_res_160/image_torus.out0.05290.h5
   assuming source M87: ra 12.514 hr: dec 12.391 deg
Loading hdf5 image:  /project/u2grc/Nikola/newSimulations/KerrLow/ipole/n_-1_res_160/image_torus.out0.05291.h5
   assuming source M87: ra 12.514 hr: dec 12.391 deg
Loading hdf5 image:  /project/u2grc/Nikola/newSimulations/KerrLow/ipole/n_-1_res_160/image_torus.out0.05292.h5
   assuming source M87: ra 12.514 hr: dec 12.391 deg
Loading hdf5 image:  /project/u2grc/Nikola/newSimulations/KerrLow/ipole/n_-1_res_160/image_torus.out0.05293.h5
   assuming source M87: ra 12.514 hr: dec 12.391 deg
Loading hdf5 image:  /project/u2grc/Nikola/newSimulations/KerrLow/ipole/n_-1_res_160/image_torus.out0.05294.h5
   assuming source M87: ra 12.514 hr: dec 12.391 deg
Loading hdf5 image:  /project/u2grc/Nikola/newSimulations/KerrLow/ipole/n_-1_res_160/image_torus.out0.05295.h5
   assuming source M87: ra 12.514 hr: dec 12.391 deg
Loading hdf5 image:  /project/u2grc/Nikola/newSimulations/KerrLow/ipole/n_-1_res_160/image_torus.out0.05296.h5
   assuming source M87: ra 12.514 hr: dec 12.391 deg
Loading hdf5 image:  /project/u2grc/Nikola/newSimulations/KerrLow/ipole/n_-1_res_160/image_torus.out0.05297.h5
   assuming source M87: ra 12.514 hr: dec 12.391 deg
Loading hdf5 image:  /project/u2grc/Nikola/newSimulations/KerrLow/ipole/n_-1_res_160/image_torus.out0.05298.h5
   assuming source M87: ra 12.514 hr: dec 12.391 deg
Loading hdf5 image:  /project/u2grc/Nikola/newSimulations/KerrLow/ipole/n_-1_res_160/image_torus.out0.05299.h5
   assuming source M87: ra 12.514 hr: dec 12.391 deg
Loading hdf5 image:  /project/u2grc/Nikola/newSimulations/KerrLow/ipole/n_-1_res_160/image_torus.out0.05300.h5
   assuming source M87: ra 12.514 hr: dec 12.391 deg
Loading hdf5 image:  /project/u2grc/Nikola/newSimulations/KerrLow/ipole/n_-1_res_160/image_torus.out0.05301.h5
   assuming source M87: ra 12.514 hr: dec 12.391 deg
Loading hdf5 image:  /project/u2grc/Nikola/newSimulations/KerrLow/ipole/n_-1_res_160/image_torus.out0.05302.h5
   assuming source M87: ra 12.514 hr: dec 12.391 deg
Loading hdf5 image:  /project/u2grc/Nikola/newSimulations/KerrLow/ipole/n_-1_res_160/image_torus.out0.05303.h5
   assuming source M87: ra 12.514 hr: dec 12.391 deg
Loading hdf5 image:  /project/u2grc/Nikola/newSimulations/KerrLow/ipole/n_-1_res_160/image_torus.out0.05304.h5
   assuming source M87: ra 12.514 hr: dec 12.391 deg
Loading hdf5 image:  /project/u2grc/Nikola/newSimulations/KerrLow/ipole/n_-1_res_160/image_torus.out0.05305.h5
   assuming source M87: ra 12.514 hr: dec 12.391 deg
Loading hdf5 image:  /project/u2grc/Nikola/newSimulations/KerrLow/ipole/n_-1_res_160/image_torus.out0.05306.h5
   assuming source M87: ra 12.514 hr: dec 12.391 deg
Loading hdf5 image:  /project/u2grc/Nikola/newSimulations/KerrLow/ipole/n_-1_res_160/image_torus.out0.05307.h5
   assuming source M87: ra 12.514 hr: dec 12.391 deg
Loading hdf5 image:  /project/u2grc/Nikola/newSimulations/KerrLow/ipole/n_-1_res_160/image_torus.out0.05308.h5
   assuming source M87: ra 12.514 hr: dec 12.391 deg
Loading hdf5 image:  /project/u2grc/Nikola/newSimulations/KerrLow/ipole/n_-1_res_160/image_torus.out0.05309.h5
   assuming source M87: ra 12.514 hr: dec 12.391 deg
Loading hdf5 image:  /project/u2grc/Nikola/newSimulations/KerrLow/ipole/n_-1_res_160/image_torus.out0.05310.h5
   assuming source M87: ra 12.514 hr: dec 12.391 deg
Loading hdf5 image:  /project/u2grc/Nikola/newSimulations/KerrLow/ipole/n_-1_res_160/image_torus.out0.05311.h5
   assuming source M87: ra 12.514 hr: dec 12.391 deg
Loading hdf5 image:  /project/u2grc/Nikola/newSimulations/KerrLow/ipole/n_-1_res_160/image_torus.out0.05312.h5
   assuming source M87: ra 12.514 hr: dec 12.391 deg
Loading hdf5 image:  /project/u2grc/Nikola/newSimulations/KerrLow/ipole/n_-1_res_160/image_torus.out0.05313.h5
   assuming source M87: ra 12.514 hr: dec 12.391 deg
Loading hdf5 image:  /project/u2grc/Nikola/newSimulations/KerrLow/ipole/n_-1_res_160/image_torus.out0.05314.h5
   assuming source M87: ra 12.514 hr: dec 12.391 deg
Loading hdf5 image:  /project/u2grc/Nikola/newSimulations/KerrLow/ipole/n_-1_res_160/image_torus.out0.05315.h5
   assuming source M87: ra 12.514 hr: dec 12.391 deg
Loading hdf5 image:  /project/u2grc/Nikola/newSimulations/KerrLow/ipole/n_-1_res_160/image_torus.out0.05316.h5
   assuming source M87: ra 12.514 hr: dec 12.391 deg
Loading hdf5 image:  /project/u2grc/Nikola/newSimulations/KerrLow/ipole/n_-1_res_160/image_torus.out0.05317.h5
   assuming source M87: ra 12.514 hr: dec 12.391 deg
Loading hdf5 image:  /project/u2grc/Nikola/newSimulations/KerrLow/ipole/n_-1_res_160/image_torus.out0.05318.h5
   assuming source M87: ra 12.514 hr: dec 12.391 deg
Loading hdf5 image:  /project/u2grc/Nikola/newSimulations/KerrLow/ipole/n_-1_res_160/image_torus.out0.05319.h5
   assuming source M87: ra 12.514 hr: dec 12.391 deg
Loading hdf5 image:  /project/u2grc/Nikola/newSimulations/KerrLow/ipole/n_-1_res_160/image_torus.out0.05320.h5
   assuming source M87: ra 12.514 hr: dec 12.391 deg
Loading hdf5 image:  /project/u2grc/Nikola/newSimulations/KerrLow/ipole/n_-1_res_160/image_torus.out0.05321.h5
   assuming source M87: ra 12.514 hr: dec 12.391 deg
Loading hdf5 image:  /project/u2grc/Nikola/newSimulations/KerrLow/ipole/n_-1_res_160/image_torus.out0.05322.h5
   assuming source M87: ra 12.514 hr: dec 12.391 deg
Loading hdf5 image:  /project/u2grc/Nikola/newSimulations/KerrLow/ipole/n_-1_res_160/image_torus.out0.05323.h5
   assuming source M87: ra 12.514 hr: dec 12.391 deg
Loading hdf5 image:  /project/u2grc/Nikola/newSimulations/KerrLow/ipole/n_-1_res_160/image_torus.out0.05324.h5
   assuming source M87: ra 12.514 hr: dec 12.391 deg
Loading hdf5 image:  /project/u2grc/Nikola/newSimulations/KerrLow/ipole/n_-1_res_160/image_torus.out0.05325.h5
   assuming source M87: ra 12.514 hr: dec 12.391 deg
Loading hdf5 image:  /project/u2grc/Nikola/newSimulations/KerrLow/ipole/n_-1_res_160/image_torus.out0.05326.h5
   assuming source M87: ra 12.514 hr: dec 12.391 deg
Loading hdf5 image:  /project/u2grc/Nikola/newSimulations/KerrLow/ipole/n_-1_res_160/image_torus.out0.05327.h5
   assuming source M87: ra 12.514 hr: dec 12.391 deg
Loading hdf5 image:  /project/u2grc/Nikola/newSimulations/KerrLow/ipole/n_-1_res_160/image_torus.out0.05328.h5
   assuming source M87: ra 12.514 hr: dec 12.391 deg
Loading hdf5 image:  /project/u2grc/Nikola/newSimulations/KerrLow/ipole/n_-1_res_160/image_torus.out0.05329.h5
   assuming source M87: ra 12.514 hr: dec 12.391 deg
Loading hdf5 image:  /project/u2grc/Nikola/newSimulations/KerrLow/ipole/n_-1_res_160/image_torus.out0.05330.h5
   assuming source M87: ra 12.514 hr: dec 12.391 deg
Loading hdf5 image:  /project/u2grc/Nikola/newSimulations/KerrLow/ipole/n_-1_res_160/image_torus.out0.05331.h5
   assuming source M87: ra 12.514 hr: dec 12.391 deg
Loading hdf5 image:  /project/u2grc/Nikola/newSimulations/KerrLow/ipole/n_-1_res_160/image_torus.out0.05332.h5
   assuming source M87: ra 12.514 hr: dec 12.391 deg
Loading hdf5 image:  /project/u2grc/Nikola/newSimulations/KerrLow/ipole/n_-1_res_160/image_torus.out0.05333.h5
   assuming source M87: ra 12.514 hr: dec 12.391 deg
Loading hdf5 image:  /project/u2grc/Nikola/newSimulations/KerrLow/ipole/n_-1_res_160/image_torus.out0.05334.h5
   assuming source M87: ra 12.514 hr: dec 12.391 deg
Loading hdf5 image:  /project/u2grc/Nikola/newSimulations/KerrLow/ipole/n_-1_res_160/image_torus.out0.05335.h5
   assuming source M87: ra 12.514 hr: dec 12.391 deg
Loading hdf5 image:  /project/u2grc/Nikola/newSimulations/KerrLow/ipole/n_-1_res_160/image_torus.out0.05336.h5
   assuming source M87: ra 12.514 hr: dec 12.391 deg
Loading hdf5 image:  /project/u2grc/Nikola/newSimulations/KerrLow/ipole/n_-1_res_160/image_torus.out0.05337.h5
   assuming source M87: ra 12.514 hr: dec 12.391 deg
Loading hdf5 image:  /project/u2grc/Nikola/newSimulations/KerrLow/ipole/n_-1_res_160/image_torus.out0.05338.h5
   assuming source M87: ra 12.514 hr: dec 12.391 deg
Loading hdf5 image:  /project/u2grc/Nikola/newSimulations/KerrLow/ipole/n_-1_res_160/image_torus.out0.05339.h5
   assuming source M87: ra 12.514 hr: dec 12.391 deg
Loading hdf5 image:  /project/u2grc/Nikola/newSimulations/KerrLow/ipole/n_-1_res_160/image_torus.out0.05340.h5
   assuming source M87: ra 12.514 hr: dec 12.391 deg
Loading hdf5 image:  /project/u2grc/Nikola/newSimulations/KerrLow/ipole/n_-1_res_160/image_torus.out0.05341.h5
   assuming source M87: ra 12.514 hr: dec 12.391 deg
Loading hdf5 image:  /project/u2grc/Nikola/newSimulations/KerrLow/ipole/n_-1_res_160/image_torus.out0.05342.h5
   assuming source M87: ra 12.514 hr: dec 12.391 deg
Loading hdf5 image:  /project/u2grc/Nikola/newSimulations/KerrLow/ipole/n_-1_res_160/image_torus.out0.05343.h5
   assuming source M87: ra 12.514 hr: dec 12.391 deg
Loading hdf5 image:  /project/u2grc/Nikola/newSimulations/KerrLow/ipole/n_-1_res_160/image_torus.out0.05344.h5
   assuming source M87: ra 12.514 hr: dec 12.391 deg
Loading hdf5 image:  /project/u2grc/Nikola/newSimulations/KerrLow/ipole/n_-1_res_160/image_torus.out0.05345.h5
   assuming source M87: ra 12.514 hr: dec 12.391 deg
Loading hdf5 image:  /project/u2grc/Nikola/newSimulations/KerrLow/ipole/n_-1_res_160/image_torus.out0.05346.h5
   assuming source M87: ra 12.514 hr: dec 12.391 deg
Loading hdf5 image:  /project/u2grc/Nikola/newSimulations/KerrLow/ipole/n_-1_res_160/image_torus.out0.05347.h5
   assuming source M87: ra 12.514 hr: dec 12.391 deg
Loading hdf5 image:  /project/u2grc/Nikola/newSimulations/KerrLow/ipole/n_-1_res_160/image_torus.out0.05348.h5
   assuming source M87: ra 12.514 hr: dec 12.391 deg
Loading hdf5 image:  /project/u2grc/Nikola/newSimulations/KerrLow/ipole/n_-1_res_160/image_torus.out0.05349.h5
   assuming source M87: ra 12.514 hr: dec 12.391 deg
Loading hdf5 image:  /project/u2grc/Nikola/newSimulations/KerrLow/ipole/n_-1_res_160/image_torus.out0.05350.h5
   assuming source M87: ra 12.514 hr: dec 12.391 deg
Loading hdf5 image:  /project/u2grc/Nikola/newSimulations/KerrLow/ipole/n_-1_res_160/image_torus.out0.05351.h5
   assuming source M87: ra 12.514 hr: dec 12.391 deg
Loading hdf5 image:  /project/u2grc/Nikola/newSimulations/KerrLow/ipole/n_-1_res_160/image_torus.out0.05352.h5
   assuming source M87: ra 12.514 hr: dec 12.391 deg
Loading hdf5 image:  /project/u2grc/Nikola/newSimulations/KerrLow/ipole/n_-1_res_160/image_torus.out0.05353.h5
   assuming source M87: ra 12.514 hr: dec 12.391 deg
Loading hdf5 image:  /project/u2grc/Nikola/newSimulations/KerrLow/ipole/n_-1_res_160/image_torus.out0.05354.h5
   assuming source M87: ra 12.514 hr: dec 12.391 deg
Loading hdf5 image:  /project/u2grc/Nikola/newSimulations/KerrLow/ipole/n_-1_res_160/image_torus.out0.05355.h5
   assuming source M87: ra 12.514 hr: dec 12.391 deg
Loading hdf5 image:  /project/u2grc/Nikola/newSimulations/KerrLow/ipole/n_-1_res_160/image_torus.out0.05356.h5
   assuming source M87: ra 12.514 hr: dec 12.391 deg
Loading hdf5 image:  /project/u2grc/Nikola/newSimulations/KerrLow/ipole/n_-1_res_160/image_torus.out0.05357.h5
   assuming source M87: ra 12.514 hr: dec 12.391 deg
Loading hdf5 image:  /project/u2grc/Nikola/newSimulations/KerrLow/ipole/n_-1_res_160/image_torus.out0.05358.h5
   assuming source M87: ra 12.514 hr: dec 12.391 deg
Loading hdf5 image:  /project/u2grc/Nikola/newSimulations/KerrLow/ipole/n_-1_res_160/image_torus.out0.05359.h5
   assuming source M87: ra 12.514 hr: dec 12.391 deg
Loading hdf5 image:  /project/u2grc/Nikola/newSimulations/KerrLow/ipole/n_-1_res_160/image_torus.out0.05360.h5
   assuming source M87: ra 12.514 hr: dec 12.391 deg
Loading hdf5 image:  /project/u2grc/Nikola/newSimulations/KerrLow/ipole/n_-1_res_160/image_torus.out0.05361.h5
   assuming source M87: ra 12.514 hr: dec 12.391 deg
Loading hdf5 image:  /project/u2grc/Nikola/newSimulations/KerrLow/ipole/n_-1_res_160/image_torus.out0.05362.h5
   assuming source M87: ra 12.514 hr: dec 12.391 deg
Loading hdf5 image:  /project/u2grc/Nikola/newSimulations/KerrLow/ipole/n_-1_res_160/image_torus.out0.05363.h5
   assuming source M87: ra 12.514 hr: dec 12.391 deg
Loading hdf5 image:  /project/u2grc/Nikola/newSimulations/KerrLow/ipole/n_-1_res_160/image_torus.out0.05364.h5
   assuming source M87: ra 12.514 hr: dec 12.391 deg
Loading hdf5 image:  /project/u2grc/Nikola/newSimulations/KerrLow/ipole/n_-1_res_160/image_torus.out0.05365.h5
   assuming source M87: ra 12.514 hr: dec 12.391 deg
Loading hdf5 image:  /project/u2grc/Nikola/newSimulations/KerrLow/ipole/n_-1_res_160/image_torus.out0.05366.h5
   assuming source M87: ra 12.514 hr: dec 12.391 deg
Loading hdf5 image:  /project/u2grc/Nikola/newSimulations/KerrLow/ipole/n_-1_res_160/image_torus.out0.05367.h5
   assuming source M87: ra 12.514 hr: dec 12.391 deg
Loading hdf5 image:  /project/u2grc/Nikola/newSimulations/KerrLow/ipole/n_-1_res_160/image_torus.out0.05368.h5
   assuming source M87: ra 12.514 hr: dec 12.391 deg
Loading hdf5 image:  /project/u2grc/Nikola/newSimulations/KerrLow/ipole/n_-1_res_160/image_torus.out0.05369.h5
   assuming source M87: ra 12.514 hr: dec 12.391 deg
Loading hdf5 image:  /project/u2grc/Nikola/newSimulations/KerrLow/ipole/n_-1_res_160/image_torus.out0.05370.h5
   assuming source M87: ra 12.514 hr: dec 12.391 deg
Loading hdf5 image:  /project/u2grc/Nikola/newSimulations/KerrLow/ipole/n_-1_res_160/image_torus.out0.05371.h5
   assuming source M87: ra 12.514 hr: dec 12.391 deg
Loading hdf5 image:  /project/u2grc/Nikola/newSimulations/KerrLow/ipole/n_-1_res_160/image_torus.out0.05372.h5
   assuming source M87: ra 12.514 hr: dec 12.391 deg
Loading hdf5 image:  /project/u2grc/Nikola/newSimulations/KerrLow/ipole/n_-1_res_160/image_torus.out0.05373.h5
   assuming source M87: ra 12.514 hr: dec 12.391 deg
Loading hdf5 image:  /project/u2grc/Nikola/newSimulations/KerrLow/ipole/n_-1_res_160/image_torus.out0.05374.h5
   assuming source M87: ra 12.514 hr: dec 12.391 deg
Loading hdf5 image:  /project/u2grc/Nikola/newSimulations/KerrLow/ipole/n_-1_res_160/image_torus.out0.05375.h5
   assuming source M87: ra 12.514 hr: dec 12.391 deg
Loading hdf5 image:  /project/u2grc/Nikola/newSimulations/KerrLow/ipole/n_-1_res_160/image_torus.out0.05376.h5
   assuming source M87: ra 12.514 hr: dec 12.391 deg
Loading hdf5 image:  /project/u2grc/Nikola/newSimulations/KerrLow/ipole/n_-1_res_160/image_torus.out0.05377.h5
   assuming source M87: ra 12.514 hr: dec 12.391 deg
Loading hdf5 image:  /project/u2grc/Nikola/newSimulations/KerrLow/ipole/n_-1_res_160/image_torus.out0.05378.h5
   assuming source M87: ra 12.514 hr: dec 12.391 deg
Loading hdf5 image:  /project/u2grc/Nikola/newSimulations/KerrLow/ipole/n_-1_res_160/image_torus.out0.05379.h5
   assuming source M87: ra 12.514 hr: dec 12.391 deg
Loading hdf5 image:  /project/u2grc/Nikola/newSimulations/KerrLow/ipole/n_-1_res_160/image_torus.out0.05380.h5
   assuming source M87: ra 12.514 hr: dec 12.391 deg
Loading hdf5 image:  /project/u2grc/Nikola/newSimulations/KerrLow/ipole/n_-1_res_160/image_torus.out0.05381.h5
   assuming source M87: ra 12.514 hr: dec 12.391 deg
Loading hdf5 image:  /project/u2grc/Nikola/newSimulations/KerrLow/ipole/n_-1_res_160/image_torus.out0.05382.h5
   assuming source M87: ra 12.514 hr: dec 12.391 deg
Loading hdf5 image:  /project/u2grc/Nikola/newSimulations/KerrLow/ipole/n_-1_res_160/image_torus.out0.05383.h5
   assuming source M87: ra 12.514 hr: dec 12.391 deg
Loading hdf5 image:  /project/u2grc/Nikola/newSimulations/KerrLow/ipole/n_-1_res_160/image_torus.out0.05384.h5
   assuming source M87: ra 12.514 hr: dec 12.391 deg
Loading hdf5 image:  /project/u2grc/Nikola/newSimulations/KerrLow/ipole/n_-1_res_160/image_torus.out0.05385.h5
   assuming source M87: ra 12.514 hr: dec 12.391 deg
Loading hdf5 image:  /project/u2grc/Nikola/newSimulations/KerrLow/ipole/n_-1_res_160/image_torus.out0.05386.h5
   assuming source M87: ra 12.514 hr: dec 12.391 deg
Loading hdf5 image:  /project/u2grc/Nikola/newSimulations/KerrLow/ipole/n_-1_res_160/image_torus.out0.05387.h5
   assuming source M87: ra 12.514 hr: dec 12.391 deg
Loading hdf5 image:  /project/u2grc/Nikola/newSimulations/KerrLow/ipole/n_-1_res_160/image_torus.out0.05388.h5
   assuming source M87: ra 12.514 hr: dec 12.391 deg
Loading hdf5 image:  /project/u2grc/Nikola/newSimulations/KerrLow/ipole/n_-1_res_160/image_torus.out0.05389.h5
   assuming source M87: ra 12.514 hr: dec 12.391 deg
Loading hdf5 image:  /project/u2grc/Nikola/newSimulations/KerrLow/ipole/n_-1_res_160/image_torus.out0.05390.h5
   assuming source M87: ra 12.514 hr: dec 12.391 deg
Loading hdf5 image:  /project/u2grc/Nikola/newSimulations/KerrLow/ipole/n_-1_res_160/image_torus.out0.05391.h5
   assuming source M87: ra 12.514 hr: dec 12.391 deg
Loading hdf5 image:  /project/u2grc/Nikola/newSimulations/KerrLow/ipole/n_-1_res_160/image_torus.out0.05392.h5
   assuming source M87: ra 12.514 hr: dec 12.391 deg
Loading hdf5 image:  /project/u2grc/Nikola/newSimulations/KerrLow/ipole/n_-1_res_160/image_torus.out0.05393.h5
   assuming source M87: ra 12.514 hr: dec 12.391 deg
Loading hdf5 image:  /project/u2grc/Nikola/newSimulations/KerrLow/ipole/n_-1_res_160/image_torus.out0.05394.h5
   assuming source M87: ra 12.514 hr: dec 12.391 deg
Loading hdf5 image:  /project/u2grc/Nikola/newSimulations/KerrLow/ipole/n_-1_res_160/image_torus.out0.05395.h5
   assuming source M87: ra 12.514 hr: dec 12.391 deg
Loading hdf5 image:  /project/u2grc/Nikola/newSimulations/KerrLow/ipole/n_-1_res_160/image_torus.out0.05396.h5
   assuming source M87: ra 12.514 hr: dec 12.391 deg
Loading hdf5 image:  /project/u2grc/Nikola/newSimulations/KerrLow/ipole/n_-1_res_160/image_torus.out0.05397.h5
   assuming source M87: ra 12.514 hr: dec 12.391 deg
Loading hdf5 image:  /project/u2grc/Nikola/newSimulations/KerrLow/ipole/n_-1_res_160/image_torus.out0.05398.h5
   assuming source M87: ra 12.514 hr: dec 12.391 deg
Loading hdf5 image:  /project/u2grc/Nikola/newSimulations/KerrLow/ipole/n_-1_res_160/image_torus.out0.05399.h5
   assuming source M87: ra 12.514 hr: dec 12.391 deg
Loading hdf5 image:  /project/u2grc/Nikola/newSimulations/KerrLow/ipole/n_-1_res_160/image_torus.out0.05400.h5
   assuming source M87: ra 12.514 hr: dec 12.391 deg
Loading hdf5 image:  /project/u2grc/Nikola/newSimulations/KerrLow/ipole/n_-1_res_160/image_torus.out0.05401.h5
   assuming source M87: ra 12.514 hr: dec 12.391 deg
Loading hdf5 image:  /project/u2grc/Nikola/newSimulations/KerrLow/ipole/n_-1_res_160/image_torus.out0.05402.h5
   assuming source M87: ra 12.514 hr: dec 12.391 deg
Loading hdf5 image:  /project/u2grc/Nikola/newSimulations/KerrLow/ipole/n_-1_res_160/image_torus.out0.05403.h5
   assuming source M87: ra 12.514 hr: dec 12.391 deg
Loading hdf5 image:  /project/u2grc/Nikola/newSimulations/KerrLow/ipole/n_-1_res_160/image_torus.out0.05404.h5
   assuming source M87: ra 12.514 hr: dec 12.391 deg
Loading hdf5 image:  /project/u2grc/Nikola/newSimulations/KerrLow/ipole/n_-1_res_160/image_torus.out0.05405.h5
   assuming source M87: ra 12.514 hr: dec 12.391 deg
Loading hdf5 image:  /project/u2grc/Nikola/newSimulations/KerrLow/ipole/n_-1_res_160/image_torus.out0.05406.h5
   assuming source M87: ra 12.514 hr: dec 12.391 deg
Loading hdf5 image:  /project/u2grc/Nikola/newSimulations/KerrLow/ipole/n_-1_res_160/image_torus.out0.05407.h5
   assuming source M87: ra 12.514 hr: dec 12.391 deg
Loading hdf5 image:  /project/u2grc/Nikola/newSimulations/KerrLow/ipole/n_-1_res_160/image_torus.out0.05408.h5
   assuming source M87: ra 12.514 hr: dec 12.391 deg
Loading hdf5 image:  /project/u2grc/Nikola/newSimulations/KerrLow/ipole/n_-1_res_160/image_torus.out0.05409.h5
   assuming source M87: ra 12.514 hr: dec 12.391 deg
Loading hdf5 image:  /project/u2grc/Nikola/newSimulations/KerrLow/ipole/n_-1_res_160/image_torus.out0.05410.h5
   assuming source M87: ra 12.514 hr: dec 12.391 deg
Loading hdf5 image:  /project/u2grc/Nikola/newSimulations/KerrLow/ipole/n_-1_res_160/image_torus.out0.05411.h5
   assuming source M87: ra 12.514 hr: dec 12.391 deg
Loading hdf5 image:  /project/u2grc/Nikola/newSimulations/KerrLow/ipole/n_-1_res_160/image_torus.out0.05412.h5
   assuming source M87: ra 12.514 hr: dec 12.391 deg
Loading hdf5 image:  /project/u2grc/Nikola/newSimulations/KerrLow/ipole/n_-1_res_160/image_torus.out0.05413.h5
   assuming source M87: ra 12.514 hr: dec 12.391 deg
Loading hdf5 image:  /project/u2grc/Nikola/newSimulations/KerrLow/ipole/n_-1_res_160/image_torus.out0.05414.h5
   assuming source M87: ra 12.514 hr: dec 12.391 deg
Loading hdf5 image:  /project/u2grc/Nikola/newSimulations/KerrLow/ipole/n_-1_res_160/image_torus.out0.05415.h5
   assuming source M87: ra 12.514 hr: dec 12.391 deg
Loading hdf5 image:  /project/u2grc/Nikola/newSimulations/KerrLow/ipole/n_-1_res_160/image_torus.out0.05416.h5
   assuming source M87: ra 12.514 hr: dec 12.391 deg
Loading hdf5 image:  /project/u2grc/Nikola/newSimulations/KerrLow/ipole/n_-1_res_160/image_torus.out0.05417.h5
   assuming source M87: ra 12.514 hr: dec 12.391 deg
Loading hdf5 image:  /project/u2grc/Nikola/newSimulations/KerrLow/ipole/n_-1_res_160/image_torus.out0.05418.h5
   assuming source M87: ra 12.514 hr: dec 12.391 deg
Loading hdf5 image:  /project/u2grc/Nikola/newSimulations/KerrLow/ipole/n_-1_res_160/image_torus.out0.05419.h5
   assuming source M87: ra 12.514 hr: dec 12.391 deg
Loading hdf5 image:  /project/u2grc/Nikola/newSimulations/KerrLow/ipole/n_-1_res_160/image_torus.out0.05420.h5
   assuming source M87: ra 12.514 hr: dec 12.391 deg
Loading hdf5 image:  /project/u2grc/Nikola/newSimulations/KerrLow/ipole/n_-1_res_160/image_torus.out0.05421.h5
   assuming source M87: ra 12.514 hr: dec 12.391 deg
Loading hdf5 image:  /project/u2grc/Nikola/newSimulations/KerrLow/ipole/n_-1_res_160/image_torus.out0.05422.h5
   assuming source M87: ra 12.514 hr: dec 12.391 deg
Loading hdf5 image:  /project/u2grc/Nikola/newSimulations/KerrLow/ipole/n_-1_res_160/image_torus.out0.05423.h5
   assuming source M87: ra 12.514 hr: dec 12.391 deg
Loading hdf5 image:  /project/u2grc/Nikola/newSimulations/KerrLow/ipole/n_-1_res_160/image_torus.out0.05424.h5
   assuming source M87: ra 12.514 hr: dec 12.391 deg
Loading hdf5 image:  /project/u2grc/Nikola/newSimulations/KerrLow/ipole/n_-1_res_160/image_torus.out0.05425.h5
   assuming source M87: ra 12.514 hr: dec 12.391 deg
Loading hdf5 image:  /project/u2grc/Nikola/newSimulations/KerrLow/ipole/n_-1_res_160/image_torus.out0.05426.h5
   assuming source M87: ra 12.514 hr: dec 12.391 deg
Loading hdf5 image:  /project/u2grc/Nikola/newSimulations/KerrLow/ipole/n_-1_res_160/image_torus.out0.05427.h5
   assuming source M87: ra 12.514 hr: dec 12.391 deg
Loading hdf5 image:  /project/u2grc/Nikola/newSimulations/KerrLow/ipole/n_-1_res_160/image_torus.out0.05428.h5
   assuming source M87: ra 12.514 hr: dec 12.391 deg
Loading hdf5 image:  /project/u2grc/Nikola/newSimulations/KerrLow/ipole/n_-1_res_160/image_torus.out0.05429.h5
   assuming source M87: ra 12.514 hr: dec 12.391 deg
Loading hdf5 image:  /project/u2grc/Nikola/newSimulations/KerrLow/ipole/n_-1_res_160/image_torus.out0.05430.h5
   assuming source M87: ra 12.514 hr: dec 12.391 deg
Loading hdf5 image:  /project/u2grc/Nikola/newSimulations/KerrLow/ipole/n_-1_res_160/image_torus.out0.05431.h5
   assuming source M87: ra 12.514 hr: dec 12.391 deg
Loading hdf5 image:  /project/u2grc/Nikola/newSimulations/KerrLow/ipole/n_-1_res_160/image_torus.out0.05432.h5
   assuming source M87: ra 12.514 hr: dec 12.391 deg
Loading hdf5 image:  /project/u2grc/Nikola/newSimulations/KerrLow/ipole/n_-1_res_160/image_torus.out0.05433.h5
   assuming source M87: ra 12.514 hr: dec 12.391 deg
Loading hdf5 image:  /project/u2grc/Nikola/newSimulations/KerrLow/ipole/n_-1_res_160/image_torus.out0.05434.h5
   assuming source M87: ra 12.514 hr: dec 12.391 deg
Loading hdf5 image:  /project/u2grc/Nikola/newSimulations/KerrLow/ipole/n_-1_res_160/image_torus.out0.05435.h5
   assuming source M87: ra 12.514 hr: dec 12.391 deg
Loading hdf5 image:  /project/u2grc/Nikola/newSimulations/KerrLow/ipole/n_-1_res_160/image_torus.out0.05436.h5
   assuming source M87: ra 12.514 hr: dec 12.391 deg
Loading hdf5 image:  /project/u2grc/Nikola/newSimulations/KerrLow/ipole/n_-1_res_160/image_torus.out0.05437.h5
   assuming source M87: ra 12.514 hr: dec 12.391 deg
Loading hdf5 image:  /project/u2grc/Nikola/newSimulations/KerrLow/ipole/n_-1_res_160/image_torus.out0.05438.h5
   assuming source M87: ra 12.514 hr: dec 12.391 deg
Loading hdf5 image:  /project/u2grc/Nikola/newSimulations/KerrLow/ipole/n_-1_res_160/image_torus.out0.05439.h5
   assuming source M87: ra 12.514 hr: dec 12.391 deg
Loading hdf5 image:  /project/u2grc/Nikola/newSimulations/KerrLow/ipole/n_-1_res_160/image_torus.out0.05440.h5
   assuming source M87: ra 12.514 hr: dec 12.391 deg
Loading hdf5 image:  /project/u2grc/Nikola/newSimulations/KerrLow/ipole/n_-1_res_160/image_torus.out0.05441.h5
   assuming source M87: ra 12.514 hr: dec 12.391 deg
Loading hdf5 image:  /project/u2grc/Nikola/newSimulations/KerrLow/ipole/n_-1_res_160/image_torus.out0.05442.h5
   assuming source M87: ra 12.514 hr: dec 12.391 deg
Loading hdf5 image:  /project/u2grc/Nikola/newSimulations/KerrLow/ipole/n_-1_res_160/image_torus.out0.05443.h5
   assuming source M87: ra 12.514 hr: dec 12.391 deg
Loading hdf5 image:  /project/u2grc/Nikola/newSimulations/KerrLow/ipole/n_-1_res_160/image_torus.out0.05444.h5
   assuming source M87: ra 12.514 hr: dec 12.391 deg
Loading hdf5 image:  /project/u2grc/Nikola/newSimulations/KerrLow/ipole/n_-1_res_160/image_torus.out0.05445.h5
   assuming source M87: ra 12.514 hr: dec 12.391 deg
Loading hdf5 image:  /project/u2grc/Nikola/newSimulations/KerrLow/ipole/n_-1_res_160/image_torus.out0.05446.h5
   assuming source M87: ra 12.514 hr: dec 12.391 deg
Loading hdf5 image:  /project/u2grc/Nikola/newSimulations/KerrLow/ipole/n_-1_res_160/image_torus.out0.05447.h5
   assuming source M87: ra 12.514 hr: dec 12.391 deg
Loading hdf5 image:  /project/u2grc/Nikola/newSimulations/KerrLow/ipole/n_-1_res_160/image_torus.out0.05448.h5
   assuming source M87: ra 12.514 hr: dec 12.391 deg
Loading hdf5 image:  /project/u2grc/Nikola/newSimulations/KerrLow/ipole/n_-1_res_160/image_torus.out0.05449.h5
   assuming source M87: ra 12.514 hr: dec 12.391 deg
Loading hdf5 image:  /project/u2grc/Nikola/newSimulations/KerrLow/ipole/n_-1_res_160/image_torus.out0.05450.h5
   assuming source M87: ra 12.514 hr: dec 12.391 deg
Loading hdf5 image:  /project/u2grc/Nikola/newSimulations/KerrLow/ipole/n_-1_res_160/image_torus.out0.05451.h5
   assuming source M87: ra 12.514 hr: dec 12.391 deg
Loading hdf5 image:  /project/u2grc/Nikola/newSimulations/KerrLow/ipole/n_-1_res_160/image_torus.out0.05452.h5
   assuming source M87: ra 12.514 hr: dec 12.391 deg
Loading hdf5 image:  /project/u2grc/Nikola/newSimulations/KerrLow/ipole/n_-1_res_160/image_torus.out0.05453.h5
   assuming source M87: ra 12.514 hr: dec 12.391 deg
Loading hdf5 image:  /project/u2grc/Nikola/newSimulations/KerrLow/ipole/n_-1_res_160/image_torus.out0.05454.h5
   assuming source M87: ra 12.514 hr: dec 12.391 deg
Loading hdf5 image:  /project/u2grc/Nikola/newSimulations/KerrLow/ipole/n_-1_res_160/image_torus.out0.05455.h5
   assuming source M87: ra 12.514 hr: dec 12.391 deg
Loading hdf5 image:  /project/u2grc/Nikola/newSimulations/KerrLow/ipole/n_-1_res_160/image_torus.out0.05456.h5
   assuming source M87: ra 12.514 hr: dec 12.391 deg
Loading hdf5 image:  /project/u2grc/Nikola/newSimulations/KerrLow/ipole/n_-1_res_160/image_torus.out0.05457.h5
   assuming source M87: ra 12.514 hr: dec 12.391 deg
Loading hdf5 image:  /project/u2grc/Nikola/newSimulations/KerrLow/ipole/n_-1_res_160/image_torus.out0.05458.h5
   assuming source M87: ra 12.514 hr: dec 12.391 deg
Loading hdf5 image:  /project/u2grc/Nikola/newSimulations/KerrLow/ipole/n_-1_res_160/image_torus.out0.05459.h5
   assuming source M87: ra 12.514 hr: dec 12.391 deg
Loading hdf5 image:  /project/u2grc/Nikola/newSimulations/KerrLow/ipole/n_-1_res_160/image_torus.out0.05460.h5
   assuming source M87: ra 12.514 hr: dec 12.391 deg
Loading hdf5 image:  /project/u2grc/Nikola/newSimulations/KerrLow/ipole/n_-1_res_160/image_torus.out0.05461.h5
   assuming source M87: ra 12.514 hr: dec 12.391 deg
Loading hdf5 image:  /project/u2grc/Nikola/newSimulations/KerrLow/ipole/n_-1_res_160/image_torus.out0.05462.h5
   assuming source M87: ra 12.514 hr: dec 12.391 deg
Loading hdf5 image:  /project/u2grc/Nikola/newSimulations/KerrLow/ipole/n_-1_res_160/image_torus.out0.05463.h5
   assuming source M87: ra 12.514 hr: dec 12.391 deg
Loading hdf5 image:  /project/u2grc/Nikola/newSimulations/KerrLow/ipole/n_-1_res_160/image_torus.out0.05464.h5
   assuming source M87: ra 12.514 hr: dec 12.391 deg
Loading hdf5 image:  /project/u2grc/Nikola/newSimulations/KerrLow/ipole/n_-1_res_160/image_torus.out0.05465.h5
   assuming source M87: ra 12.514 hr: dec 12.391 deg
Loading hdf5 image:  /project/u2grc/Nikola/newSimulations/KerrLow/ipole/n_-1_res_160/image_torus.out0.05466.h5
   assuming source M87: ra 12.514 hr: dec 12.391 deg
Loading hdf5 image:  /project/u2grc/Nikola/newSimulations/KerrLow/ipole/n_-1_res_160/image_torus.out0.05467.h5
   assuming source M87: ra 12.514 hr: dec 12.391 deg
Loading hdf5 image:  /project/u2grc/Nikola/newSimulations/KerrLow/ipole/n_-1_res_160/image_torus.out0.05468.h5
   assuming source M87: ra 12.514 hr: dec 12.391 deg
Loading hdf5 image:  /project/u2grc/Nikola/newSimulations/KerrLow/ipole/n_-1_res_160/image_torus.out0.05469.h5
   assuming source M87: ra 12.514 hr: dec 12.391 deg
Loading hdf5 image:  /project/u2grc/Nikola/newSimulations/KerrLow/ipole/n_-1_res_160/image_torus.out0.05470.h5
   assuming source M87: ra 12.514 hr: dec 12.391 deg
Loading hdf5 image:  /project/u2grc/Nikola/newSimulations/KerrLow/ipole/n_-1_res_160/image_torus.out0.05471.h5
   assuming source M87: ra 12.514 hr: dec 12.391 deg
Loading hdf5 image:  /project/u2grc/Nikola/newSimulations/KerrLow/ipole/n_-1_res_160/image_torus.out0.05472.h5
   assuming source M87: ra 12.514 hr: dec 12.391 deg
Loading hdf5 image:  /project/u2grc/Nikola/newSimulations/KerrLow/ipole/n_-1_res_160/image_torus.out0.05473.h5
   assuming source M87: ra 12.514 hr: dec 12.391 deg
Loading hdf5 image:  /project/u2grc/Nikola/newSimulations/KerrLow/ipole/n_-1_res_160/image_torus.out0.05474.h5
   assuming source M87: ra 12.514 hr: dec 12.391 deg
Loading hdf5 image:  /project/u2grc/Nikola/newSimulations/KerrLow/ipole/n_-1_res_160/image_torus.out0.05475.h5
   assuming source M87: ra 12.514 hr: dec 12.391 deg
Loading hdf5 image:  /project/u2grc/Nikola/newSimulations/KerrLow/ipole/n_-1_res_160/image_torus.out0.05476.h5
   assuming source M87: ra 12.514 hr: dec 12.391 deg
Loading hdf5 image:  /project/u2grc/Nikola/newSimulations/KerrLow/ipole/n_-1_res_160/image_torus.out0.05477.h5
   assuming source M87: ra 12.514 hr: dec 12.391 deg
Loading hdf5 image:  /project/u2grc/Nikola/newSimulations/KerrLow/ipole/n_-1_res_160/image_torus.out0.05478.h5
   assuming source M87: ra 12.514 hr: dec 12.391 deg
Loading hdf5 image:  /project/u2grc/Nikola/newSimulations/KerrLow/ipole/n_-1_res_160/image_torus.out0.05479.h5
   assuming source M87: ra 12.514 hr: dec 12.391 deg
Loading hdf5 image:  /project/u2grc/Nikola/newSimulations/KerrLow/ipole/n_-1_res_160/image_torus.out0.05480.h5
   assuming source M87: ra 12.514 hr: dec 12.391 deg
Loading hdf5 image:  /project/u2grc/Nikola/newSimulations/KerrLow/ipole/n_-1_res_160/image_torus.out0.05481.h5
   assuming source M87: ra 12.514 hr: dec 12.391 deg
Loading hdf5 image:  /project/u2grc/Nikola/newSimulations/KerrLow/ipole/n_-1_res_160/image_torus.out0.05482.h5
   assuming source M87: ra 12.514 hr: dec 12.391 deg
Loading hdf5 image:  /project/u2grc/Nikola/newSimulations/KerrLow/ipole/n_-1_res_160/image_torus.out0.05483.h5
   assuming source M87: ra 12.514 hr: dec 12.391 deg
Loading hdf5 image:  /project/u2grc/Nikola/newSimulations/KerrLow/ipole/n_-1_res_160/image_torus.out0.05484.h5
   assuming source M87: ra 12.514 hr: dec 12.391 deg
Loading hdf5 image:  /project/u2grc/Nikola/newSimulations/KerrLow/ipole/n_-1_res_160/image_torus.out0.05485.h5
   assuming source M87: ra 12.514 hr: dec 12.391 deg
Loading hdf5 image:  /project/u2grc/Nikola/newSimulations/KerrLow/ipole/n_-1_res_160/image_torus.out0.05486.h5
   assuming source M87: ra 12.514 hr: dec 12.391 deg
Loading hdf5 image:  /project/u2grc/Nikola/newSimulations/KerrLow/ipole/n_-1_res_160/image_torus.out0.05487.h5
   assuming source M87: ra 12.514 hr: dec 12.391 deg
Loading hdf5 image:  /project/u2grc/Nikola/newSimulations/KerrLow/ipole/n_-1_res_160/image_torus.out0.05488.h5
   assuming source M87: ra 12.514 hr: dec 12.391 deg
Loading hdf5 image:  /project/u2grc/Nikola/newSimulations/KerrLow/ipole/n_-1_res_160/image_torus.out0.05489.h5
   assuming source M87: ra 12.514 hr: dec 12.391 deg
Loading hdf5 image:  /project/u2grc/Nikola/newSimulations/KerrLow/ipole/n_-1_res_160/image_torus.out0.05490.h5
   assuming source M87: ra 12.514 hr: dec 12.391 deg
Loading hdf5 image:  /project/u2grc/Nikola/newSimulations/KerrLow/ipole/n_-1_res_160/image_torus.out0.05491.h5
   assuming source M87: ra 12.514 hr: dec 12.391 deg
Loading hdf5 image:  /project/u2grc/Nikola/newSimulations/KerrLow/ipole/n_-1_res_160/image_torus.out0.05492.h5
   assuming source M87: ra 12.514 hr: dec 12.391 deg
Loading hdf5 image:  /project/u2grc/Nikola/newSimulations/KerrLow/ipole/n_-1_res_160/image_torus.out0.05493.h5
   assuming source M87: ra 12.514 hr: dec 12.391 deg
Loading hdf5 image:  /project/u2grc/Nikola/newSimulations/KerrLow/ipole/n_-1_res_160/image_torus.out0.05494.h5
   assuming source M87: ra 12.514 hr: dec 12.391 deg
Loading hdf5 image:  /project/u2grc/Nikola/newSimulations/KerrLow/ipole/n_-1_res_160/image_torus.out0.05495.h5
   assuming source M87: ra 12.514 hr: dec 12.391 deg
Loading hdf5 image:  /project/u2grc/Nikola/newSimulations/KerrLow/ipole/n_-1_res_160/image_torus.out0.05496.h5
   assuming source M87: ra 12.514 hr: dec 12.391 deg
Loading hdf5 image:  /project/u2grc/Nikola/newSimulations/KerrLow/ipole/n_-1_res_160/image_torus.out0.05497.h5
   assuming source M87: ra 12.514 hr: dec 12.391 deg
Loading hdf5 image:  /project/u2grc/Nikola/newSimulations/KerrLow/ipole/n_-1_res_160/image_torus.out0.05498.h5
   assuming source M87: ra 12.514 hr: dec 12.391 deg
Loading hdf5 image:  /project/u2grc/Nikola/newSimulations/KerrLow/ipole/n_-1_res_160/image_torus.out0.05499.h5
   assuming source M87: ra 12.514 hr: dec 12.391 deg
Loading hdf5 image:  /project/u2grc/Nikola/newSimulations/KerrLow/ipole/n_-1_res_160/image_torus.out0.05500.h5
   assuming source M87: ra 12.514 hr: dec 12.391 deg
Loading hdf5 image:  /project/u2grc/Nikola/newSimulations/KerrLow/ipole/n_-1_res_160/image_torus.out0.05501.h5
   assuming source M87: ra 12.514 hr: dec 12.391 deg
Loading hdf5 image:  /project/u2grc/Nikola/newSimulations/KerrLow/ipole/n_-1_res_160/image_torus.out0.05502.h5
   assuming source M87: ra 12.514 hr: dec 12.391 deg
Loading hdf5 image:  /project/u2grc/Nikola/newSimulations/KerrLow/ipole/n_-1_res_160/image_torus.out0.05503.h5
   assuming source M87: ra 12.514 hr: dec 12.391 deg
Loading hdf5 image:  /project/u2grc/Nikola/newSimulations/KerrLow/ipole/n_-1_res_160/image_torus.out0.05504.h5
   assuming source M87: ra 12.514 hr: dec 12.391 deg
Loading hdf5 image:  /project/u2grc/Nikola/newSimulations/KerrLow/ipole/n_-1_res_160/image_torus.out0.05505.h5
   assuming source M87: ra 12.514 hr: dec 12.391 deg
Loading hdf5 image:  /project/u2grc/Nikola/newSimulations/KerrLow/ipole/n_-1_res_160/image_torus.out0.05506.h5
   assuming source M87: ra 12.514 hr: dec 12.391 deg
Loading hdf5 image:  /project/u2grc/Nikola/newSimulations/KerrLow/ipole/n_-1_res_160/image_torus.out0.05507.h5
   assuming source M87: ra 12.514 hr: dec 12.391 deg
Loading hdf5 image:  /project/u2grc/Nikola/newSimulations/KerrLow/ipole/n_-1_res_160/image_torus.out0.05508.h5
   assuming source M87: ra 12.514 hr: dec 12.391 deg
Loading hdf5 image:  /project/u2grc/Nikola/newSimulations/KerrLow/ipole/n_-1_res_160/image_torus.out0.05509.h5
   assuming source M87: ra 12.514 hr: dec 12.391 deg
Loading hdf5 image:  /project/u2grc/Nikola/newSimulations/KerrLow/ipole/n_-1_res_160/image_torus.out0.05510.h5
   assuming source M87: ra 12.514 hr: dec 12.391 deg
Loading hdf5 image:  /project/u2grc/Nikola/newSimulations/KerrLow/ipole/n_-1_res_160/image_torus.out0.05511.h5
   assuming source M87: ra 12.514 hr: dec 12.391 deg
Loading hdf5 image:  /project/u2grc/Nikola/newSimulations/KerrLow/ipole/n_-1_res_160/image_torus.out0.05512.h5
   assuming source M87: ra 12.514 hr: dec 12.391 deg
Loading hdf5 image:  /project/u2grc/Nikola/newSimulations/KerrLow/ipole/n_-1_res_160/image_torus.out0.05513.h5
   assuming source M87: ra 12.514 hr: dec 12.391 deg
Loading hdf5 image:  /project/u2grc/Nikola/newSimulations/KerrLow/ipole/n_-1_res_160/image_torus.out0.05514.h5
   assuming source M87: ra 12.514 hr: dec 12.391 deg
Loading hdf5 image:  /project/u2grc/Nikola/newSimulations/KerrLow/ipole/n_-1_res_160/image_torus.out0.05515.h5
   assuming source M87: ra 12.514 hr: dec 12.391 deg
Loading hdf5 image:  /project/u2grc/Nikola/newSimulations/KerrLow/ipole/n_-1_res_160/image_torus.out0.05516.h5
   assuming source M87: ra 12.514 hr: dec 12.391 deg
Loading hdf5 image:  /project/u2grc/Nikola/newSimulations/KerrLow/ipole/n_-1_res_160/image_torus.out0.05517.h5
   assuming source M87: ra 12.514 hr: dec 12.391 deg
Loading hdf5 image:  /project/u2grc/Nikola/newSimulations/KerrLow/ipole/n_-1_res_160/image_torus.out0.05518.h5
   assuming source M87: ra 12.514 hr: dec 12.391 deg
Loading hdf5 image:  /project/u2grc/Nikola/newSimulations/KerrLow/ipole/n_-1_res_160/image_torus.out0.05519.h5
   assuming source M87: ra 12.514 hr: dec 12.391 deg
Loading hdf5 image:  /project/u2grc/Nikola/newSimulations/KerrLow/ipole/n_-1_res_160/image_torus.out0.05520.h5
   assuming source M87: ra 12.514 hr: dec 12.391 deg
Loading hdf5 image:  /project/u2grc/Nikola/newSimulations/KerrLow/ipole/n_-1_res_160/image_torus.out0.05521.h5
   assuming source M87: ra 12.514 hr: dec 12.391 deg
Loading hdf5 image:  /project/u2grc/Nikola/newSimulations/KerrLow/ipole/n_-1_res_160/image_torus.out0.05522.h5
   assuming source M87: ra 12.514 hr: dec 12.391 deg
Loading hdf5 image:  /project/u2grc/Nikola/newSimulations/KerrLow/ipole/n_-1_res_160/image_torus.out0.05523.h5
   assuming source M87: ra 12.514 hr: dec 12.391 deg
Loading hdf5 image:  /project/u2grc/Nikola/newSimulations/KerrLow/ipole/n_-1_res_160/image_torus.out0.05524.h5
   assuming source M87: ra 12.514 hr: dec 12.391 deg
Loading hdf5 image:  /project/u2grc/Nikola/newSimulations/KerrLow/ipole/n_-1_res_160/image_torus.out0.05525.h5
   assuming source M87: ra 12.514 hr: dec 12.391 deg
Loading hdf5 image:  /project/u2grc/Nikola/newSimulations/KerrLow/ipole/n_-1_res_160/image_torus.out0.05526.h5
   assuming source M87: ra 12.514 hr: dec 12.391 deg
Loading hdf5 image:  /project/u2grc/Nikola/newSimulations/KerrLow/ipole/n_-1_res_160/image_torus.out0.05527.h5
   assuming source M87: ra 12.514 hr: dec 12.391 deg
Loading hdf5 image:  /project/u2grc/Nikola/newSimulations/KerrLow/ipole/n_-1_res_160/image_torus.out0.05528.h5
   assuming source M87: ra 12.514 hr: dec 12.391 deg
Loading hdf5 image:  /project/u2grc/Nikola/newSimulations/KerrLow/ipole/n_-1_res_160/image_torus.out0.05529.h5
   assuming source M87: ra 12.514 hr: dec 12.391 deg
Loading hdf5 image:  /project/u2grc/Nikola/newSimulations/KerrLow/ipole/n_-1_res_160/image_torus.out0.05530.h5
   assuming source M87: ra 12.514 hr: dec 12.391 deg
Loading hdf5 image:  /project/u2grc/Nikola/newSimulations/KerrLow/ipole/n_-1_res_160/image_torus.out0.05531.h5
   assuming source M87: ra 12.514 hr: dec 12.391 deg
Loading hdf5 image:  /project/u2grc/Nikola/newSimulations/KerrLow/ipole/n_-1_res_160/image_torus.out0.05532.h5
   assuming source M87: ra 12.514 hr: dec 12.391 deg
Loading hdf5 image:  /project/u2grc/Nikola/newSimulations/KerrLow/ipole/n_-1_res_160/image_torus.out0.05533.h5
   assuming source M87: ra 12.514 hr: dec 12.391 deg
Loading hdf5 image:  /project/u2grc/Nikola/newSimulations/KerrLow/ipole/n_-1_res_160/image_torus.out0.05534.h5
   assuming source M87: ra 12.514 hr: dec 12.391 deg
Loading hdf5 image:  /project/u2grc/Nikola/newSimulations/KerrLow/ipole/n_-1_res_160/image_torus.out0.05535.h5
   assuming source M87: ra 12.514 hr: dec 12.391 deg
Loading hdf5 image:  /project/u2grc/Nikola/newSimulations/KerrLow/ipole/n_-1_res_160/image_torus.out0.05536.h5
   assuming source M87: ra 12.514 hr: dec 12.391 deg
Loading hdf5 image:  /project/u2grc/Nikola/newSimulations/KerrLow/ipole/n_-1_res_160/image_torus.out0.05537.h5
   assuming source M87: ra 12.514 hr: dec 12.391 deg
Loading hdf5 image:  /project/u2grc/Nikola/newSimulations/KerrLow/ipole/n_-1_res_160/image_torus.out0.05538.h5
   assuming source M87: ra 12.514 hr: dec 12.391 deg
Loading hdf5 image:  /project/u2grc/Nikola/newSimulations/KerrLow/ipole/n_-1_res_160/image_torus.out0.05539.h5
   assuming source M87: ra 12.514 hr: dec 12.391 deg
Loading hdf5 image:  /project/u2grc/Nikola/newSimulations/KerrLow/ipole/n_-1_res_160/image_torus.out0.05540.h5
   assuming source M87: ra 12.514 hr: dec 12.391 deg
Loading hdf5 image:  /project/u2grc/Nikola/newSimulations/KerrLow/ipole/n_-1_res_160/image_torus.out0.05541.h5
   assuming source M87: ra 12.514 hr: dec 12.391 deg
Loading hdf5 image:  /project/u2grc/Nikola/newSimulations/KerrLow/ipole/n_-1_res_160/image_torus.out0.05542.h5
   assuming source M87: ra 12.514 hr: dec 12.391 deg
Loading hdf5 image:  /project/u2grc/Nikola/newSimulations/KerrLow/ipole/n_-1_res_160/image_torus.out0.05543.h5
   assuming source M87: ra 12.514 hr: dec 12.391 deg
Loading hdf5 image:  /project/u2grc/Nikola/newSimulations/KerrLow/ipole/n_-1_res_160/image_torus.out0.05544.h5
   assuming source M87: ra 12.514 hr: dec 12.391 deg
Loading hdf5 image:  /project/u2grc/Nikola/newSimulations/KerrLow/ipole/n_-1_res_160/image_torus.out0.05545.h5
   assuming source M87: ra 12.514 hr: dec 12.391 deg
Loading hdf5 image:  /project/u2grc/Nikola/newSimulations/KerrLow/ipole/n_-1_res_160/image_torus.out0.05546.h5
   assuming source M87: ra 12.514 hr: dec 12.391 deg
Loading hdf5 image:  /project/u2grc/Nikola/newSimulations/KerrLow/ipole/n_-1_res_160/image_torus.out0.05547.h5
   assuming source M87: ra 12.514 hr: dec 12.391 deg
Loading hdf5 image:  /project/u2grc/Nikola/newSimulations/KerrLow/ipole/n_-1_res_160/image_torus.out0.05548.h5
   assuming source M87: ra 12.514 hr: dec 12.391 deg
Loading hdf5 image:  /project/u2grc/Nikola/newSimulations/KerrLow/ipole/n_-1_res_160/image_torus.out0.05549.h5
   assuming source M87: ra 12.514 hr: dec 12.391 deg
Loading hdf5 image:  /project/u2grc/Nikola/newSimulations/KerrLow/ipole/n_-1_res_160/image_torus.out0.05550.h5
   assuming source M87: ra 12.514 hr: dec 12.391 deg
Loading hdf5 image:  /project/u2grc/Nikola/newSimulations/KerrLow/ipole/n_-1_res_160/image_torus.out0.05551.h5
   assuming source M87: ra 12.514 hr: dec 12.391 deg
Loading hdf5 image:  /project/u2grc/Nikola/newSimulations/KerrLow/ipole/n_-1_res_160/image_torus.out0.05552.h5
   assuming source M87: ra 12.514 hr: dec 12.391 deg
Loading hdf5 image:  /project/u2grc/Nikola/newSimulations/KerrLow/ipole/n_-1_res_160/image_torus.out0.05553.h5
   assuming source M87: ra 12.514 hr: dec 12.391 deg
Loading hdf5 image:  /project/u2grc/Nikola/newSimulations/KerrLow/ipole/n_-1_res_160/image_torus.out0.05554.h5
   assuming source M87: ra 12.514 hr: dec 12.391 deg
Loading hdf5 image:  /project/u2grc/Nikola/newSimulations/KerrLow/ipole/n_-1_res_160/image_torus.out0.05555.h5
   assuming source M87: ra 12.514 hr: dec 12.391 deg
Loading hdf5 image:  /project/u2grc/Nikola/newSimulations/KerrLow/ipole/n_-1_res_160/image_torus.out0.05556.h5
   assuming source M87: ra 12.514 hr: dec 12.391 deg
Loading hdf5 image:  /project/u2grc/Nikola/newSimulations/KerrLow/ipole/n_-1_res_160/image_torus.out0.05557.h5
   assuming source M87: ra 12.514 hr: dec 12.391 deg
Loading hdf5 image:  /project/u2grc/Nikola/newSimulations/KerrLow/ipole/n_-1_res_160/image_torus.out0.05558.h5
   assuming source M87: ra 12.514 hr: dec 12.391 deg
Loading hdf5 image:  /project/u2grc/Nikola/newSimulations/KerrLow/ipole/n_-1_res_160/image_torus.out0.05559.h5
   assuming source M87: ra 12.514 hr: dec 12.391 deg
Loading hdf5 image:  /project/u2grc/Nikola/newSimulations/KerrLow/ipole/n_-1_res_160/image_torus.out0.05560.h5
   assuming source M87: ra 12.514 hr: dec 12.391 deg
Loading hdf5 image:  /project/u2grc/Nikola/newSimulations/KerrLow/ipole/n_-1_res_160/image_torus.out0.05561.h5
   assuming source M87: ra 12.514 hr: dec 12.391 deg
Loading hdf5 image:  /project/u2grc/Nikola/newSimulations/KerrLow/ipole/n_-1_res_160/image_torus.out0.05562.h5
   assuming source M87: ra 12.514 hr: dec 12.391 deg
Loading hdf5 image:  /project/u2grc/Nikola/newSimulations/KerrLow/ipole/n_-1_res_160/image_torus.out0.05563.h5
   assuming source M87: ra 12.514 hr: dec 12.391 deg
Loading hdf5 image:  /project/u2grc/Nikola/newSimulations/KerrLow/ipole/n_-1_res_160/image_torus.out0.05564.h5
   assuming source M87: ra 12.514 hr: dec 12.391 deg
Loading hdf5 image:  /project/u2grc/Nikola/newSimulations/KerrLow/ipole/n_-1_res_160/image_torus.out0.05565.h5
   assuming source M87: ra 12.514 hr: dec 12.391 deg
Loading hdf5 image:  /project/u2grc/Nikola/newSimulations/KerrLow/ipole/n_-1_res_160/image_torus.out0.05566.h5
   assuming source M87: ra 12.514 hr: dec 12.391 deg
Loading hdf5 image:  /project/u2grc/Nikola/newSimulations/KerrLow/ipole/n_-1_res_160/image_torus.out0.05567.h5
   assuming source M87: ra 12.514 hr: dec 12.391 deg
Loading hdf5 image:  /project/u2grc/Nikola/newSimulations/KerrLow/ipole/n_-1_res_160/image_torus.out0.05568.h5
   assuming source M87: ra 12.514 hr: dec 12.391 deg
Loading hdf5 image:  /project/u2grc/Nikola/newSimulations/KerrLow/ipole/n_-1_res_160/image_torus.out0.05569.h5
   assuming source M87: ra 12.514 hr: dec 12.391 deg
Loading hdf5 image:  /project/u2grc/Nikola/newSimulations/KerrLow/ipole/n_-1_res_160/image_torus.out0.05570.h5
   assuming source M87: ra 12.514 hr: dec 12.391 deg
Loading hdf5 image:  /project/u2grc/Nikola/newSimulations/KerrLow/ipole/n_-1_res_160/image_torus.out0.05571.h5
   assuming source M87: ra 12.514 hr: dec 12.391 deg
Loading hdf5 image:  /project/u2grc/Nikola/newSimulations/KerrLow/ipole/n_-1_res_160/image_torus.out0.05572.h5
   assuming source M87: ra 12.514 hr: dec 12.391 deg
Loading hdf5 image:  /project/u2grc/Nikola/newSimulations/KerrLow/ipole/n_-1_res_160/image_torus.out0.05573.h5
   assuming source M87: ra 12.514 hr: dec 12.391 deg
Loading hdf5 image:  /project/u2grc/Nikola/newSimulations/KerrLow/ipole/n_-1_res_160/image_torus.out0.05574.h5
   assuming source M87: ra 12.514 hr: dec 12.391 deg
Loading hdf5 image:  /project/u2grc/Nikola/newSimulations/KerrLow/ipole/n_-1_res_160/image_torus.out0.05575.h5
   assuming source M87: ra 12.514 hr: dec 12.391 deg
Loading hdf5 image:  /project/u2grc/Nikola/newSimulations/KerrLow/ipole/n_-1_res_160/image_torus.out0.05576.h5
   assuming source M87: ra 12.514 hr: dec 12.391 deg
Loading hdf5 image:  /project/u2grc/Nikola/newSimulations/KerrLow/ipole/n_-1_res_160/image_torus.out0.05577.h5
   assuming source M87: ra 12.514 hr: dec 12.391 deg
Loading hdf5 image:  /project/u2grc/Nikola/newSimulations/KerrLow/ipole/n_-1_res_160/image_torus.out0.05578.h5
   assuming source M87: ra 12.514 hr: dec 12.391 deg
Loading hdf5 image:  /project/u2grc/Nikola/newSimulations/KerrLow/ipole/n_-1_res_160/image_torus.out0.05579.h5
   assuming source M87: ra 12.514 hr: dec 12.391 deg
Loading hdf5 image:  /project/u2grc/Nikola/newSimulations/KerrLow/ipole/n_-1_res_160/image_torus.out0.05580.h5
   assuming source M87: ra 12.514 hr: dec 12.391 deg
Loading hdf5 image:  /project/u2grc/Nikola/newSimulations/KerrLow/ipole/n_-1_res_160/image_torus.out0.05581.h5
   assuming source M87: ra 12.514 hr: dec 12.391 deg
Loading hdf5 image:  /project/u2grc/Nikola/newSimulations/KerrLow/ipole/n_-1_res_160/image_torus.out0.05582.h5
   assuming source M87: ra 12.514 hr: dec 12.391 deg
Loading hdf5 image:  /project/u2grc/Nikola/newSimulations/KerrLow/ipole/n_-1_res_160/image_torus.out0.05583.h5
   assuming source M87: ra 12.514 hr: dec 12.391 deg
Loading hdf5 image:  /project/u2grc/Nikola/newSimulations/KerrLow/ipole/n_-1_res_160/image_torus.out0.05584.h5
   assuming source M87: ra 12.514 hr: dec 12.391 deg
Loading hdf5 image:  /project/u2grc/Nikola/newSimulations/KerrLow/ipole/n_-1_res_160/image_torus.out0.05585.h5
   assuming source M87: ra 12.514 hr: dec 12.391 deg
Loading hdf5 image:  /project/u2grc/Nikola/newSimulations/KerrLow/ipole/n_-1_res_160/image_torus.out0.05586.h5
   assuming source M87: ra 12.514 hr: dec 12.391 deg
Loading hdf5 image:  /project/u2grc/Nikola/newSimulations/KerrLow/ipole/n_-1_res_160/image_torus.out0.05587.h5
   assuming source M87: ra 12.514 hr: dec 12.391 deg
Loading hdf5 image:  /project/u2grc/Nikola/newSimulations/KerrLow/ipole/n_-1_res_160/image_torus.out0.05588.h5
   assuming source M87: ra 12.514 hr: dec 12.391 deg
Loading hdf5 image:  /project/u2grc/Nikola/newSimulations/KerrLow/ipole/n_-1_res_160/image_torus.out0.05589.h5
   assuming source M87: ra 12.514 hr: dec 12.391 deg
Loading hdf5 image:  /project/u2grc/Nikola/newSimulations/KerrLow/ipole/n_-1_res_160/image_torus.out0.05590.h5
   assuming source M87: ra 12.514 hr: dec 12.391 deg
Loading hdf5 image:  /project/u2grc/Nikola/newSimulations/KerrLow/ipole/n_-1_res_160/image_torus.out0.05591.h5
   assuming source M87: ra 12.514 hr: dec 12.391 deg
Loading hdf5 image:  /project/u2grc/Nikola/newSimulations/KerrLow/ipole/n_-1_res_160/image_torus.out0.05592.h5
   assuming source M87: ra 12.514 hr: dec 12.391 deg
Loading hdf5 image:  /project/u2grc/Nikola/newSimulations/KerrLow/ipole/n_-1_res_160/image_torus.out0.05593.h5
   assuming source M87: ra 12.514 hr: dec 12.391 deg
Loading hdf5 image:  /project/u2grc/Nikola/newSimulations/KerrLow/ipole/n_-1_res_160/image_torus.out0.05594.h5
   assuming source M87: ra 12.514 hr: dec 12.391 deg
Loading hdf5 image:  /project/u2grc/Nikola/newSimulations/KerrLow/ipole/n_-1_res_160/image_torus.out0.05595.h5
   assuming source M87: ra 12.514 hr: dec 12.391 deg
Loading hdf5 image:  /project/u2grc/Nikola/newSimulations/KerrLow/ipole/n_-1_res_160/image_torus.out0.05596.h5
   assuming source M87: ra 12.514 hr: dec 12.391 deg
Loading hdf5 image:  /project/u2grc/Nikola/newSimulations/KerrLow/ipole/n_-1_res_160/image_torus.out0.05597.h5
   assuming source M87: ra 12.514 hr: dec 12.391 deg
Loading hdf5 image:  /project/u2grc/Nikola/newSimulations/KerrLow/ipole/n_-1_res_160/image_torus.out0.05598.h5
   assuming source M87: ra 12.514 hr: dec 12.391 deg
Loading hdf5 image:  /project/u2grc/Nikola/newSimulations/KerrLow/ipole/n_-1_res_160/image_torus.out0.05599.h5
   assuming source M87: ra 12.514 hr: dec 12.391 deg
Loading hdf5 image:  /project/u2grc/Nikola/newSimulations/KerrLow/ipole/n_-1_res_160/image_torus.out0.05600.h5
   assuming source M87: ra 12.514 hr: dec 12.391 deg
Loading hdf5 image:  /project/u2grc/Nikola/newSimulations/KerrLow/ipole/n_-1_res_160/image_torus.out0.05601.h5
   assuming source M87: ra 12.514 hr: dec 12.391 deg
Loading hdf5 image:  /project/u2grc/Nikola/newSimulations/KerrLow/ipole/n_-1_res_160/image_torus.out0.05602.h5
   assuming source M87: ra 12.514 hr: dec 12.391 deg
Loading hdf5 image:  /project/u2grc/Nikola/newSimulations/KerrLow/ipole/n_-1_res_160/image_torus.out0.05603.h5
   assuming source M87: ra 12.514 hr: dec 12.391 deg
Loading hdf5 image:  /project/u2grc/Nikola/newSimulations/KerrLow/ipole/n_-1_res_160/image_torus.out0.05604.h5
   assuming source M87: ra 12.514 hr: dec 12.391 deg
Loading hdf5 image:  /project/u2grc/Nikola/newSimulations/KerrLow/ipole/n_-1_res_160/image_torus.out0.05605.h5
   assuming source M87: ra 12.514 hr: dec 12.391 deg
Loading hdf5 image:  /project/u2grc/Nikola/newSimulations/KerrLow/ipole/n_-1_res_160/image_torus.out0.05606.h5
   assuming source M87: ra 12.514 hr: dec 12.391 deg
Loading hdf5 image:  /project/u2grc/Nikola/newSimulations/KerrLow/ipole/n_-1_res_160/image_torus.out0.05607.h5
   assuming source M87: ra 12.514 hr: dec 12.391 deg
Loading hdf5 image:  /project/u2grc/Nikola/newSimulations/KerrLow/ipole/n_-1_res_160/image_torus.out0.05608.h5
   assuming source M87: ra 12.514 hr: dec 12.391 deg
Loading hdf5 image:  /project/u2grc/Nikola/newSimulations/KerrLow/ipole/n_-1_res_160/image_torus.out0.05609.h5
   assuming source M87: ra 12.514 hr: dec 12.391 deg
Loading hdf5 image:  /project/u2grc/Nikola/newSimulations/KerrLow/ipole/n_-1_res_160/image_torus.out0.05610.h5
   assuming source M87: ra 12.514 hr: dec 12.391 deg
Loading hdf5 image:  /project/u2grc/Nikola/newSimulations/KerrLow/ipole/n_-1_res_160/image_torus.out0.05611.h5
   assuming source M87: ra 12.514 hr: dec 12.391 deg
Loading hdf5 image:  /project/u2grc/Nikola/newSimulations/KerrLow/ipole/n_-1_res_160/image_torus.out0.05612.h5
   assuming source M87: ra 12.514 hr: dec 12.391 deg
Loading hdf5 image:  /project/u2grc/Nikola/newSimulations/KerrLow/ipole/n_-1_res_160/image_torus.out0.05613.h5
   assuming source M87: ra 12.514 hr: dec 12.391 deg
Loading hdf5 image:  /project/u2grc/Nikola/newSimulations/KerrLow/ipole/n_-1_res_160/image_torus.out0.05614.h5
   assuming source M87: ra 12.514 hr: dec 12.391 deg
Loading hdf5 image:  /project/u2grc/Nikola/newSimulations/KerrLow/ipole/n_-1_res_160/image_torus.out0.05615.h5
   assuming source M87: ra 12.514 hr: dec 12.391 deg
Loading hdf5 image:  /project/u2grc/Nikola/newSimulations/KerrLow/ipole/n_-1_res_160/image_torus.out0.05616.h5
   assuming source M87: ra 12.514 hr: dec 12.391 deg
Loading hdf5 image:  /project/u2grc/Nikola/newSimulations/KerrLow/ipole/n_-1_res_160/image_torus.out0.05617.h5
   assuming source M87: ra 12.514 hr: dec 12.391 deg
Loading hdf5 image:  /project/u2grc/Nikola/newSimulations/KerrLow/ipole/n_-1_res_160/image_torus.out0.05618.h5
   assuming source M87: ra 12.514 hr: dec 12.391 deg
Loading hdf5 image:  /project/u2grc/Nikola/newSimulations/KerrLow/ipole/n_-1_res_160/image_torus.out0.05619.h5
   assuming source M87: ra 12.514 hr: dec 12.391 deg
Loading hdf5 image:  /project/u2grc/Nikola/newSimulations/KerrLow/ipole/n_-1_res_160/image_torus.out0.05620.h5
   assuming source M87: ra 12.514 hr: dec 12.391 deg
Loading hdf5 image:  /project/u2grc/Nikola/newSimulations/KerrLow/ipole/n_-1_res_160/image_torus.out0.05621.h5
   assuming source M87: ra 12.514 hr: dec 12.391 deg
Loading hdf5 image:  /project/u2grc/Nikola/newSimulations/KerrLow/ipole/n_-1_res_160/image_torus.out0.05622.h5
   assuming source M87: ra 12.514 hr: dec 12.391 deg
Loading hdf5 image:  /project/u2grc/Nikola/newSimulations/KerrLow/ipole/n_-1_res_160/image_torus.out0.05623.h5
   assuming source M87: ra 12.514 hr: dec 12.391 deg
Loading hdf5 image:  /project/u2grc/Nikola/newSimulations/KerrLow/ipole/n_-1_res_160/image_torus.out0.05624.h5
   assuming source M87: ra 12.514 hr: dec 12.391 deg
Loading hdf5 image:  /project/u2grc/Nikola/newSimulations/KerrLow/ipole/n_-1_res_160/image_torus.out0.05625.h5
   assuming source M87: ra 12.514 hr: dec 12.391 deg
Loading hdf5 image:  /project/u2grc/Nikola/newSimulations/KerrLow/ipole/n_-1_res_160/image_torus.out0.05626.h5
   assuming source M87: ra 12.514 hr: dec 12.391 deg
Loading hdf5 image:  /project/u2grc/Nikola/newSimulations/KerrLow/ipole/n_-1_res_160/image_torus.out0.05627.h5
   assuming source M87: ra 12.514 hr: dec 12.391 deg
Loading hdf5 image:  /project/u2grc/Nikola/newSimulations/KerrLow/ipole/n_-1_res_160/image_torus.out0.05628.h5
   assuming source M87: ra 12.514 hr: dec 12.391 deg
Loading hdf5 image:  /project/u2grc/Nikola/newSimulations/KerrLow/ipole/n_-1_res_160/image_torus.out0.05629.h5
   assuming source M87: ra 12.514 hr: dec 12.391 deg
Loading hdf5 image:  /project/u2grc/Nikola/newSimulations/KerrLow/ipole/n_-1_res_160/image_torus.out0.05630.h5
   assuming source M87: ra 12.514 hr: dec 12.391 deg
Loading hdf5 image:  /project/u2grc/Nikola/newSimulations/KerrLow/ipole/n_-1_res_160/image_torus.out0.05631.h5
   assuming source M87: ra 12.514 hr: dec 12.391 deg
Loading hdf5 image:  /project/u2grc/Nikola/newSimulations/KerrLow/ipole/n_-1_res_160/image_torus.out0.05632.h5
   assuming source M87: ra 12.514 hr: dec 12.391 deg
Loading hdf5 image:  /project/u2grc/Nikola/newSimulations/KerrLow/ipole/n_-1_res_160/image_torus.out0.05633.h5
   assuming source M87: ra 12.514 hr: dec 12.391 deg
Loading hdf5 image:  /project/u2grc/Nikola/newSimulations/KerrLow/ipole/n_-1_res_160/image_torus.out0.05634.h5
   assuming source M87: ra 12.514 hr: dec 12.391 deg
Loading hdf5 image:  /project/u2grc/Nikola/newSimulations/KerrLow/ipole/n_-1_res_160/image_torus.out0.05635.h5
   assuming source M87: ra 12.514 hr: dec 12.391 deg
Loading hdf5 image:  /project/u2grc/Nikola/newSimulations/KerrLow/ipole/n_-1_res_160/image_torus.out0.05636.h5
   assuming source M87: ra 12.514 hr: dec 12.391 deg
Loading hdf5 image:  /project/u2grc/Nikola/newSimulations/KerrLow/ipole/n_-1_res_160/image_torus.out0.05637.h5
   assuming source M87: ra 12.514 hr: dec 12.391 deg
Loading hdf5 image:  /project/u2grc/Nikola/newSimulations/KerrLow/ipole/n_-1_res_160/image_torus.out0.05638.h5
   assuming source M87: ra 12.514 hr: dec 12.391 deg
Loading hdf5 image:  /project/u2grc/Nikola/newSimulations/KerrLow/ipole/n_-1_res_160/image_torus.out0.05639.h5
   assuming source M87: ra 12.514 hr: dec 12.391 deg
Loading hdf5 image:  /project/u2grc/Nikola/newSimulations/KerrLow/ipole/n_-1_res_160/image_torus.out0.05640.h5
   assuming source M87: ra 12.514 hr: dec 12.391 deg
Loading hdf5 image:  /project/u2grc/Nikola/newSimulations/KerrLow/ipole/n_-1_res_160/image_torus.out0.05641.h5
   assuming source M87: ra 12.514 hr: dec 12.391 deg
Loading hdf5 image:  /project/u2grc/Nikola/newSimulations/KerrLow/ipole/n_-1_res_160/image_torus.out0.05642.h5
   assuming source M87: ra 12.514 hr: dec 12.391 deg
Loading hdf5 image:  /project/u2grc/Nikola/newSimulations/KerrLow/ipole/n_-1_res_160/image_torus.out0.05643.h5
   assuming source M87: ra 12.514 hr: dec 12.391 deg
Loading hdf5 image:  /project/u2grc/Nikola/newSimulations/KerrLow/ipole/n_-1_res_160/image_torus.out0.05644.h5
   assuming source M87: ra 12.514 hr: dec 12.391 deg
Loading hdf5 image:  /project/u2grc/Nikola/newSimulations/KerrLow/ipole/n_-1_res_160/image_torus.out0.05645.h5
   assuming source M87: ra 12.514 hr: dec 12.391 deg
Loading hdf5 image:  /project/u2grc/Nikola/newSimulations/KerrLow/ipole/n_-1_res_160/image_torus.out0.05646.h5
   assuming source M87: ra 12.514 hr: dec 12.391 deg
Loading hdf5 image:  /project/u2grc/Nikola/newSimulations/KerrLow/ipole/n_-1_res_160/image_torus.out0.05647.h5
   assuming source M87: ra 12.514 hr: dec 12.391 deg
Loading hdf5 image:  /project/u2grc/Nikola/newSimulations/KerrLow/ipole/n_-1_res_160/image_torus.out0.05648.h5
   assuming source M87: ra 12.514 hr: dec 12.391 deg
Loading hdf5 image:  /project/u2grc/Nikola/newSimulations/KerrLow/ipole/n_-1_res_160/image_torus.out0.05649.h5
   assuming source M87: ra 12.514 hr: dec 12.391 deg
Loading hdf5 image:  /project/u2grc/Nikola/newSimulations/KerrLow/ipole/n_-1_res_160/image_torus.out0.05650.h5
   assuming source M87: ra 12.514 hr: dec 12.391 deg
Loading hdf5 image:  /project/u2grc/Nikola/newSimulations/KerrLow/ipole/n_-1_res_160/image_torus.out0.05651.h5
   assuming source M87: ra 12.514 hr: dec 12.391 deg
Loading hdf5 image:  /project/u2grc/Nikola/newSimulations/KerrLow/ipole/n_-1_res_160/image_torus.out0.05652.h5
   assuming source M87: ra 12.514 hr: dec 12.391 deg
Loading hdf5 image:  /project/u2grc/Nikola/newSimulations/KerrLow/ipole/n_-1_res_160/image_torus.out0.05653.h5
   assuming source M87: ra 12.514 hr: dec 12.391 deg
Loading hdf5 image:  /project/u2grc/Nikola/newSimulations/KerrLow/ipole/n_-1_res_160/image_torus.out0.05654.h5
   assuming source M87: ra 12.514 hr: dec 12.391 deg
Loading hdf5 image:  /project/u2grc/Nikola/newSimulations/KerrLow/ipole/n_-1_res_160/image_torus.out0.05655.h5
   assuming source M87: ra 12.514 hr: dec 12.391 deg
Loading hdf5 image:  /project/u2grc/Nikola/newSimulations/KerrLow/ipole/n_-1_res_160/image_torus.out0.05656.h5
   assuming source M87: ra 12.514 hr: dec 12.391 deg
Loading hdf5 image:  /project/u2grc/Nikola/newSimulations/KerrLow/ipole/n_-1_res_160/image_torus.out0.05657.h5
   assuming source M87: ra 12.514 hr: dec 12.391 deg
Loading hdf5 image:  /project/u2grc/Nikola/newSimulations/KerrLow/ipole/n_-1_res_160/image_torus.out0.05658.h5
   assuming source M87: ra 12.514 hr: dec 12.391 deg
Loading hdf5 image:  /project/u2grc/Nikola/newSimulations/KerrLow/ipole/n_-1_res_160/image_torus.out0.05659.h5
   assuming source M87: ra 12.514 hr: dec 12.391 deg
Loading hdf5 image:  /project/u2grc/Nikola/newSimulations/KerrLow/ipole/n_-1_res_160/image_torus.out0.05660.h5
   assuming source M87: ra 12.514 hr: dec 12.391 deg
Loading hdf5 image:  /project/u2grc/Nikola/newSimulations/KerrLow/ipole/n_-1_res_160/image_torus.out0.05661.h5
   assuming source M87: ra 12.514 hr: dec 12.391 deg
Loading hdf5 image:  /project/u2grc/Nikola/newSimulations/KerrLow/ipole/n_-1_res_160/image_torus.out0.05662.h5
   assuming source M87: ra 12.514 hr: dec 12.391 deg
Loading hdf5 image:  /project/u2grc/Nikola/newSimulations/KerrLow/ipole/n_-1_res_160/image_torus.out0.05663.h5
   assuming source M87: ra 12.514 hr: dec 12.391 deg
Loading hdf5 image:  /project/u2grc/Nikola/newSimulations/KerrLow/ipole/n_-1_res_160/image_torus.out0.05664.h5
   assuming source M87: ra 12.514 hr: dec 12.391 deg
Loading hdf5 image:  /project/u2grc/Nikola/newSimulations/KerrLow/ipole/n_-1_res_160/image_torus.out0.05665.h5
   assuming source M87: ra 12.514 hr: dec 12.391 deg
Loading hdf5 image:  /project/u2grc/Nikola/newSimulations/KerrLow/ipole/n_-1_res_160/image_torus.out0.05666.h5
   assuming source M87: ra 12.514 hr: dec 12.391 deg
Loading hdf5 image:  /project/u2grc/Nikola/newSimulations/KerrLow/ipole/n_-1_res_160/image_torus.out0.05667.h5
   assuming source M87: ra 12.514 hr: dec 12.391 deg
Loading hdf5 image:  /project/u2grc/Nikola/newSimulations/KerrLow/ipole/n_-1_res_160/image_torus.out0.05668.h5
   assuming source M87: ra 12.514 hr: dec 12.391 deg
Loading hdf5 image:  /project/u2grc/Nikola/newSimulations/KerrLow/ipole/n_-1_res_160/image_torus.out0.05669.h5
   assuming source M87: ra 12.514 hr: dec 12.391 deg
Loading hdf5 image:  /project/u2grc/Nikola/newSimulations/KerrLow/ipole/n_-1_res_160/image_torus.out0.05670.h5
   assuming source M87: ra 12.514 hr: dec 12.391 deg
Loading hdf5 image:  /project/u2grc/Nikola/newSimulations/KerrLow/ipole/n_-1_res_160/image_torus.out0.05671.h5
   assuming source M87: ra 12.514 hr: dec 12.391 deg
Loading hdf5 image:  /project/u2grc/Nikola/newSimulations/KerrLow/ipole/n_-1_res_160/image_torus.out0.05672.h5
   assuming source M87: ra 12.514 hr: dec 12.391 deg
Loading hdf5 image:  /project/u2grc/Nikola/newSimulations/KerrLow/ipole/n_-1_res_160/image_torus.out0.05673.h5
   assuming source M87: ra 12.514 hr: dec 12.391 deg
Loading hdf5 image:  /project/u2grc/Nikola/newSimulations/KerrLow/ipole/n_-1_res_160/image_torus.out0.05674.h5
   assuming source M87: ra 12.514 hr: dec 12.391 deg
Loading hdf5 image:  /project/u2grc/Nikola/newSimulations/KerrLow/ipole/n_-1_res_160/image_torus.out0.05675.h5
   assuming source M87: ra 12.514 hr: dec 12.391 deg
Loading hdf5 image:  /project/u2grc/Nikola/newSimulations/KerrLow/ipole/n_-1_res_160/image_torus.out0.05676.h5
   assuming source M87: ra 12.514 hr: dec 12.391 deg
Loading hdf5 image:  /project/u2grc/Nikola/newSimulations/KerrLow/ipole/n_-1_res_160/image_torus.out0.05677.h5
   assuming source M87: ra 12.514 hr: dec 12.391 deg
Loading hdf5 image:  /project/u2grc/Nikola/newSimulations/KerrLow/ipole/n_-1_res_160/image_torus.out0.05678.h5
   assuming source M87: ra 12.514 hr: dec 12.391 deg
Loading hdf5 image:  /project/u2grc/Nikola/newSimulations/KerrLow/ipole/n_-1_res_160/image_torus.out0.05679.h5
   assuming source M87: ra 12.514 hr: dec 12.391 deg
Loading hdf5 image:  /project/u2grc/Nikola/newSimulations/KerrLow/ipole/n_-1_res_160/image_torus.out0.05680.h5
   assuming source M87: ra 12.514 hr: dec 12.391 deg
Loading hdf5 image:  /project/u2grc/Nikola/newSimulations/KerrLow/ipole/n_-1_res_160/image_torus.out0.05681.h5
   assuming source M87: ra 12.514 hr: dec 12.391 deg
Loading hdf5 image:  /project/u2grc/Nikola/newSimulations/KerrLow/ipole/n_-1_res_160/image_torus.out0.05682.h5
   assuming source M87: ra 12.514 hr: dec 12.391 deg
Loading hdf5 image:  /project/u2grc/Nikola/newSimulations/KerrLow/ipole/n_-1_res_160/image_torus.out0.05683.h5
   assuming source M87: ra 12.514 hr: dec 12.391 deg
Loading hdf5 image:  /project/u2grc/Nikola/newSimulations/KerrLow/ipole/n_-1_res_160/image_torus.out0.05684.h5
   assuming source M87: ra 12.514 hr: dec 12.391 deg
Loading hdf5 image:  /project/u2grc/Nikola/newSimulations/KerrLow/ipole/n_-1_res_160/image_torus.out0.05685.h5
   assuming source M87: ra 12.514 hr: dec 12.391 deg
Loading hdf5 image:  /project/u2grc/Nikola/newSimulations/KerrLow/ipole/n_-1_res_160/image_torus.out0.05686.h5
   assuming source M87: ra 12.514 hr: dec 12.391 deg
Loading hdf5 image:  /project/u2grc/Nikola/newSimulations/KerrLow/ipole/n_-1_res_160/image_torus.out0.05687.h5
   assuming source M87: ra 12.514 hr: dec 12.391 deg
Loading hdf5 image:  /project/u2grc/Nikola/newSimulations/KerrLow/ipole/n_-1_res_160/image_torus.out0.05688.h5
   assuming source M87: ra 12.514 hr: dec 12.391 deg
Loading hdf5 image:  /project/u2grc/Nikola/newSimulations/KerrLow/ipole/n_-1_res_160/image_torus.out0.05689.h5
   assuming source M87: ra 12.514 hr: dec 12.391 deg
Loading hdf5 image:  /project/u2grc/Nikola/newSimulations/KerrLow/ipole/n_-1_res_160/image_torus.out0.05690.h5
   assuming source M87: ra 12.514 hr: dec 12.391 deg
Loading hdf5 image:  /project/u2grc/Nikola/newSimulations/KerrLow/ipole/n_-1_res_160/image_torus.out0.05691.h5
   assuming source M87: ra 12.514 hr: dec 12.391 deg
Loading hdf5 image:  /project/u2grc/Nikola/newSimulations/KerrLow/ipole/n_-1_res_160/image_torus.out0.05692.h5
   assuming source M87: ra 12.514 hr: dec 12.391 deg
Loading hdf5 image:  /project/u2grc/Nikola/newSimulations/KerrLow/ipole/n_-1_res_160/image_torus.out0.05693.h5
   assuming source M87: ra 12.514 hr: dec 12.391 deg
Loading hdf5 image:  /project/u2grc/Nikola/newSimulations/KerrLow/ipole/n_-1_res_160/image_torus.out0.05694.h5
   assuming source M87: ra 12.514 hr: dec 12.391 deg
Loading hdf5 image:  /project/u2grc/Nikola/newSimulations/KerrLow/ipole/n_-1_res_160/image_torus.out0.05695.h5
   assuming source M87: ra 12.514 hr: dec 12.391 deg
Loading hdf5 image:  /project/u2grc/Nikola/newSimulations/KerrLow/ipole/n_-1_res_160/image_torus.out0.05696.h5
   assuming source M87: ra 12.514 hr: dec 12.391 deg
Loading hdf5 image:  /project/u2grc/Nikola/newSimulations/KerrLow/ipole/n_-1_res_160/image_torus.out0.05697.h5
   assuming source M87: ra 12.514 hr: dec 12.391 deg
Loading hdf5 image:  /project/u2grc/Nikola/newSimulations/KerrLow/ipole/n_-1_res_160/image_torus.out0.05698.h5
   assuming source M87: ra 12.514 hr: dec 12.391 deg
Loading hdf5 image:  /project/u2grc/Nikola/newSimulations/KerrLow/ipole/n_-1_res_160/image_torus.out0.05699.h5
   assuming source M87: ra 12.514 hr: dec 12.391 deg
Loading hdf5 image:  /project/u2grc/Nikola/newSimulations/KerrLow/ipole/n_-1_res_160/image_torus.out0.05700.h5
   assuming source M87: ra 12.514 hr: dec 12.391 deg
Loading hdf5 image:  /project/u2grc/Nikola/newSimulations/KerrLow/ipole/n_-1_res_160/image_torus.out0.05701.h5
   assuming source M87: ra 12.514 hr: dec 12.391 deg
Loading hdf5 image:  /project/u2grc/Nikola/newSimulations/KerrLow/ipole/n_-1_res_160/image_torus.out0.05702.h5
   assuming source M87: ra 12.514 hr: dec 12.391 deg
Loading hdf5 image:  /project/u2grc/Nikola/newSimulations/KerrLow/ipole/n_-1_res_160/image_torus.out0.05703.h5
   assuming source M87: ra 12.514 hr: dec 12.391 deg
Loading hdf5 image:  /project/u2grc/Nikola/newSimulations/KerrLow/ipole/n_-1_res_160/image_torus.out0.05704.h5
   assuming source M87: ra 12.514 hr: dec 12.391 deg
Loading hdf5 image:  /project/u2grc/Nikola/newSimulations/KerrLow/ipole/n_-1_res_160/image_torus.out0.05705.h5
   assuming source M87: ra 12.514 hr: dec 12.391 deg
Loading hdf5 image:  /project/u2grc/Nikola/newSimulations/KerrLow/ipole/n_-1_res_160/image_torus.out0.05706.h5
   assuming source M87: ra 12.514 hr: dec 12.391 deg
Loading hdf5 image:  /project/u2grc/Nikola/newSimulations/KerrLow/ipole/n_-1_res_160/image_torus.out0.05707.h5
   assuming source M87: ra 12.514 hr: dec 12.391 deg
Loading hdf5 image:  /project/u2grc/Nikola/newSimulations/KerrLow/ipole/n_-1_res_160/image_torus.out0.05708.h5
   assuming source M87: ra 12.514 hr: dec 12.391 deg
Loading hdf5 image:  /project/u2grc/Nikola/newSimulations/KerrLow/ipole/n_-1_res_160/image_torus.out0.05709.h5
   assuming source M87: ra 12.514 hr: dec 12.391 deg
Loading hdf5 image:  /project/u2grc/Nikola/newSimulations/KerrLow/ipole/n_-1_res_160/image_torus.out0.05710.h5
   assuming source M87: ra 12.514 hr: dec 12.391 deg
Loading hdf5 image:  /project/u2grc/Nikola/newSimulations/KerrLow/ipole/n_-1_res_160/image_torus.out0.05711.h5
   assuming source M87: ra 12.514 hr: dec 12.391 deg
Loading hdf5 image:  /project/u2grc/Nikola/newSimulations/KerrLow/ipole/n_-1_res_160/image_torus.out0.05712.h5
   assuming source M87: ra 12.514 hr: dec 12.391 deg
Loading hdf5 image:  /project/u2grc/Nikola/newSimulations/KerrLow/ipole/n_-1_res_160/image_torus.out0.05713.h5
   assuming source M87: ra 12.514 hr: dec 12.391 deg
Loading hdf5 image:  /project/u2grc/Nikola/newSimulations/KerrLow/ipole/n_-1_res_160/image_torus.out0.05714.h5
   assuming source M87: ra 12.514 hr: dec 12.391 deg
Loading hdf5 image:  /project/u2grc/Nikola/newSimulations/KerrLow/ipole/n_-1_res_160/image_torus.out0.05715.h5
   assuming source M87: ra 12.514 hr: dec 12.391 deg
Loading hdf5 image:  /project/u2grc/Nikola/newSimulations/KerrLow/ipole/n_-1_res_160/image_torus.out0.05716.h5
   assuming source M87: ra 12.514 hr: dec 12.391 deg
Loading hdf5 image:  /project/u2grc/Nikola/newSimulations/KerrLow/ipole/n_-1_res_160/image_torus.out0.05717.h5
   assuming source M87: ra 12.514 hr: dec 12.391 deg
Loading hdf5 image:  /project/u2grc/Nikola/newSimulations/KerrLow/ipole/n_-1_res_160/image_torus.out0.05718.h5
   assuming source M87: ra 12.514 hr: dec 12.391 deg
Loading hdf5 image:  /project/u2grc/Nikola/newSimulations/KerrLow/ipole/n_-1_res_160/image_torus.out0.05719.h5
   assuming source M87: ra 12.514 hr: dec 12.391 deg
Loading hdf5 image:  /project/u2grc/Nikola/newSimulations/KerrLow/ipole/n_-1_res_160/image_torus.out0.05720.h5
   assuming source M87: ra 12.514 hr: dec 12.391 deg
Loading hdf5 image:  /project/u2grc/Nikola/newSimulations/KerrLow/ipole/n_-1_res_160/image_torus.out0.05721.h5
   assuming source M87: ra 12.514 hr: dec 12.391 deg
Loading hdf5 image:  /project/u2grc/Nikola/newSimulations/KerrLow/ipole/n_-1_res_160/image_torus.out0.05722.h5
   assuming source M87: ra 12.514 hr: dec 12.391 deg
Loading hdf5 image:  /project/u2grc/Nikola/newSimulations/KerrLow/ipole/n_-1_res_160/image_torus.out0.05723.h5
   assuming source M87: ra 12.514 hr: dec 12.391 deg
Loading hdf5 image:  /project/u2grc/Nikola/newSimulations/KerrLow/ipole/n_-1_res_160/image_torus.out0.05724.h5
   assuming source M87: ra 12.514 hr: dec 12.391 deg
Loading hdf5 image:  /project/u2grc/Nikola/newSimulations/KerrLow/ipole/n_-1_res_160/image_torus.out0.05725.h5
   assuming source M87: ra 12.514 hr: dec 12.391 deg
Loading hdf5 image:  /project/u2grc/Nikola/newSimulations/KerrLow/ipole/n_-1_res_160/image_torus.out0.05726.h5
   assuming source M87: ra 12.514 hr: dec 12.391 deg
Loading hdf5 image:  /project/u2grc/Nikola/newSimulations/KerrLow/ipole/n_-1_res_160/image_torus.out0.05727.h5
   assuming source M87: ra 12.514 hr: dec 12.391 deg
Loading hdf5 image:  /project/u2grc/Nikola/newSimulations/KerrLow/ipole/n_-1_res_160/image_torus.out0.05728.h5
   assuming source M87: ra 12.514 hr: dec 12.391 deg
Loading hdf5 image:  /project/u2grc/Nikola/newSimulations/KerrLow/ipole/n_-1_res_160/image_torus.out0.05729.h5
   assuming source M87: ra 12.514 hr: dec 12.391 deg
Loading hdf5 image:  /project/u2grc/Nikola/newSimulations/KerrLow/ipole/n_-1_res_160/image_torus.out0.05730.h5
   assuming source M87: ra 12.514 hr: dec 12.391 deg
Loading hdf5 image:  /project/u2grc/Nikola/newSimulations/KerrLow/ipole/n_-1_res_160/image_torus.out0.05731.h5
   assuming source M87: ra 12.514 hr: dec 12.391 deg
Loading hdf5 image:  /project/u2grc/Nikola/newSimulations/KerrLow/ipole/n_-1_res_160/image_torus.out0.05732.h5
   assuming source M87: ra 12.514 hr: dec 12.391 deg
Loading hdf5 image:  /project/u2grc/Nikola/newSimulations/KerrLow/ipole/n_-1_res_160/image_torus.out0.05733.h5
   assuming source M87: ra 12.514 hr: dec 12.391 deg
Loading hdf5 image:  /project/u2grc/Nikola/newSimulations/KerrLow/ipole/n_-1_res_160/image_torus.out0.05734.h5
   assuming source M87: ra 12.514 hr: dec 12.391 deg
Loading hdf5 image:  /project/u2grc/Nikola/newSimulations/KerrLow/ipole/n_-1_res_160/image_torus.out0.05735.h5
   assuming source M87: ra 12.514 hr: dec 12.391 deg
Loading hdf5 image:  /project/u2grc/Nikola/newSimulations/KerrLow/ipole/n_-1_res_160/image_torus.out0.05736.h5
   assuming source M87: ra 12.514 hr: dec 12.391 deg
Loading hdf5 image:  /project/u2grc/Nikola/newSimulations/KerrLow/ipole/n_-1_res_160/image_torus.out0.05737.h5
   assuming source M87: ra 12.514 hr: dec 12.391 deg
Loading hdf5 image:  /project/u2grc/Nikola/newSimulations/KerrLow/ipole/n_-1_res_160/image_torus.out0.05738.h5
   assuming source M87: ra 12.514 hr: dec 12.391 deg
Loading hdf5 image:  /project/u2grc/Nikola/newSimulations/KerrLow/ipole/n_-1_res_160/image_torus.out0.05739.h5
   assuming source M87: ra 12.514 hr: dec 12.391 deg
Loading hdf5 image:  /project/u2grc/Nikola/newSimulations/KerrLow/ipole/n_-1_res_160/image_torus.out0.05740.h5
   assuming source M87: ra 12.514 hr: dec 12.391 deg
Loading hdf5 image:  /project/u2grc/Nikola/newSimulations/KerrLow/ipole/n_-1_res_160/image_torus.out0.05741.h5
   assuming source M87: ra 12.514 hr: dec 12.391 deg
Loading hdf5 image:  /project/u2grc/Nikola/newSimulations/KerrLow/ipole/n_-1_res_160/image_torus.out0.05742.h5
   assuming source M87: ra 12.514 hr: dec 12.391 deg
Loading hdf5 image:  /project/u2grc/Nikola/newSimulations/KerrLow/ipole/n_-1_res_160/image_torus.out0.05743.h5
   assuming source M87: ra 12.514 hr: dec 12.391 deg
Loading hdf5 image:  /project/u2grc/Nikola/newSimulations/KerrLow/ipole/n_-1_res_160/image_torus.out0.05744.h5
   assuming source M87: ra 12.514 hr: dec 12.391 deg
Loading hdf5 image:  /project/u2grc/Nikola/newSimulations/KerrLow/ipole/n_-1_res_160/image_torus.out0.05745.h5
   assuming source M87: ra 12.514 hr: dec 12.391 deg
Loading hdf5 image:  /project/u2grc/Nikola/newSimulations/KerrLow/ipole/n_-1_res_160/image_torus.out0.05746.h5
   assuming source M87: ra 12.514 hr: dec 12.391 deg
Loading hdf5 image:  /project/u2grc/Nikola/newSimulations/KerrLow/ipole/n_-1_res_160/image_torus.out0.05747.h5
   assuming source M87: ra 12.514 hr: dec 12.391 deg
Loading hdf5 image:  /project/u2grc/Nikola/newSimulations/KerrLow/ipole/n_-1_res_160/image_torus.out0.05748.h5
   assuming source M87: ra 12.514 hr: dec 12.391 deg
Loading hdf5 image:  /project/u2grc/Nikola/newSimulations/KerrLow/ipole/n_-1_res_160/image_torus.out0.05749.h5
   assuming source M87: ra 12.514 hr: dec 12.391 deg
Loading hdf5 image:  /project/u2grc/Nikola/newSimulations/KerrLow/ipole/n_-1_res_160/image_torus.out0.05750.h5
   assuming source M87: ra 12.514 hr: dec 12.391 deg
Loading hdf5 image:  /project/u2grc/Nikola/newSimulations/KerrLow/ipole/n_-1_res_160/image_torus.out0.05751.h5
   assuming source M87: ra 12.514 hr: dec 12.391 deg
Loading hdf5 image:  /project/u2grc/Nikola/newSimulations/KerrLow/ipole/n_-1_res_160/image_torus.out0.05752.h5
   assuming source M87: ra 12.514 hr: dec 12.391 deg
Loading hdf5 image:  /project/u2grc/Nikola/newSimulations/KerrLow/ipole/n_-1_res_160/image_torus.out0.05753.h5
   assuming source M87: ra 12.514 hr: dec 12.391 deg
Loading hdf5 image:  /project/u2grc/Nikola/newSimulations/KerrLow/ipole/n_-1_res_160/image_torus.out0.05754.h5
   assuming source M87: ra 12.514 hr: dec 12.391 deg
Loading hdf5 image:  /project/u2grc/Nikola/newSimulations/KerrLow/ipole/n_-1_res_160/image_torus.out0.05755.h5
   assuming source M87: ra 12.514 hr: dec 12.391 deg
Loading hdf5 image:  /project/u2grc/Nikola/newSimulations/KerrLow/ipole/n_-1_res_160/image_torus.out0.05756.h5
   assuming source M87: ra 12.514 hr: dec 12.391 deg
Loading hdf5 image:  /project/u2grc/Nikola/newSimulations/KerrLow/ipole/n_-1_res_160/image_torus.out0.05757.h5
   assuming source M87: ra 12.514 hr: dec 12.391 deg
Loading hdf5 image:  /project/u2grc/Nikola/newSimulations/KerrLow/ipole/n_-1_res_160/image_torus.out0.05758.h5
   assuming source M87: ra 12.514 hr: dec 12.391 deg
Loading hdf5 image:  /project/u2grc/Nikola/newSimulations/KerrLow/ipole/n_-1_res_160/image_torus.out0.05759.h5
   assuming source M87: ra 12.514 hr: dec 12.391 deg
Loading hdf5 image:  /project/u2grc/Nikola/newSimulations/KerrLow/ipole/n_-1_res_160/image_torus.out0.05760.h5
   assuming source M87: ra 12.514 hr: dec 12.391 deg
Loading hdf5 image:  /project/u2grc/Nikola/newSimulations/KerrLow/ipole/n_-1_res_160/image_torus.out0.05761.h5
   assuming source M87: ra 12.514 hr: dec 12.391 deg
Loading hdf5 image:  /project/u2grc/Nikola/newSimulations/KerrLow/ipole/n_-1_res_160/image_torus.out0.05762.h5
   assuming source M87: ra 12.514 hr: dec 12.391 deg
Loading hdf5 image:  /project/u2grc/Nikola/newSimulations/KerrLow/ipole/n_-1_res_160/image_torus.out0.05763.h5
   assuming source M87: ra 12.514 hr: dec 12.391 deg
Loading hdf5 image:  /project/u2grc/Nikola/newSimulations/KerrLow/ipole/n_-1_res_160/image_torus.out0.05764.h5
   assuming source M87: ra 12.514 hr: dec 12.391 deg
Loading hdf5 image:  /project/u2grc/Nikola/newSimulations/KerrLow/ipole/n_-1_res_160/image_torus.out0.05765.h5
   assuming source M87: ra 12.514 hr: dec 12.391 deg
Loading hdf5 image:  /project/u2grc/Nikola/newSimulations/KerrLow/ipole/n_-1_res_160/image_torus.out0.05766.h5
   assuming source M87: ra 12.514 hr: dec 12.391 deg
Loading hdf5 image:  /project/u2grc/Nikola/newSimulations/KerrLow/ipole/n_-1_res_160/image_torus.out0.05767.h5
   assuming source M87: ra 12.514 hr: dec 12.391 deg
Loading hdf5 image:  /project/u2grc/Nikola/newSimulations/KerrLow/ipole/n_-1_res_160/image_torus.out0.05768.h5
   assuming source M87: ra 12.514 hr: dec 12.391 deg
Loading hdf5 image:  /project/u2grc/Nikola/newSimulations/KerrLow/ipole/n_-1_res_160/image_torus.out0.05769.h5
   assuming source M87: ra 12.514 hr: dec 12.391 deg
Loading hdf5 image:  /project/u2grc/Nikola/newSimulations/KerrLow/ipole/n_-1_res_160/image_torus.out0.05770.h5
   assuming source M87: ra 12.514 hr: dec 12.391 deg
Loading hdf5 image:  /project/u2grc/Nikola/newSimulations/KerrLow/ipole/n_-1_res_160/image_torus.out0.05771.h5
   assuming source M87: ra 12.514 hr: dec 12.391 deg
Loading hdf5 image:  /project/u2grc/Nikola/newSimulations/KerrLow/ipole/n_-1_res_160/image_torus.out0.05772.h5
   assuming source M87: ra 12.514 hr: dec 12.391 deg
Loading hdf5 image:  /project/u2grc/Nikola/newSimulations/KerrLow/ipole/n_-1_res_160/image_torus.out0.05773.h5
   assuming source M87: ra 12.514 hr: dec 12.391 deg
Loading hdf5 image:  /project/u2grc/Nikola/newSimulations/KerrLow/ipole/n_-1_res_160/image_torus.out0.05774.h5
   assuming source M87: ra 12.514 hr: dec 12.391 deg
Loading hdf5 image:  /project/u2grc/Nikola/newSimulations/KerrLow/ipole/n_-1_res_160/image_torus.out0.05775.h5
   assuming source M87: ra 12.514 hr: dec 12.391 deg
Loading hdf5 image:  /project/u2grc/Nikola/newSimulations/KerrLow/ipole/n_-1_res_160/image_torus.out0.05776.h5
   assuming source M87: ra 12.514 hr: dec 12.391 deg
Loading hdf5 image:  /project/u2grc/Nikola/newSimulations/KerrLow/ipole/n_-1_res_160/image_torus.out0.05777.h5
   assuming source M87: ra 12.514 hr: dec 12.391 deg
Loading hdf5 image:  /project/u2grc/Nikola/newSimulations/KerrLow/ipole/n_-1_res_160/image_torus.out0.05778.h5
   assuming source M87: ra 12.514 hr: dec 12.391 deg
Loading hdf5 image:  /project/u2grc/Nikola/newSimulations/KerrLow/ipole/n_-1_res_160/image_torus.out0.05779.h5
   assuming source M87: ra 12.514 hr: dec 12.391 deg
Loading hdf5 image:  /project/u2grc/Nikola/newSimulations/KerrLow/ipole/n_-1_res_160/image_torus.out0.05780.h5
   assuming source M87: ra 12.514 hr: dec 12.391 deg
Loading hdf5 image:  /project/u2grc/Nikola/newSimulations/KerrLow/ipole/n_-1_res_160/image_torus.out0.05781.h5
   assuming source M87: ra 12.514 hr: dec 12.391 deg
Loading hdf5 image:  /project/u2grc/Nikola/newSimulations/KerrLow/ipole/n_-1_res_160/image_torus.out0.05782.h5
   assuming source M87: ra 12.514 hr: dec 12.391 deg
Loading hdf5 image:  /project/u2grc/Nikola/newSimulations/KerrLow/ipole/n_-1_res_160/image_torus.out0.05783.h5
   assuming source M87: ra 12.514 hr: dec 12.391 deg
Loading hdf5 image:  /project/u2grc/Nikola/newSimulations/KerrLow/ipole/n_-1_res_160/image_torus.out0.05784.h5
   assuming source M87: ra 12.514 hr: dec 12.391 deg
Loading hdf5 image:  /project/u2grc/Nikola/newSimulations/KerrLow/ipole/n_-1_res_160/image_torus.out0.05785.h5
   assuming source M87: ra 12.514 hr: dec 12.391 deg
Loading hdf5 image:  /project/u2grc/Nikola/newSimulations/KerrLow/ipole/n_-1_res_160/image_torus.out0.05786.h5
   assuming source M87: ra 12.514 hr: dec 12.391 deg
Loading hdf5 image:  /project/u2grc/Nikola/newSimulations/KerrLow/ipole/n_-1_res_160/image_torus.out0.05787.h5
   assuming source M87: ra 12.514 hr: dec 12.391 deg
Loading hdf5 image:  /project/u2grc/Nikola/newSimulations/KerrLow/ipole/n_-1_res_160/image_torus.out0.05788.h5
   assuming source M87: ra 12.514 hr: dec 12.391 deg
Loading hdf5 image:  /project/u2grc/Nikola/newSimulations/KerrLow/ipole/n_-1_res_160/image_torus.out0.05789.h5
   assuming source M87: ra 12.514 hr: dec 12.391 deg
Loading hdf5 image:  /project/u2grc/Nikola/newSimulations/KerrLow/ipole/n_-1_res_160/image_torus.out0.05790.h5
   assuming source M87: ra 12.514 hr: dec 12.391 deg
Loading hdf5 image:  /project/u2grc/Nikola/newSimulations/KerrLow/ipole/n_-1_res_160/image_torus.out0.05791.h5
   assuming source M87: ra 12.514 hr: dec 12.391 deg
Loading hdf5 image:  /project/u2grc/Nikola/newSimulations/KerrLow/ipole/n_-1_res_160/image_torus.out0.05792.h5
   assuming source M87: ra 12.514 hr: dec 12.391 deg
Loading hdf5 image:  /project/u2grc/Nikola/newSimulations/KerrLow/ipole/n_-1_res_160/image_torus.out0.05793.h5
   assuming source M87: ra 12.514 hr: dec 12.391 deg
Loading hdf5 image:  /project/u2grc/Nikola/newSimulations/KerrLow/ipole/n_-1_res_160/image_torus.out0.05794.h5
   assuming source M87: ra 12.514 hr: dec 12.391 deg
Loading hdf5 image:  /project/u2grc/Nikola/newSimulations/KerrLow/ipole/n_-1_res_160/image_torus.out0.05795.h5
   assuming source M87: ra 12.514 hr: dec 12.391 deg
Loading hdf5 image:  /project/u2grc/Nikola/newSimulations/KerrLow/ipole/n_-1_res_160/image_torus.out0.05796.h5
   assuming source M87: ra 12.514 hr: dec 12.391 deg
Loading hdf5 image:  /project/u2grc/Nikola/newSimulations/KerrLow/ipole/n_-1_res_160/image_torus.out0.05797.h5
   assuming source M87: ra 12.514 hr: dec 12.391 deg
Loading hdf5 image:  /project/u2grc/Nikola/newSimulations/KerrLow/ipole/n_-1_res_160/image_torus.out0.05798.h5
   assuming source M87: ra 12.514 hr: dec 12.391 deg
Loading hdf5 image:  /project/u2grc/Nikola/newSimulations/KerrLow/ipole/n_-1_res_160/image_torus.out0.05799.h5
   assuming source M87: ra 12.514 hr: dec 12.391 deg
Loading hdf5 image:  /project/u2grc/Nikola/newSimulations/KerrLow/ipole/n_-1_res_160/image_torus.out0.05800.h5
   assuming source M87: ra 12.514 hr: dec 12.391 deg
Loading hdf5 image:  /project/u2grc/Nikola/newSimulations/KerrLow/ipole/n_-1_res_160/image_torus.out0.05801.h5
   assuming source M87: ra 12.514 hr: dec 12.391 deg
Loading hdf5 image:  /project/u2grc/Nikola/newSimulations/KerrLow/ipole/n_-1_res_160/image_torus.out0.05802.h5
   assuming source M87: ra 12.514 hr: dec 12.391 deg
Loading hdf5 image:  /project/u2grc/Nikola/newSimulations/KerrLow/ipole/n_-1_res_160/image_torus.out0.05803.h5
   assuming source M87: ra 12.514 hr: dec 12.391 deg
Loading hdf5 image:  /project/u2grc/Nikola/newSimulations/KerrLow/ipole/n_-1_res_160/image_torus.out0.05804.h5
   assuming source M87: ra 12.514 hr: dec 12.391 deg
Loading hdf5 image:  /project/u2grc/Nikola/newSimulations/KerrLow/ipole/n_-1_res_160/image_torus.out0.05805.h5
   assuming source M87: ra 12.514 hr: dec 12.391 deg
Loading hdf5 image:  /project/u2grc/Nikola/newSimulations/KerrLow/ipole/n_-1_res_160/image_torus.out0.05806.h5
   assuming source M87: ra 12.514 hr: dec 12.391 deg
Loading hdf5 image:  /project/u2grc/Nikola/newSimulations/KerrLow/ipole/n_-1_res_160/image_torus.out0.05807.h5
   assuming source M87: ra 12.514 hr: dec 12.391 deg
Loading hdf5 image:  /project/u2grc/Nikola/newSimulations/KerrLow/ipole/n_-1_res_160/image_torus.out0.05808.h5
   assuming source M87: ra 12.514 hr: dec 12.391 deg
Loading hdf5 image:  /project/u2grc/Nikola/newSimulations/KerrLow/ipole/n_-1_res_160/image_torus.out0.05809.h5
   assuming source M87: ra 12.514 hr: dec 12.391 deg
Loading hdf5 image:  /project/u2grc/Nikola/newSimulations/KerrLow/ipole/n_-1_res_160/image_torus.out0.05810.h5
   assuming source M87: ra 12.514 hr: dec 12.391 deg
Loading hdf5 image:  /project/u2grc/Nikola/newSimulations/KerrLow/ipole/n_-1_res_160/image_torus.out0.05811.h5
   assuming source M87: ra 12.514 hr: dec 12.391 deg
Loading hdf5 image:  /project/u2grc/Nikola/newSimulations/KerrLow/ipole/n_-1_res_160/image_torus.out0.05812.h5
   assuming source M87: ra 12.514 hr: dec 12.391 deg
Loading hdf5 image:  /project/u2grc/Nikola/newSimulations/KerrLow/ipole/n_-1_res_160/image_torus.out0.05813.h5
   assuming source M87: ra 12.514 hr: dec 12.391 deg
Loading hdf5 image:  /project/u2grc/Nikola/newSimulations/KerrLow/ipole/n_-1_res_160/image_torus.out0.05814.h5
   assuming source M87: ra 12.514 hr: dec 12.391 deg
Loading hdf5 image:  /project/u2grc/Nikola/newSimulations/KerrLow/ipole/n_-1_res_160/image_torus.out0.05815.h5
   assuming source M87: ra 12.514 hr: dec 12.391 deg
Loading hdf5 image:  /project/u2grc/Nikola/newSimulations/KerrLow/ipole/n_-1_res_160/image_torus.out0.05816.h5
   assuming source M87: ra 12.514 hr: dec 12.391 deg
Loading hdf5 image:  /project/u2grc/Nikola/newSimulations/KerrLow/ipole/n_-1_res_160/image_torus.out0.05817.h5
   assuming source M87: ra 12.514 hr: dec 12.391 deg
Loading hdf5 image:  /project/u2grc/Nikola/newSimulations/KerrLow/ipole/n_-1_res_160/image_torus.out0.05818.h5
   assuming source M87: ra 12.514 hr: dec 12.391 deg
Loading hdf5 image:  /project/u2grc/Nikola/newSimulations/KerrLow/ipole/n_-1_res_160/image_torus.out0.05819.h5
   assuming source M87: ra 12.514 hr: dec 12.391 deg
Loading hdf5 image:  /project/u2grc/Nikola/newSimulations/KerrLow/ipole/n_-1_res_160/image_torus.out0.05820.h5
   assuming source M87: ra 12.514 hr: dec 12.391 deg
Loading hdf5 image:  /project/u2grc/Nikola/newSimulations/KerrLow/ipole/n_-1_res_160/image_torus.out0.05821.h5
   assuming source M87: ra 12.514 hr: dec 12.391 deg
Loading hdf5 image:  /project/u2grc/Nikola/newSimulations/KerrLow/ipole/n_-1_res_160/image_torus.out0.05822.h5
   assuming source M87: ra 12.514 hr: dec 12.391 deg
Loading hdf5 image:  /project/u2grc/Nikola/newSimulations/KerrLow/ipole/n_-1_res_160/image_torus.out0.05823.h5
   assuming source M87: ra 12.514 hr: dec 12.391 deg
Loading hdf5 image:  /project/u2grc/Nikola/newSimulations/KerrLow/ipole/n_-1_res_160/image_torus.out0.05824.h5
   assuming source M87: ra 12.514 hr: dec 12.391 deg
Loading hdf5 image:  /project/u2grc/Nikola/newSimulations/KerrLow/ipole/n_-1_res_160/image_torus.out0.05825.h5
   assuming source M87: ra 12.514 hr: dec 12.391 deg
Loading hdf5 image:  /project/u2grc/Nikola/newSimulations/KerrLow/ipole/n_-1_res_160/image_torus.out0.05826.h5
   assuming source M87: ra 12.514 hr: dec 12.391 deg
Loading hdf5 image:  /project/u2grc/Nikola/newSimulations/KerrLow/ipole/n_-1_res_160/image_torus.out0.05827.h5
   assuming source M87: ra 12.514 hr: dec 12.391 deg
Loading hdf5 image:  /project/u2grc/Nikola/newSimulations/KerrLow/ipole/n_-1_res_160/image_torus.out0.05828.h5
   assuming source M87: ra 12.514 hr: dec 12.391 deg
Loading hdf5 image:  /project/u2grc/Nikola/newSimulations/KerrLow/ipole/n_-1_res_160/image_torus.out0.05829.h5
   assuming source M87: ra 12.514 hr: dec 12.391 deg
Loading hdf5 image:  /project/u2grc/Nikola/newSimulations/KerrLow/ipole/n_-1_res_160/image_torus.out0.05830.h5
   assuming source M87: ra 12.514 hr: dec 12.391 deg
Loading hdf5 image:  /project/u2grc/Nikola/newSimulations/KerrLow/ipole/n_-1_res_160/image_torus.out0.05831.h5
   assuming source M87: ra 12.514 hr: dec 12.391 deg
Loading hdf5 image:  /project/u2grc/Nikola/newSimulations/KerrLow/ipole/n_-1_res_160/image_torus.out0.05832.h5
   assuming source M87: ra 12.514 hr: dec 12.391 deg
Loading hdf5 image:  /project/u2grc/Nikola/newSimulations/KerrLow/ipole/n_-1_res_160/image_torus.out0.05833.h5
   assuming source M87: ra 12.514 hr: dec 12.391 deg
Loading hdf5 image:  /project/u2grc/Nikola/newSimulations/KerrLow/ipole/n_-1_res_160/image_torus.out0.05834.h5
   assuming source M87: ra 12.514 hr: dec 12.391 deg
Loading hdf5 image:  /project/u2grc/Nikola/newSimulations/KerrLow/ipole/n_-1_res_160/image_torus.out0.05835.h5
   assuming source M87: ra 12.514 hr: dec 12.391 deg
Loading hdf5 image:  /project/u2grc/Nikola/newSimulations/KerrLow/ipole/n_-1_res_160/image_torus.out0.05836.h5
   assuming source M87: ra 12.514 hr: dec 12.391 deg
Loading hdf5 image:  /project/u2grc/Nikola/newSimulations/KerrLow/ipole/n_-1_res_160/image_torus.out0.05837.h5
   assuming source M87: ra 12.514 hr: dec 12.391 deg
Loading hdf5 image:  /project/u2grc/Nikola/newSimulations/KerrLow/ipole/n_-1_res_160/image_torus.out0.05838.h5
   assuming source M87: ra 12.514 hr: dec 12.391 deg
Loading hdf5 image:  /project/u2grc/Nikola/newSimulations/KerrLow/ipole/n_-1_res_160/image_torus.out0.05839.h5
   assuming source M87: ra 12.514 hr: dec 12.391 deg
Loading hdf5 image:  /project/u2grc/Nikola/newSimulations/KerrLow/ipole/n_-1_res_160/image_torus.out0.05840.h5
   assuming source M87: ra 12.514 hr: dec 12.391 deg
Loading hdf5 image:  /project/u2grc/Nikola/newSimulations/KerrLow/ipole/n_-1_res_160/image_torus.out0.05841.h5
   assuming source M87: ra 12.514 hr: dec 12.391 deg
Loading hdf5 image:  /project/u2grc/Nikola/newSimulations/KerrLow/ipole/n_-1_res_160/image_torus.out0.05842.h5
   assuming source M87: ra 12.514 hr: dec 12.391 deg
Loading hdf5 image:  /project/u2grc/Nikola/newSimulations/KerrLow/ipole/n_-1_res_160/image_torus.out0.05843.h5
   assuming source M87: ra 12.514 hr: dec 12.391 deg
Loading hdf5 image:  /project/u2grc/Nikola/newSimulations/KerrLow/ipole/n_-1_res_160/image_torus.out0.05844.h5
   assuming source M87: ra 12.514 hr: dec 12.391 deg
Loading hdf5 image:  /project/u2grc/Nikola/newSimulations/KerrLow/ipole/n_-1_res_160/image_torus.out0.05845.h5
   assuming source M87: ra 12.514 hr: dec 12.391 deg
Loading hdf5 image:  /project/u2grc/Nikola/newSimulations/KerrLow/ipole/n_-1_res_160/image_torus.out0.05846.h5
   assuming source M87: ra 12.514 hr: dec 12.391 deg
Loading hdf5 image:  /project/u2grc/Nikola/newSimulations/KerrLow/ipole/n_-1_res_160/image_torus.out0.05847.h5
   assuming source M87: ra 12.514 hr: dec 12.391 deg
Loading hdf5 image:  /project/u2grc/Nikola/newSimulations/KerrLow/ipole/n_-1_res_160/image_torus.out0.05848.h5
   assuming source M87: ra 12.514 hr: dec 12.391 deg
Loading hdf5 image:  /project/u2grc/Nikola/newSimulations/KerrLow/ipole/n_-1_res_160/image_torus.out0.05849.h5
   assuming source M87: ra 12.514 hr: dec 12.391 deg
Loading hdf5 image:  /project/u2grc/Nikola/newSimulations/KerrLow/ipole/n_-1_res_160/image_torus.out0.05850.h5
   assuming source M87: ra 12.514 hr: dec 12.391 deg
Loading hdf5 image:  /project/u2grc/Nikola/newSimulations/KerrLow/ipole/n_-1_res_160/image_torus.out0.05851.h5
   assuming source M87: ra 12.514 hr: dec 12.391 deg
Loading hdf5 image:  /project/u2grc/Nikola/newSimulations/KerrLow/ipole/n_-1_res_160/image_torus.out0.05852.h5
   assuming source M87: ra 12.514 hr: dec 12.391 deg
Loading hdf5 image:  /project/u2grc/Nikola/newSimulations/KerrLow/ipole/n_-1_res_160/image_torus.out0.05853.h5
   assuming source M87: ra 12.514 hr: dec 12.391 deg
Loading hdf5 image:  /project/u2grc/Nikola/newSimulations/KerrLow/ipole/n_-1_res_160/image_torus.out0.05854.h5
   assuming source M87: ra 12.514 hr: dec 12.391 deg
Loading hdf5 image:  /project/u2grc/Nikola/newSimulations/KerrLow/ipole/n_-1_res_160/image_torus.out0.05855.h5
   assuming source M87: ra 12.514 hr: dec 12.391 deg
Loading hdf5 image:  /project/u2grc/Nikola/newSimulations/KerrLow/ipole/n_-1_res_160/image_torus.out0.05856.h5
   assuming source M87: ra 12.514 hr: dec 12.391 deg
Loading hdf5 image:  /project/u2grc/Nikola/newSimulations/KerrLow/ipole/n_-1_res_160/image_torus.out0.05857.h5
   assuming source M87: ra 12.514 hr: dec 12.391 deg
Loading hdf5 image:  /project/u2grc/Nikola/newSimulations/KerrLow/ipole/n_-1_res_160/image_torus.out0.05858.h5
   assuming source M87: ra 12.514 hr: dec 12.391 deg
Loading hdf5 image:  /project/u2grc/Nikola/newSimulations/KerrLow/ipole/n_-1_res_160/image_torus.out0.05859.h5
   assuming source M87: ra 12.514 hr: dec 12.391 deg
Loading hdf5 image:  /project/u2grc/Nikola/newSimulations/KerrLow/ipole/n_-1_res_160/image_torus.out0.05860.h5
   assuming source M87: ra 12.514 hr: dec 12.391 deg
Loading hdf5 image:  /project/u2grc/Nikola/newSimulations/KerrLow/ipole/n_-1_res_160/image_torus.out0.05861.h5
   assuming source M87: ra 12.514 hr: dec 12.391 deg
Loading hdf5 image:  /project/u2grc/Nikola/newSimulations/KerrLow/ipole/n_-1_res_160/image_torus.out0.05862.h5
   assuming source M87: ra 12.514 hr: dec 12.391 deg
Loading hdf5 image:  /project/u2grc/Nikola/newSimulations/KerrLow/ipole/n_-1_res_160/image_torus.out0.05863.h5
   assuming source M87: ra 12.514 hr: dec 12.391 deg
Loading hdf5 image:  /project/u2grc/Nikola/newSimulations/KerrLow/ipole/n_-1_res_160/image_torus.out0.05864.h5
   assuming source M87: ra 12.514 hr: dec 12.391 deg
Loading hdf5 image:  /project/u2grc/Nikola/newSimulations/KerrLow/ipole/n_-1_res_160/image_torus.out0.05865.h5
   assuming source M87: ra 12.514 hr: dec 12.391 deg
Loading hdf5 image:  /project/u2grc/Nikola/newSimulations/KerrLow/ipole/n_-1_res_160/image_torus.out0.05866.h5
   assuming source M87: ra 12.514 hr: dec 12.391 deg
Loading hdf5 image:  /project/u2grc/Nikola/newSimulations/KerrLow/ipole/n_-1_res_160/image_torus.out0.05867.h5
   assuming source M87: ra 12.514 hr: dec 12.391 deg
Loading hdf5 image:  /project/u2grc/Nikola/newSimulations/KerrLow/ipole/n_-1_res_160/image_torus.out0.05868.h5
   assuming source M87: ra 12.514 hr: dec 12.391 deg
Loading hdf5 image:  /project/u2grc/Nikola/newSimulations/KerrLow/ipole/n_-1_res_160/image_torus.out0.05869.h5
   assuming source M87: ra 12.514 hr: dec 12.391 deg
Loading hdf5 image:  /project/u2grc/Nikola/newSimulations/KerrLow/ipole/n_-1_res_160/image_torus.out0.05870.h5
   assuming source M87: ra 12.514 hr: dec 12.391 deg
Loading hdf5 image:  /project/u2grc/Nikola/newSimulations/KerrLow/ipole/n_-1_res_160/image_torus.out0.05871.h5
   assuming source M87: ra 12.514 hr: dec 12.391 deg
Loading hdf5 image:  /project/u2grc/Nikola/newSimulations/KerrLow/ipole/n_-1_res_160/image_torus.out0.05872.h5
   assuming source M87: ra 12.514 hr: dec 12.391 deg
Loading hdf5 image:  /project/u2grc/Nikola/newSimulations/KerrLow/ipole/n_-1_res_160/image_torus.out0.05873.h5
   assuming source M87: ra 12.514 hr: dec 12.391 deg
Loading hdf5 image:  /project/u2grc/Nikola/newSimulations/KerrLow/ipole/n_-1_res_160/image_torus.out0.05874.h5
   assuming source M87: ra 12.514 hr: dec 12.391 deg
Loading hdf5 image:  /project/u2grc/Nikola/newSimulations/KerrLow/ipole/n_-1_res_160/image_torus.out0.05875.h5
   assuming source M87: ra 12.514 hr: dec 12.391 deg
Loading hdf5 image:  /project/u2grc/Nikola/newSimulations/KerrLow/ipole/n_-1_res_160/image_torus.out0.05876.h5
   assuming source M87: ra 12.514 hr: dec 12.391 deg
Loading hdf5 image:  /project/u2grc/Nikola/newSimulations/KerrLow/ipole/n_-1_res_160/image_torus.out0.05877.h5
   assuming source M87: ra 12.514 hr: dec 12.391 deg
Loading hdf5 image:  /project/u2grc/Nikola/newSimulations/KerrLow/ipole/n_-1_res_160/image_torus.out0.05878.h5
   assuming source M87: ra 12.514 hr: dec 12.391 deg
Loading hdf5 image:  /project/u2grc/Nikola/newSimulations/KerrLow/ipole/n_-1_res_160/image_torus.out0.05879.h5
   assuming source M87: ra 12.514 hr: dec 12.391 deg
Loading hdf5 image:  /project/u2grc/Nikola/newSimulations/KerrLow/ipole/n_-1_res_160/image_torus.out0.05880.h5
   assuming source M87: ra 12.514 hr: dec 12.391 deg
Loading hdf5 image:  /project/u2grc/Nikola/newSimulations/KerrLow/ipole/n_-1_res_160/image_torus.out0.05881.h5
   assuming source M87: ra 12.514 hr: dec 12.391 deg
Loading hdf5 image:  /project/u2grc/Nikola/newSimulations/KerrLow/ipole/n_-1_res_160/image_torus.out0.05882.h5
   assuming source M87: ra 12.514 hr: dec 12.391 deg
Loading hdf5 image:  /project/u2grc/Nikola/newSimulations/KerrLow/ipole/n_-1_res_160/image_torus.out0.05883.h5
   assuming source M87: ra 12.514 hr: dec 12.391 deg
Loading hdf5 image:  /project/u2grc/Nikola/newSimulations/KerrLow/ipole/n_-1_res_160/image_torus.out0.05884.h5
   assuming source M87: ra 12.514 hr: dec 12.391 deg
Loading hdf5 image:  /project/u2grc/Nikola/newSimulations/KerrLow/ipole/n_-1_res_160/image_torus.out0.05885.h5
   assuming source M87: ra 12.514 hr: dec 12.391 deg
Loading hdf5 image:  /project/u2grc/Nikola/newSimulations/KerrLow/ipole/n_-1_res_160/image_torus.out0.05886.h5
   assuming source M87: ra 12.514 hr: dec 12.391 deg
Loading hdf5 image:  /project/u2grc/Nikola/newSimulations/KerrLow/ipole/n_-1_res_160/image_torus.out0.05887.h5
   assuming source M87: ra 12.514 hr: dec 12.391 deg
Loading hdf5 image:  /project/u2grc/Nikola/newSimulations/KerrLow/ipole/n_-1_res_160/image_torus.out0.05888.h5
   assuming source M87: ra 12.514 hr: dec 12.391 deg
Loading hdf5 image:  /project/u2grc/Nikola/newSimulations/KerrLow/ipole/n_-1_res_160/image_torus.out0.05889.h5
   assuming source M87: ra 12.514 hr: dec 12.391 deg
Loading hdf5 image:  /project/u2grc/Nikola/newSimulations/KerrLow/ipole/n_-1_res_160/image_torus.out0.05890.h5
   assuming source M87: ra 12.514 hr: dec 12.391 deg
Loading hdf5 image:  /project/u2grc/Nikola/newSimulations/KerrLow/ipole/n_-1_res_160/image_torus.out0.05891.h5
   assuming source M87: ra 12.514 hr: dec 12.391 deg
Loading hdf5 image:  /project/u2grc/Nikola/newSimulations/KerrLow/ipole/n_-1_res_160/image_torus.out0.05892.h5
   assuming source M87: ra 12.514 hr: dec 12.391 deg
Loading hdf5 image:  /project/u2grc/Nikola/newSimulations/KerrLow/ipole/n_-1_res_160/image_torus.out0.05893.h5
   assuming source M87: ra 12.514 hr: dec 12.391 deg
Loading hdf5 image:  /project/u2grc/Nikola/newSimulations/KerrLow/ipole/n_-1_res_160/image_torus.out0.05894.h5
   assuming source M87: ra 12.514 hr: dec 12.391 deg
Loading hdf5 image:  /project/u2grc/Nikola/newSimulations/KerrLow/ipole/n_-1_res_160/image_torus.out0.05895.h5
   assuming source M87: ra 12.514 hr: dec 12.391 deg
Loading hdf5 image:  /project/u2grc/Nikola/newSimulations/KerrLow/ipole/n_-1_res_160/image_torus.out0.05896.h5
   assuming source M87: ra 12.514 hr: dec 12.391 deg
Loading hdf5 image:  /project/u2grc/Nikola/newSimulations/KerrLow/ipole/n_-1_res_160/image_torus.out0.05897.h5
   assuming source M87: ra 12.514 hr: dec 12.391 deg
Loading hdf5 image:  /project/u2grc/Nikola/newSimulations/KerrLow/ipole/n_-1_res_160/image_torus.out0.05898.h5
   assuming source M87: ra 12.514 hr: dec 12.391 deg
Loading hdf5 image:  /project/u2grc/Nikola/newSimulations/KerrLow/ipole/n_-1_res_160/image_torus.out0.05899.h5
   assuming source M87: ra 12.514 hr: dec 12.391 deg
Loading hdf5 image:  /project/u2grc/Nikola/newSimulations/KerrLow/ipole/n_-1_res_160/image_torus.out0.05900.h5
   assuming source M87: ra 12.514 hr: dec 12.391 deg
Loading hdf5 image:  /project/u2grc/Nikola/newSimulations/KerrLow/ipole/n_-1_res_160/image_torus.out0.05901.h5
   assuming source M87: ra 12.514 hr: dec 12.391 deg
Loading hdf5 image:  /project/u2grc/Nikola/newSimulations/KerrLow/ipole/n_-1_res_160/image_torus.out0.05902.h5
   assuming source M87: ra 12.514 hr: dec 12.391 deg
Loading hdf5 image:  /project/u2grc/Nikola/newSimulations/KerrLow/ipole/n_-1_res_160/image_torus.out0.05903.h5
   assuming source M87: ra 12.514 hr: dec 12.391 deg
Loading hdf5 image:  /project/u2grc/Nikola/newSimulations/KerrLow/ipole/n_-1_res_160/image_torus.out0.05904.h5
   assuming source M87: ra 12.514 hr: dec 12.391 deg
Loading hdf5 image:  /project/u2grc/Nikola/newSimulations/KerrLow/ipole/n_-1_res_160/image_torus.out0.05905.h5
   assuming source M87: ra 12.514 hr: dec 12.391 deg
Loading hdf5 image:  /project/u2grc/Nikola/newSimulations/KerrLow/ipole/n_-1_res_160/image_torus.out0.05906.h5
   assuming source M87: ra 12.514 hr: dec 12.391 deg
Loading hdf5 image:  /project/u2grc/Nikola/newSimulations/KerrLow/ipole/n_-1_res_160/image_torus.out0.05907.h5
   assuming source M87: ra 12.514 hr: dec 12.391 deg
Loading hdf5 image:  /project/u2grc/Nikola/newSimulations/KerrLow/ipole/n_-1_res_160/image_torus.out0.05908.h5
   assuming source M87: ra 12.514 hr: dec 12.391 deg
Loading hdf5 image:  /project/u2grc/Nikola/newSimulations/KerrLow/ipole/n_-1_res_160/image_torus.out0.05909.h5
   assuming source M87: ra 12.514 hr: dec 12.391 deg
Loading hdf5 image:  /project/u2grc/Nikola/newSimulations/KerrLow/ipole/n_-1_res_160/image_torus.out0.05910.h5
   assuming source M87: ra 12.514 hr: dec 12.391 deg
Loading hdf5 image:  /project/u2grc/Nikola/newSimulations/KerrLow/ipole/n_-1_res_160/image_torus.out0.05911.h5
   assuming source M87: ra 12.514 hr: dec 12.391 deg
Loading hdf5 image:  /project/u2grc/Nikola/newSimulations/KerrLow/ipole/n_-1_res_160/image_torus.out0.05912.h5
   assuming source M87: ra 12.514 hr: dec 12.391 deg
Loading hdf5 image:  /project/u2grc/Nikola/newSimulations/KerrLow/ipole/n_-1_res_160/image_torus.out0.05913.h5
   assuming source M87: ra 12.514 hr: dec 12.391 deg
Loading hdf5 image:  /project/u2grc/Nikola/newSimulations/KerrLow/ipole/n_-1_res_160/image_torus.out0.05914.h5
   assuming source M87: ra 12.514 hr: dec 12.391 deg
Loading hdf5 image:  /project/u2grc/Nikola/newSimulations/KerrLow/ipole/n_-1_res_160/image_torus.out0.05915.h5
   assuming source M87: ra 12.514 hr: dec 12.391 deg
Loading hdf5 image:  /project/u2grc/Nikola/newSimulations/KerrLow/ipole/n_-1_res_160/image_torus.out0.05916.h5
   assuming source M87: ra 12.514 hr: dec 12.391 deg
Loading hdf5 image:  /project/u2grc/Nikola/newSimulations/KerrLow/ipole/n_-1_res_160/image_torus.out0.05917.h5
   assuming source M87: ra 12.514 hr: dec 12.391 deg
Loading hdf5 image:  /project/u2grc/Nikola/newSimulations/KerrLow/ipole/n_-1_res_160/image_torus.out0.05918.h5
   assuming source M87: ra 12.514 hr: dec 12.391 deg
Loading hdf5 image:  /project/u2grc/Nikola/newSimulations/KerrLow/ipole/n_-1_res_160/image_torus.out0.05919.h5
   assuming source M87: ra 12.514 hr: dec 12.391 deg
Loading hdf5 image:  /project/u2grc/Nikola/newSimulations/KerrLow/ipole/n_-1_res_160/image_torus.out0.05920.h5
   assuming source M87: ra 12.514 hr: dec 12.391 deg
Loading hdf5 image:  /project/u2grc/Nikola/newSimulations/KerrLow/ipole/n_-1_res_160/image_torus.out0.05921.h5
   assuming source M87: ra 12.514 hr: dec 12.391 deg
Loading hdf5 image:  /project/u2grc/Nikola/newSimulations/KerrLow/ipole/n_-1_res_160/image_torus.out0.05922.h5
   assuming source M87: ra 12.514 hr: dec 12.391 deg
Loading hdf5 image:  /project/u2grc/Nikola/newSimulations/KerrLow/ipole/n_-1_res_160/image_torus.out0.05923.h5
   assuming source M87: ra 12.514 hr: dec 12.391 deg
Loading hdf5 image:  /project/u2grc/Nikola/newSimulations/KerrLow/ipole/n_-1_res_160/image_torus.out0.05924.h5
   assuming source M87: ra 12.514 hr: dec 12.391 deg
Loading hdf5 image:  /project/u2grc/Nikola/newSimulations/KerrLow/ipole/n_-1_res_160/image_torus.out0.05925.h5
   assuming source M87: ra 12.514 hr: dec 12.391 deg
Loading hdf5 image:  /project/u2grc/Nikola/newSimulations/KerrLow/ipole/n_-1_res_160/image_torus.out0.05926.h5
   assuming source M87: ra 12.514 hr: dec 12.391 deg
Loading hdf5 image:  /project/u2grc/Nikola/newSimulations/KerrLow/ipole/n_-1_res_160/image_torus.out0.05927.h5
   assuming source M87: ra 12.514 hr: dec 12.391 deg
Loading hdf5 image:  /project/u2grc/Nikola/newSimulations/KerrLow/ipole/n_-1_res_160/image_torus.out0.05928.h5
   assuming source M87: ra 12.514 hr: dec 12.391 deg
Loading hdf5 image:  /project/u2grc/Nikola/newSimulations/KerrLow/ipole/n_-1_res_160/image_torus.out0.05929.h5
   assuming source M87: ra 12.514 hr: dec 12.391 deg
Loading hdf5 image:  /project/u2grc/Nikola/newSimulations/KerrLow/ipole/n_-1_res_160/image_torus.out0.05930.h5
   assuming source M87: ra 12.514 hr: dec 12.391 deg
Loading hdf5 image:  /project/u2grc/Nikola/newSimulations/KerrLow/ipole/n_-1_res_160/image_torus.out0.05931.h5
   assuming source M87: ra 12.514 hr: dec 12.391 deg
Loading hdf5 image:  /project/u2grc/Nikola/newSimulations/KerrLow/ipole/n_-1_res_160/image_torus.out0.05932.h5
   assuming source M87: ra 12.514 hr: dec 12.391 deg
Loading hdf5 image:  /project/u2grc/Nikola/newSimulations/KerrLow/ipole/n_-1_res_160/image_torus.out0.05933.h5
   assuming source M87: ra 12.514 hr: dec 12.391 deg
Loading hdf5 image:  /project/u2grc/Nikola/newSimulations/KerrLow/ipole/n_-1_res_160/image_torus.out0.05934.h5
   assuming source M87: ra 12.514 hr: dec 12.391 deg
Loading hdf5 image:  /project/u2grc/Nikola/newSimulations/KerrLow/ipole/n_-1_res_160/image_torus.out0.05935.h5
   assuming source M87: ra 12.514 hr: dec 12.391 deg
Loading hdf5 image:  /project/u2grc/Nikola/newSimulations/KerrLow/ipole/n_-1_res_160/image_torus.out0.05936.h5
   assuming source M87: ra 12.514 hr: dec 12.391 deg
Loading hdf5 image:  /project/u2grc/Nikola/newSimulations/KerrLow/ipole/n_-1_res_160/image_torus.out0.05937.h5
   assuming source M87: ra 12.514 hr: dec 12.391 deg
Loading hdf5 image:  /project/u2grc/Nikola/newSimulations/KerrLow/ipole/n_-1_res_160/image_torus.out0.05938.h5
   assuming source M87: ra 12.514 hr: dec 12.391 deg
Loading hdf5 image:  /project/u2grc/Nikola/newSimulations/KerrLow/ipole/n_-1_res_160/image_torus.out0.05939.h5
   assuming source M87: ra 12.514 hr: dec 12.391 deg
Loading hdf5 image:  /project/u2grc/Nikola/newSimulations/KerrLow/ipole/n_-1_res_160/image_torus.out0.05940.h5
   assuming source M87: ra 12.514 hr: dec 12.391 deg
Loading hdf5 image:  /project/u2grc/Nikola/newSimulations/KerrLow/ipole/n_-1_res_160/image_torus.out0.05941.h5
   assuming source M87: ra 12.514 hr: dec 12.391 deg
Loading hdf5 image:  /project/u2grc/Nikola/newSimulations/KerrLow/ipole/n_-1_res_160/image_torus.out0.05942.h5
   assuming source M87: ra 12.514 hr: dec 12.391 deg
Loading hdf5 image:  /project/u2grc/Nikola/newSimulations/KerrLow/ipole/n_-1_res_160/image_torus.out0.05943.h5
   assuming source M87: ra 12.514 hr: dec 12.391 deg
Loading hdf5 image:  /project/u2grc/Nikola/newSimulations/KerrLow/ipole/n_-1_res_160/image_torus.out0.05944.h5
   assuming source M87: ra 12.514 hr: dec 12.391 deg
Loading hdf5 image:  /project/u2grc/Nikola/newSimulations/KerrLow/ipole/n_-1_res_160/image_torus.out0.05945.h5
   assuming source M87: ra 12.514 hr: dec 12.391 deg
Loading hdf5 image:  /project/u2grc/Nikola/newSimulations/KerrLow/ipole/n_-1_res_160/image_torus.out0.05946.h5
   assuming source M87: ra 12.514 hr: dec 12.391 deg
Loading hdf5 image:  /project/u2grc/Nikola/newSimulations/KerrLow/ipole/n_-1_res_160/image_torus.out0.05947.h5
   assuming source M87: ra 12.514 hr: dec 12.391 deg
Loading hdf5 image:  /project/u2grc/Nikola/newSimulations/KerrLow/ipole/n_-1_res_160/image_torus.out0.05948.h5
   assuming source M87: ra 12.514 hr: dec 12.391 deg
Loading hdf5 image:  /project/u2grc/Nikola/newSimulations/KerrLow/ipole/n_-1_res_160/image_torus.out0.05949.h5
   assuming source M87: ra 12.514 hr: dec 12.391 deg
Loading hdf5 image:  /project/u2grc/Nikola/newSimulations/KerrLow/ipole/n_-1_res_160/image_torus.out0.05950.h5
   assuming source M87: ra 12.514 hr: dec 12.391 deg
Loading hdf5 image:  /project/u2grc/Nikola/newSimulations/KerrLow/ipole/n_-1_res_160/image_torus.out0.05951.h5
   assuming source M87: ra 12.514 hr: dec 12.391 deg
Loading hdf5 image:  /project/u2grc/Nikola/newSimulations/KerrLow/ipole/n_-1_res_160/image_torus.out0.05952.h5
   assuming source M87: ra 12.514 hr: dec 12.391 deg
Loading hdf5 image:  /project/u2grc/Nikola/newSimulations/KerrLow/ipole/n_-1_res_160/image_torus.out0.05953.h5
   assuming source M87: ra 12.514 hr: dec 12.391 deg
Loading hdf5 image:  /project/u2grc/Nikola/newSimulations/KerrLow/ipole/n_-1_res_160/image_torus.out0.05954.h5
   assuming source M87: ra 12.514 hr: dec 12.391 deg
Loading hdf5 image:  /project/u2grc/Nikola/newSimulations/KerrLow/ipole/n_-1_res_160/image_torus.out0.05955.h5
   assuming source M87: ra 12.514 hr: dec 12.391 deg
Loading hdf5 image:  /project/u2grc/Nikola/newSimulations/KerrLow/ipole/n_-1_res_160/image_torus.out0.05956.h5
   assuming source M87: ra 12.514 hr: dec 12.391 deg
Loading hdf5 image:  /project/u2grc/Nikola/newSimulations/KerrLow/ipole/n_-1_res_160/image_torus.out0.05957.h5
   assuming source M87: ra 12.514 hr: dec 12.391 deg
Loading hdf5 image:  /project/u2grc/Nikola/newSimulations/KerrLow/ipole/n_-1_res_160/image_torus.out0.05958.h5
   assuming source M87: ra 12.514 hr: dec 12.391 deg
Loading hdf5 image:  /project/u2grc/Nikola/newSimulations/KerrLow/ipole/n_-1_res_160/image_torus.out0.05959.h5
   assuming source M87: ra 12.514 hr: dec 12.391 deg
Loading hdf5 image:  /project/u2grc/Nikola/newSimulations/KerrLow/ipole/n_-1_res_160/image_torus.out0.05960.h5
   assuming source M87: ra 12.514 hr: dec 12.391 deg
Loading hdf5 image:  /project/u2grc/Nikola/newSimulations/KerrLow/ipole/n_-1_res_160/image_torus.out0.05961.h5
   assuming source M87: ra 12.514 hr: dec 12.391 deg
Loading hdf5 image:  /project/u2grc/Nikola/newSimulations/KerrLow/ipole/n_-1_res_160/image_torus.out0.05962.h5
   assuming source M87: ra 12.514 hr: dec 12.391 deg
Loading hdf5 image:  /project/u2grc/Nikola/newSimulations/KerrLow/ipole/n_-1_res_160/image_torus.out0.05963.h5
   assuming source M87: ra 12.514 hr: dec 12.391 deg
Loading hdf5 image:  /project/u2grc/Nikola/newSimulations/KerrLow/ipole/n_-1_res_160/image_torus.out0.05964.h5
   assuming source M87: ra 12.514 hr: dec 12.391 deg
Loading hdf5 image:  /project/u2grc/Nikola/newSimulations/KerrLow/ipole/n_-1_res_160/image_torus.out0.05965.h5
   assuming source M87: ra 12.514 hr: dec 12.391 deg
Loading hdf5 image:  /project/u2grc/Nikola/newSimulations/KerrLow/ipole/n_-1_res_160/image_torus.out0.05966.h5
   assuming source M87: ra 12.514 hr: dec 12.391 deg
Loading hdf5 image:  /project/u2grc/Nikola/newSimulations/KerrLow/ipole/n_-1_res_160/image_torus.out0.05967.h5
   assuming source M87: ra 12.514 hr: dec 12.391 deg
Loading hdf5 image:  /project/u2grc/Nikola/newSimulations/KerrLow/ipole/n_-1_res_160/image_torus.out0.05968.h5
   assuming source M87: ra 12.514 hr: dec 12.391 deg
Loading hdf5 image:  /project/u2grc/Nikola/newSimulations/KerrLow/ipole/n_-1_res_160/image_torus.out0.05969.h5
   assuming source M87: ra 12.514 hr: dec 12.391 deg
Loading hdf5 image:  /project/u2grc/Nikola/newSimulations/KerrLow/ipole/n_-1_res_160/image_torus.out0.05970.h5
   assuming source M87: ra 12.514 hr: dec 12.391 deg
Loading hdf5 image:  /project/u2grc/Nikola/newSimulations/KerrLow/ipole/n_-1_res_160/image_torus.out0.05971.h5
   assuming source M87: ra 12.514 hr: dec 12.391 deg
Loading hdf5 image:  /project/u2grc/Nikola/newSimulations/KerrLow/ipole/n_-1_res_160/image_torus.out0.05972.h5
   assuming source M87: ra 12.514 hr: dec 12.391 deg
Loading hdf5 image:  /project/u2grc/Nikola/newSimulations/KerrLow/ipole/n_-1_res_160/image_torus.out0.05973.h5
   assuming source M87: ra 12.514 hr: dec 12.391 deg
Loading hdf5 image:  /project/u2grc/Nikola/newSimulations/KerrLow/ipole/n_-1_res_160/image_torus.out0.05974.h5
   assuming source M87: ra 12.514 hr: dec 12.391 deg
Loading hdf5 image:  /project/u2grc/Nikola/newSimulations/KerrLow/ipole/n_-1_res_160/image_torus.out0.05975.h5
   assuming source M87: ra 12.514 hr: dec 12.391 deg
Loading hdf5 image:  /project/u2grc/Nikola/newSimulations/KerrLow/ipole/n_-1_res_160/image_torus.out0.05976.h5
   assuming source M87: ra 12.514 hr: dec 12.391 deg
Loading hdf5 image:  /project/u2grc/Nikola/newSimulations/KerrLow/ipole/n_-1_res_160/image_torus.out0.05977.h5
   assuming source M87: ra 12.514 hr: dec 12.391 deg
Loading hdf5 image:  /project/u2grc/Nikola/newSimulations/KerrLow/ipole/n_-1_res_160/image_torus.out0.05978.h5
   assuming source M87: ra 12.514 hr: dec 12.391 deg
Loading hdf5 image:  /project/u2grc/Nikola/newSimulations/KerrLow/ipole/n_-1_res_160/image_torus.out0.05979.h5
   assuming source M87: ra 12.514 hr: dec 12.391 deg
Loading hdf5 image:  /project/u2grc/Nikola/newSimulations/KerrLow/ipole/n_-1_res_160/image_torus.out0.05980.h5
   assuming source M87: ra 12.514 hr: dec 12.391 deg
Loading hdf5 image:  /project/u2grc/Nikola/newSimulations/KerrLow/ipole/n_-1_res_160/image_torus.out0.05981.h5
   assuming source M87: ra 12.514 hr: dec 12.391 deg
Loading hdf5 image:  /project/u2grc/Nikola/newSimulations/KerrLow/ipole/n_-1_res_160/image_torus.out0.05982.h5
   assuming source M87: ra 12.514 hr: dec 12.391 deg
Loading hdf5 image:  /project/u2grc/Nikola/newSimulations/KerrLow/ipole/n_-1_res_160/image_torus.out0.05983.h5
   assuming source M87: ra 12.514 hr: dec 12.391 deg
Loading hdf5 image:  /project/u2grc/Nikola/newSimulations/KerrLow/ipole/n_-1_res_160/image_torus.out0.05984.h5
   assuming source M87: ra 12.514 hr: dec 12.391 deg
Loading hdf5 image:  /project/u2grc/Nikola/newSimulations/KerrLow/ipole/n_-1_res_160/image_torus.out0.05985.h5
   assuming source M87: ra 12.514 hr: dec 12.391 deg
Loading hdf5 image:  /project/u2grc/Nikola/newSimulations/KerrLow/ipole/n_-1_res_160/image_torus.out0.05986.h5
   assuming source M87: ra 12.514 hr: dec 12.391 deg
Loading hdf5 image:  /project/u2grc/Nikola/newSimulations/KerrLow/ipole/n_-1_res_160/image_torus.out0.05987.h5
   assuming source M87: ra 12.514 hr: dec 12.391 deg
Loading hdf5 image:  /project/u2grc/Nikola/newSimulations/KerrLow/ipole/n_-1_res_160/image_torus.out0.05988.h5
   assuming source M87: ra 12.514 hr: dec 12.391 deg
Loading hdf5 image:  /project/u2grc/Nikola/newSimulations/KerrLow/ipole/n_-1_res_160/image_torus.out0.05989.h5
   assuming source M87: ra 12.514 hr: dec 12.391 deg
Loading hdf5 image:  /project/u2grc/Nikola/newSimulations/KerrLow/ipole/n_-1_res_160/image_torus.out0.05990.h5
   assuming source M87: ra 12.514 hr: dec 12.391 deg
Loading hdf5 image:  /project/u2grc/Nikola/newSimulations/KerrLow/ipole/n_-1_res_160/image_torus.out0.05991.h5
   assuming source M87: ra 12.514 hr: dec 12.391 deg
Loading hdf5 image:  /project/u2grc/Nikola/newSimulations/KerrLow/ipole/n_-1_res_160/image_torus.out0.05992.h5
   assuming source M87: ra 12.514 hr: dec 12.391 deg
Loading hdf5 image:  /project/u2grc/Nikola/newSimulations/KerrLow/ipole/n_-1_res_160/image_torus.out0.05993.h5
   assuming source M87: ra 12.514 hr: dec 12.391 deg
Loading hdf5 image:  /project/u2grc/Nikola/newSimulations/KerrLow/ipole/n_-1_res_160/image_torus.out0.05994.h5
   assuming source M87: ra 12.514 hr: dec 12.391 deg
Loading hdf5 image:  /project/u2grc/Nikola/newSimulations/KerrLow/ipole/n_-1_res_160/image_torus.out0.05995.h5
   assuming source M87: ra 12.514 hr: dec 12.391 deg
Loading hdf5 image:  /project/u2grc/Nikola/newSimulations/KerrLow/ipole/n_-1_res_160/image_torus.out0.05996.h5
   assuming source M87: ra 12.514 hr: dec 12.391 deg
Loading hdf5 image:  /project/u2grc/Nikola/newSimulations/KerrLow/ipole/n_-1_res_160/image_torus.out0.05997.h5
   assuming source M87: ra 12.514 hr: dec 12.391 deg
Loading hdf5 image:  /project/u2grc/Nikola/newSimulations/KerrLow/ipole/n_-1_res_160/image_torus.out0.05998.h5
   assuming source M87: ra 12.514 hr: dec 12.391 deg
Loading hdf5 image:  /project/u2grc/Nikola/newSimulations/KerrLow/ipole/n_-1_res_160/image_torus.out0.05999.h5
   assuming source M87: ra 12.514 hr: dec 12.391 deg
